2025-04-25 23:59:10,703 - ERROR - Division by zero error: division by zero
2025-04-26 00:01:27,316 - ERROR - This is an error
2025-04-26 00:01:27,317 - CRITICAL - This is critical
2025-04-26 00:01:39,745 - ERROR - This is an error
2025-04-26 00:01:39,745 - CRITICAL - This is critical
2025-04-26 00:29:40,681 - ERROR - An error occurred: division by zero
2025-04-26 00:39:14,096 - INFO - This is log message number 0
2025-04-26 00:39:14,101 - INFO - This is log message number 1
2025-04-26 00:39:14,101 - INFO - This is log message number 2
2025-04-26 00:39:14,103 - INFO - This is log message number 3
2025-04-26 00:39:14,103 - INFO - This is log message number 4
2025-04-26 00:39:14,103 - INFO - This is log message number 5
2025-04-26 00:39:14,104 - INFO - This is log message number 6
2025-04-26 00:39:14,105 - INFO - This is log message number 7
2025-04-26 00:39:14,105 - INFO - This is log message number 8
2025-04-26 00:39:14,105 - INFO - This is log message number 9
2025-04-26 00:39:14,106 - INFO - This is log message number 10
2025-04-26 00:39:14,106 - INFO - This is log message number 11
2025-04-26 00:39:14,142 - INFO - This is log message number 12
2025-04-26 00:39:14,142 - INFO - This is log message number 13
2025-04-26 00:39:14,143 - INFO - This is log message number 14
2025-04-26 00:39:14,143 - INFO - This is log message number 15
2025-04-26 00:39:14,144 - INFO - This is log message number 16
2025-04-26 00:39:14,144 - INFO - This is log message number 17
2025-04-26 00:39:14,145 - INFO - This is log message number 18
2025-04-26 00:39:14,145 - INFO - This is log message number 19
2025-04-26 00:39:14,147 - INFO - This is log message number 20
2025-04-26 00:39:14,147 - INFO - This is log message number 21
2025-04-26 00:39:14,147 - INFO - This is log message number 22
2025-04-26 00:39:14,147 - INFO - This is log message number 23
2025-04-26 00:39:14,148 - INFO - This is log message number 24
2025-04-26 00:39:14,149 - INFO - This is log message number 25
2025-04-26 00:39:14,149 - INFO - This is log message number 26
2025-04-26 00:39:14,149 - INFO - This is log message number 27
2025-04-26 00:39:14,150 - INFO - This is log message number 28
2025-04-26 00:39:14,150 - INFO - This is log message number 29
2025-04-26 00:39:14,150 - INFO - This is log message number 30
2025-04-26 00:39:14,151 - INFO - This is log message number 31
2025-04-26 00:39:14,151 - INFO - This is log message number 32
2025-04-26 00:39:14,151 - INFO - This is log message number 33
2025-04-26 00:39:14,152 - INFO - This is log message number 34
2025-04-26 00:39:14,153 - INFO - This is log message number 35
2025-04-26 00:39:14,153 - INFO - This is log message number 36
2025-04-26 00:39:14,153 - INFO - This is log message number 37
2025-04-26 00:39:14,153 - INFO - This is log message number 38
2025-04-26 00:39:14,154 - INFO - This is log message number 39
2025-04-26 00:39:14,154 - INFO - This is log message number 40
2025-04-26 00:39:14,154 - INFO - This is log message number 41
2025-04-26 00:39:14,155 - INFO - This is log message number 42
2025-04-26 00:39:14,156 - INFO - This is log message number 43
2025-04-26 00:39:14,156 - INFO - This is log message number 44
2025-04-26 00:39:14,156 - INFO - This is log message number 45
2025-04-26 00:39:14,156 - INFO - This is log message number 46
2025-04-26 00:39:14,158 - INFO - This is log message number 47
2025-04-26 00:39:14,158 - INFO - This is log message number 48
2025-04-26 00:39:14,159 - INFO - This is log message number 49
2025-04-26 00:39:14,159 - INFO - This is log message number 50
2025-04-26 00:39:14,160 - INFO - This is log message number 51
2025-04-26 00:39:14,160 - INFO - This is log message number 52
2025-04-26 00:39:14,160 - INFO - This is log message number 53
2025-04-26 00:39:14,160 - INFO - This is log message number 54
2025-04-26 00:39:14,161 - INFO - This is log message number 55
2025-04-26 00:39:14,161 - INFO - This is log message number 56
2025-04-26 00:39:14,161 - INFO - This is log message number 57
2025-04-26 00:39:14,162 - INFO - This is log message number 58
2025-04-26 00:39:14,162 - INFO - This is log message number 59
2025-04-26 00:39:14,162 - INFO - This is log message number 60
2025-04-26 00:39:14,163 - INFO - This is log message number 61
2025-04-26 00:39:14,163 - INFO - This is log message number 62
2025-04-26 00:39:14,163 - INFO - This is log message number 63
2025-04-26 00:39:14,163 - INFO - This is log message number 64
2025-04-26 00:39:14,163 - INFO - This is log message number 65
2025-04-26 00:39:14,164 - INFO - This is log message number 66
2025-04-26 00:39:14,165 - INFO - This is log message number 67
2025-04-26 00:39:14,165 - INFO - This is log message number 68
2025-04-26 00:39:14,165 - INFO - This is log message number 69
2025-04-26 00:39:14,165 - INFO - This is log message number 70
2025-04-26 00:39:14,166 - INFO - This is log message number 71
2025-04-26 00:39:14,166 - INFO - This is log message number 72
2025-04-26 00:39:14,167 - INFO - This is log message number 73
2025-04-26 00:39:14,167 - INFO - This is log message number 74
2025-04-26 00:39:14,167 - INFO - This is log message number 75
2025-04-26 00:39:14,168 - INFO - This is log message number 76
2025-04-26 00:39:14,168 - INFO - This is log message number 77
2025-04-26 00:39:14,168 - INFO - This is log message number 78
2025-04-26 00:39:14,169 - INFO - This is log message number 79
2025-04-26 00:39:14,169 - INFO - This is log message number 80
2025-04-26 00:39:14,169 - INFO - This is log message number 81
2025-04-26 00:39:14,170 - INFO - This is log message number 82
2025-04-26 00:39:14,170 - INFO - This is log message number 83
2025-04-26 00:39:14,170 - INFO - This is log message number 84
2025-04-26 00:39:14,170 - INFO - This is log message number 85
2025-04-26 00:39:14,171 - INFO - This is log message number 86
2025-04-26 00:39:14,171 - INFO - This is log message number 87
2025-04-26 00:39:14,171 - INFO - This is log message number 88
2025-04-26 00:39:14,172 - INFO - This is log message number 89
2025-04-26 00:39:14,172 - INFO - This is log message number 90
2025-04-26 00:39:14,172 - INFO - This is log message number 91
2025-04-26 00:39:14,173 - INFO - This is log message number 92
2025-04-26 00:39:14,173 - INFO - This is log message number 93
2025-04-26 00:39:14,173 - INFO - This is log message number 94
2025-04-26 00:39:14,173 - INFO - This is log message number 95
2025-04-26 00:39:14,173 - INFO - This is log message number 96
2025-04-26 00:39:14,174 - INFO - This is log message number 97
2025-04-26 00:39:14,174 - INFO - This is log message number 98
2025-04-26 00:39:14,174 - INFO - This is log message number 99
2025-04-26 00:39:14,174 - INFO - This is log message number 100
2025-04-26 00:39:14,174 - INFO - This is log message number 101
2025-04-26 00:39:14,176 - INFO - This is log message number 102
2025-04-26 00:39:14,176 - INFO - This is log message number 103
2025-04-26 00:39:14,176 - INFO - This is log message number 104
2025-04-26 00:39:14,176 - INFO - This is log message number 105
2025-04-26 00:39:14,176 - INFO - This is log message number 106
2025-04-26 00:39:14,177 - INFO - This is log message number 107
2025-04-26 00:39:14,177 - INFO - This is log message number 108
2025-04-26 00:39:14,177 - INFO - This is log message number 109
2025-04-26 00:39:14,178 - INFO - This is log message number 110
2025-04-26 00:39:14,178 - INFO - This is log message number 111
2025-04-26 00:39:14,178 - INFO - This is log message number 112
2025-04-26 00:39:14,178 - INFO - This is log message number 113
2025-04-26 00:39:14,178 - INFO - This is log message number 114
2025-04-26 00:39:14,178 - INFO - This is log message number 115
2025-04-26 00:39:14,179 - INFO - This is log message number 116
2025-04-26 00:39:14,179 - INFO - This is log message number 117
2025-04-26 00:39:14,179 - INFO - This is log message number 118
2025-04-26 00:39:14,179 - INFO - This is log message number 119
2025-04-26 00:39:14,179 - INFO - This is log message number 120
2025-04-26 00:39:14,179 - INFO - This is log message number 121
2025-04-26 00:39:14,179 - INFO - This is log message number 122
2025-04-26 00:39:14,180 - INFO - This is log message number 123
2025-04-26 00:39:14,180 - INFO - This is log message number 124
2025-04-26 00:39:14,180 - INFO - This is log message number 125
2025-04-26 00:39:14,180 - INFO - This is log message number 126
2025-04-26 00:39:14,180 - INFO - This is log message number 127
2025-04-26 00:39:14,181 - INFO - This is log message number 128
2025-04-26 00:39:14,181 - INFO - This is log message number 129
2025-04-26 00:39:14,181 - INFO - This is log message number 130
2025-04-26 00:39:14,181 - INFO - This is log message number 131
2025-04-26 00:39:14,181 - INFO - This is log message number 132
2025-04-26 00:39:14,181 - INFO - This is log message number 133
2025-04-26 00:39:14,182 - INFO - This is log message number 134
2025-04-26 00:39:14,182 - INFO - This is log message number 135
2025-04-26 00:39:14,182 - INFO - This is log message number 136
2025-04-26 00:39:14,182 - INFO - This is log message number 137
2025-04-26 00:39:14,182 - INFO - This is log message number 138
2025-04-26 00:39:14,182 - INFO - This is log message number 139
2025-04-26 00:39:14,182 - INFO - This is log message number 140
2025-04-26 00:39:14,183 - INFO - This is log message number 141
2025-04-26 00:39:14,183 - INFO - This is log message number 142
2025-04-26 00:39:14,183 - INFO - This is log message number 143
2025-04-26 00:39:14,183 - INFO - This is log message number 144
2025-04-26 00:39:14,183 - INFO - This is log message number 145
2025-04-26 00:39:14,183 - INFO - This is log message number 146
2025-04-26 00:39:14,183 - INFO - This is log message number 147
2025-04-26 00:39:14,185 - INFO - This is log message number 148
2025-04-26 00:39:14,185 - INFO - This is log message number 149
2025-04-26 00:39:14,185 - INFO - This is log message number 150
2025-04-26 00:39:14,185 - INFO - This is log message number 151
2025-04-26 00:39:14,186 - INFO - This is log message number 152
2025-04-26 00:39:14,186 - INFO - This is log message number 153
2025-04-26 00:39:14,186 - INFO - This is log message number 154
2025-04-26 00:39:14,187 - INFO - This is log message number 155
2025-04-26 00:39:14,187 - INFO - This is log message number 156
2025-04-26 00:39:14,187 - INFO - This is log message number 157
2025-04-26 00:39:14,187 - INFO - This is log message number 158
2025-04-26 00:39:14,188 - INFO - This is log message number 159
2025-04-26 00:39:14,188 - INFO - This is log message number 160
2025-04-26 00:39:14,188 - INFO - This is log message number 161
2025-04-26 00:39:14,188 - INFO - This is log message number 162
2025-04-26 00:39:14,188 - INFO - This is log message number 163
2025-04-26 00:39:14,188 - INFO - This is log message number 164
2025-04-26 00:39:14,189 - INFO - This is log message number 165
2025-04-26 00:39:14,189 - INFO - This is log message number 166
2025-04-26 00:39:14,189 - INFO - This is log message number 167
2025-04-26 00:39:14,189 - INFO - This is log message number 168
2025-04-26 00:39:14,189 - INFO - This is log message number 169
2025-04-26 00:39:14,189 - INFO - This is log message number 170
2025-04-26 00:39:14,190 - INFO - This is log message number 171
2025-04-26 00:39:14,190 - INFO - This is log message number 172
2025-04-26 00:39:14,190 - INFO - This is log message number 173
2025-04-26 00:39:14,190 - INFO - This is log message number 174
2025-04-26 00:39:14,190 - INFO - This is log message number 175
2025-04-26 00:39:14,190 - INFO - This is log message number 176
2025-04-26 00:39:14,191 - INFO - This is log message number 177
2025-04-26 00:39:14,191 - INFO - This is log message number 178
2025-04-26 00:39:14,191 - INFO - This is log message number 179
2025-04-26 00:39:14,191 - INFO - This is log message number 180
2025-04-26 00:39:14,191 - INFO - This is log message number 181
2025-04-26 00:39:14,192 - INFO - This is log message number 182
2025-04-26 00:39:14,192 - INFO - This is log message number 183
2025-04-26 00:39:14,192 - INFO - This is log message number 184
2025-04-26 00:39:14,192 - INFO - This is log message number 185
2025-04-26 00:39:14,192 - INFO - This is log message number 186
2025-04-26 00:39:14,192 - INFO - This is log message number 187
2025-04-26 00:39:14,193 - INFO - This is log message number 188
2025-04-26 00:39:14,193 - INFO - This is log message number 189
2025-04-26 00:39:14,193 - INFO - This is log message number 190
2025-04-26 00:39:14,193 - INFO - This is log message number 191
2025-04-26 00:39:14,193 - INFO - This is log message number 192
2025-04-26 00:39:14,193 - INFO - This is log message number 193
2025-04-26 00:39:14,194 - INFO - This is log message number 194
2025-04-26 00:39:14,194 - INFO - This is log message number 195
2025-04-26 00:39:14,194 - INFO - This is log message number 196
2025-04-26 00:39:14,194 - INFO - This is log message number 197
2025-04-26 00:39:14,194 - INFO - This is log message number 198
2025-04-26 00:39:14,195 - INFO - This is log message number 199
2025-04-26 00:39:14,195 - INFO - This is log message number 200
2025-04-26 00:39:14,195 - INFO - This is log message number 201
2025-04-26 00:39:14,195 - INFO - This is log message number 202
2025-04-26 00:39:14,195 - INFO - This is log message number 203
2025-04-26 00:39:14,196 - INFO - This is log message number 204
2025-04-26 00:39:14,196 - INFO - This is log message number 205
2025-04-26 00:39:14,196 - INFO - This is log message number 206
2025-04-26 00:39:14,196 - INFO - This is log message number 207
2025-04-26 00:39:14,196 - INFO - This is log message number 208
2025-04-26 00:39:14,196 - INFO - This is log message number 209
2025-04-26 00:39:14,196 - INFO - This is log message number 210
2025-04-26 00:39:14,197 - INFO - This is log message number 211
2025-04-26 00:39:14,197 - INFO - This is log message number 212
2025-04-26 00:39:14,197 - INFO - This is log message number 213
2025-04-26 00:39:14,197 - INFO - This is log message number 214
2025-04-26 00:39:14,197 - INFO - This is log message number 215
2025-04-26 00:39:14,198 - INFO - This is log message number 216
2025-04-26 00:39:14,198 - INFO - This is log message number 217
2025-04-26 00:39:14,198 - INFO - This is log message number 218
2025-04-26 00:39:14,198 - INFO - This is log message number 219
2025-04-26 00:39:14,198 - INFO - This is log message number 220
2025-04-26 00:39:14,198 - INFO - This is log message number 221
2025-04-26 00:39:14,199 - INFO - This is log message number 222
2025-04-26 00:39:14,199 - INFO - This is log message number 223
2025-04-26 00:39:14,199 - INFO - This is log message number 224
2025-04-26 00:39:14,199 - INFO - This is log message number 225
2025-04-26 00:39:14,199 - INFO - This is log message number 226
2025-04-26 00:39:14,200 - INFO - This is log message number 227
2025-04-26 00:39:14,200 - INFO - This is log message number 228
2025-04-26 00:39:14,200 - INFO - This is log message number 229
2025-04-26 00:39:14,200 - INFO - This is log message number 230
2025-04-26 00:39:14,200 - INFO - This is log message number 231
2025-04-26 00:39:14,200 - INFO - This is log message number 232
2025-04-26 00:39:14,201 - INFO - This is log message number 233
2025-04-26 00:39:14,201 - INFO - This is log message number 234
2025-04-26 00:39:14,201 - INFO - This is log message number 235
2025-04-26 00:39:14,201 - INFO - This is log message number 236
2025-04-26 00:39:14,201 - INFO - This is log message number 237
2025-04-26 00:39:14,202 - INFO - This is log message number 238
2025-04-26 00:39:14,202 - INFO - This is log message number 239
2025-04-26 00:39:14,202 - INFO - This is log message number 240
2025-04-26 00:39:14,202 - INFO - This is log message number 241
2025-04-26 00:39:14,203 - INFO - This is log message number 242
2025-04-26 00:39:14,203 - INFO - This is log message number 243
2025-04-26 00:39:14,203 - INFO - This is log message number 244
2025-04-26 00:39:14,203 - INFO - This is log message number 245
2025-04-26 00:39:14,203 - INFO - This is log message number 246
2025-04-26 00:39:14,204 - INFO - This is log message number 247
2025-04-26 00:39:14,204 - INFO - This is log message number 248
2025-04-26 00:39:14,204 - INFO - This is log message number 249
2025-04-26 00:39:14,205 - INFO - This is log message number 250
2025-04-26 00:39:14,205 - INFO - This is log message number 251
2025-04-26 00:39:14,205 - INFO - This is log message number 252
2025-04-26 00:39:14,205 - INFO - This is log message number 253
2025-04-26 00:39:14,206 - INFO - This is log message number 254
2025-04-26 00:39:14,206 - INFO - This is log message number 255
2025-04-26 00:39:14,206 - INFO - This is log message number 256
2025-04-26 00:39:14,206 - INFO - This is log message number 257
2025-04-26 00:39:14,206 - INFO - This is log message number 258
2025-04-26 00:39:14,207 - INFO - This is log message number 259
2025-04-26 00:39:14,207 - INFO - This is log message number 260
2025-04-26 00:39:14,207 - INFO - This is log message number 261
2025-04-26 00:39:14,207 - INFO - This is log message number 262
2025-04-26 00:39:14,207 - INFO - This is log message number 263
2025-04-26 00:39:14,207 - INFO - This is log message number 264
2025-04-26 00:39:14,208 - INFO - This is log message number 265
2025-04-26 00:39:14,208 - INFO - This is log message number 266
2025-04-26 00:39:14,208 - INFO - This is log message number 267
2025-04-26 00:39:14,209 - INFO - This is log message number 268
2025-04-26 00:39:14,209 - INFO - This is log message number 269
2025-04-26 00:39:14,209 - INFO - This is log message number 270
2025-04-26 00:39:14,209 - INFO - This is log message number 271
2025-04-26 00:39:14,209 - INFO - This is log message number 272
2025-04-26 00:39:14,209 - INFO - This is log message number 273
2025-04-26 00:39:14,211 - INFO - This is log message number 274
2025-04-26 00:39:14,211 - INFO - This is log message number 275
2025-04-26 00:39:14,211 - INFO - This is log message number 276
2025-04-26 00:39:14,211 - INFO - This is log message number 277
2025-04-26 00:39:14,212 - INFO - This is log message number 278
2025-04-26 00:39:14,212 - INFO - This is log message number 279
2025-04-26 00:39:14,212 - INFO - This is log message number 280
2025-04-26 00:39:14,212 - INFO - This is log message number 281
2025-04-26 00:39:14,212 - INFO - This is log message number 282
2025-04-26 00:39:14,212 - INFO - This is log message number 283
2025-04-26 00:39:14,213 - INFO - This is log message number 284
2025-04-26 00:39:14,213 - INFO - This is log message number 285
2025-04-26 00:39:14,213 - INFO - This is log message number 286
2025-04-26 00:39:14,213 - INFO - This is log message number 287
2025-04-26 00:39:14,213 - INFO - This is log message number 288
2025-04-26 00:39:14,213 - INFO - This is log message number 289
2025-04-26 00:39:14,213 - INFO - This is log message number 290
2025-04-26 00:39:14,213 - INFO - This is log message number 291
2025-04-26 00:39:14,214 - INFO - This is log message number 292
2025-04-26 00:39:14,214 - INFO - This is log message number 293
2025-04-26 00:39:14,214 - INFO - This is log message number 294
2025-04-26 00:39:14,214 - INFO - This is log message number 295
2025-04-26 00:39:14,214 - INFO - This is log message number 296
2025-04-26 00:39:14,215 - INFO - This is log message number 297
2025-04-26 00:39:14,215 - INFO - This is log message number 298
2025-04-26 00:39:14,215 - INFO - This is log message number 299
2025-04-26 00:39:14,215 - INFO - This is log message number 300
2025-04-26 00:39:14,215 - INFO - This is log message number 301
2025-04-26 00:39:14,216 - INFO - This is log message number 302
2025-04-26 00:39:14,216 - INFO - This is log message number 303
2025-04-26 00:39:14,216 - INFO - This is log message number 304
2025-04-26 00:39:14,216 - INFO - This is log message number 305
2025-04-26 00:39:14,216 - INFO - This is log message number 306
2025-04-26 00:39:14,217 - INFO - This is log message number 307
2025-04-26 00:39:14,217 - INFO - This is log message number 308
2025-04-26 00:39:14,217 - INFO - This is log message number 309
2025-04-26 00:39:14,217 - INFO - This is log message number 310
2025-04-26 00:39:14,218 - INFO - This is log message number 311
2025-04-26 00:39:14,218 - INFO - This is log message number 312
2025-04-26 00:39:14,218 - INFO - This is log message number 313
2025-04-26 00:39:14,218 - INFO - This is log message number 314
2025-04-26 00:39:14,219 - INFO - This is log message number 315
2025-04-26 00:39:14,219 - INFO - This is log message number 316
2025-04-26 00:39:14,219 - INFO - This is log message number 317
2025-04-26 00:39:14,219 - INFO - This is log message number 318
2025-04-26 00:39:14,219 - INFO - This is log message number 319
2025-04-26 00:39:14,219 - INFO - This is log message number 320
2025-04-26 00:39:14,221 - INFO - This is log message number 321
2025-04-26 00:39:14,221 - INFO - This is log message number 322
2025-04-26 00:39:14,221 - INFO - This is log message number 323
2025-04-26 00:39:14,221 - INFO - This is log message number 324
2025-04-26 00:39:14,222 - INFO - This is log message number 325
2025-04-26 00:39:14,222 - INFO - This is log message number 326
2025-04-26 00:39:14,222 - INFO - This is log message number 327
2025-04-26 00:39:14,222 - INFO - This is log message number 328
2025-04-26 00:39:14,223 - INFO - This is log message number 329
2025-04-26 00:39:14,223 - INFO - This is log message number 330
2025-04-26 00:39:14,223 - INFO - This is log message number 331
2025-04-26 00:39:14,223 - INFO - This is log message number 332
2025-04-26 00:39:14,223 - INFO - This is log message number 333
2025-04-26 00:39:14,224 - INFO - This is log message number 334
2025-04-26 00:39:14,224 - INFO - This is log message number 335
2025-04-26 00:39:14,224 - INFO - This is log message number 336
2025-04-26 00:39:14,224 - INFO - This is log message number 337
2025-04-26 00:39:14,224 - INFO - This is log message number 338
2025-04-26 00:39:14,224 - INFO - This is log message number 339
2025-04-26 00:39:14,225 - INFO - This is log message number 340
2025-04-26 00:39:14,225 - INFO - This is log message number 341
2025-04-26 00:39:14,225 - INFO - This is log message number 342
2025-04-26 00:39:14,225 - INFO - This is log message number 343
2025-04-26 00:39:14,225 - INFO - This is log message number 344
2025-04-26 00:39:14,226 - INFO - This is log message number 345
2025-04-26 00:39:14,226 - INFO - This is log message number 346
2025-04-26 00:39:14,226 - INFO - This is log message number 347
2025-04-26 00:39:14,226 - INFO - This is log message number 348
2025-04-26 00:39:14,227 - INFO - This is log message number 349
2025-04-26 00:39:14,227 - INFO - This is log message number 350
2025-04-26 00:39:14,227 - INFO - This is log message number 351
2025-04-26 00:39:14,227 - INFO - This is log message number 352
2025-04-26 00:39:14,227 - INFO - This is log message number 353
2025-04-26 00:39:14,228 - INFO - This is log message number 354
2025-04-26 00:39:14,228 - INFO - This is log message number 355
2025-04-26 00:39:14,228 - INFO - This is log message number 356
2025-04-26 00:39:14,228 - INFO - This is log message number 357
2025-04-26 00:39:14,228 - INFO - This is log message number 358
2025-04-26 00:39:14,229 - INFO - This is log message number 359
2025-04-26 00:39:14,229 - INFO - This is log message number 360
2025-04-26 00:39:14,229 - INFO - This is log message number 361
2025-04-26 00:39:14,229 - INFO - This is log message number 362
2025-04-26 00:39:14,229 - INFO - This is log message number 363
2025-04-26 00:39:14,229 - INFO - This is log message number 364
2025-04-26 00:39:14,230 - INFO - This is log message number 365
2025-04-26 00:39:14,230 - INFO - This is log message number 366
2025-04-26 00:39:14,230 - INFO - This is log message number 367
2025-04-26 00:39:14,230 - INFO - This is log message number 368
2025-04-26 00:39:14,230 - INFO - This is log message number 369
2025-04-26 00:39:14,230 - INFO - This is log message number 370
2025-04-26 00:39:14,231 - INFO - This is log message number 371
2025-04-26 00:39:14,231 - INFO - This is log message number 372
2025-04-26 00:39:14,231 - INFO - This is log message number 373
2025-04-26 00:39:14,231 - INFO - This is log message number 374
2025-04-26 00:39:14,231 - INFO - This is log message number 375
2025-04-26 00:39:14,231 - INFO - This is log message number 376
2025-04-26 00:39:14,233 - INFO - This is log message number 377
2025-04-26 00:39:14,233 - INFO - This is log message number 378
2025-04-26 00:39:14,233 - INFO - This is log message number 379
2025-04-26 00:39:14,233 - INFO - This is log message number 380
2025-04-26 00:39:14,233 - INFO - This is log message number 381
2025-04-26 00:39:14,233 - INFO - This is log message number 382
2025-04-26 00:39:14,233 - INFO - This is log message number 383
2025-04-26 00:39:14,234 - INFO - This is log message number 384
2025-04-26 00:39:14,234 - INFO - This is log message number 385
2025-04-26 00:39:14,234 - INFO - This is log message number 386
2025-04-26 00:39:14,234 - INFO - This is log message number 387
2025-04-26 00:39:14,234 - INFO - This is log message number 388
2025-04-26 00:39:14,235 - INFO - This is log message number 389
2025-04-26 00:39:14,235 - INFO - This is log message number 390
2025-04-26 00:39:14,235 - INFO - This is log message number 391
2025-04-26 00:39:14,235 - INFO - This is log message number 392
2025-04-26 00:39:14,235 - INFO - This is log message number 393
2025-04-26 00:39:14,236 - INFO - This is log message number 394
2025-04-26 00:39:14,236 - INFO - This is log message number 395
2025-04-26 00:39:14,236 - INFO - This is log message number 396
2025-04-26 00:39:14,236 - INFO - This is log message number 397
2025-04-26 00:39:14,237 - INFO - This is log message number 398
2025-04-26 00:39:14,237 - INFO - This is log message number 399
2025-04-26 00:39:14,237 - INFO - This is log message number 400
2025-04-26 00:39:14,237 - INFO - This is log message number 401
2025-04-26 00:39:14,238 - INFO - This is log message number 402
2025-04-26 00:39:14,238 - INFO - This is log message number 403
2025-04-26 00:39:14,238 - INFO - This is log message number 404
2025-04-26 00:39:14,238 - INFO - This is log message number 405
2025-04-26 00:39:14,238 - INFO - This is log message number 406
2025-04-26 00:39:14,239 - INFO - This is log message number 407
2025-04-26 00:39:14,239 - INFO - This is log message number 408
2025-04-26 00:39:14,239 - INFO - This is log message number 409
2025-04-26 00:39:14,239 - INFO - This is log message number 410
2025-04-26 00:39:14,239 - INFO - This is log message number 411
2025-04-26 00:39:14,241 - INFO - This is log message number 412
2025-04-26 00:39:14,241 - INFO - This is log message number 413
2025-04-26 00:39:14,241 - INFO - This is log message number 414
2025-04-26 00:39:14,241 - INFO - This is log message number 415
2025-04-26 00:39:14,241 - INFO - This is log message number 416
2025-04-26 00:39:14,242 - INFO - This is log message number 417
2025-04-26 00:39:14,242 - INFO - This is log message number 418
2025-04-26 00:39:14,242 - INFO - This is log message number 419
2025-04-26 00:39:14,242 - INFO - This is log message number 420
2025-04-26 00:39:14,242 - INFO - This is log message number 421
2025-04-26 00:39:14,243 - INFO - This is log message number 422
2025-04-26 00:39:14,243 - INFO - This is log message number 423
2025-04-26 00:39:14,243 - INFO - This is log message number 424
2025-04-26 00:39:14,243 - INFO - This is log message number 425
2025-04-26 00:39:14,243 - INFO - This is log message number 426
2025-04-26 00:39:14,243 - INFO - This is log message number 427
2025-04-26 00:39:14,244 - INFO - This is log message number 428
2025-04-26 00:39:14,244 - INFO - This is log message number 429
2025-04-26 00:39:14,244 - INFO - This is log message number 430
2025-04-26 00:39:14,244 - INFO - This is log message number 431
2025-04-26 00:39:14,244 - INFO - This is log message number 432
2025-04-26 00:39:14,244 - INFO - This is log message number 433
2025-04-26 00:39:14,244 - INFO - This is log message number 434
2025-04-26 00:39:14,245 - INFO - This is log message number 435
2025-04-26 00:39:14,245 - INFO - This is log message number 436
2025-04-26 00:39:14,245 - INFO - This is log message number 437
2025-04-26 00:39:14,245 - INFO - This is log message number 438
2025-04-26 00:39:14,245 - INFO - This is log message number 439
2025-04-26 00:39:14,245 - INFO - This is log message number 440
2025-04-26 00:39:14,246 - INFO - This is log message number 441
2025-04-26 00:39:14,246 - INFO - This is log message number 442
2025-04-26 00:39:14,246 - INFO - This is log message number 443
2025-04-26 00:39:14,246 - INFO - This is log message number 444
2025-04-26 00:39:14,246 - INFO - This is log message number 445
2025-04-26 00:39:14,246 - INFO - This is log message number 446
2025-04-26 00:39:14,248 - INFO - This is log message number 447
2025-04-26 00:39:14,248 - INFO - This is log message number 448
2025-04-26 00:39:14,248 - INFO - This is log message number 449
2025-04-26 00:39:14,248 - INFO - This is log message number 450
2025-04-26 00:39:14,248 - INFO - This is log message number 451
2025-04-26 00:39:14,248 - INFO - This is log message number 452
2025-04-26 00:39:14,249 - INFO - This is log message number 453
2025-04-26 00:39:14,249 - INFO - This is log message number 454
2025-04-26 00:39:14,249 - INFO - This is log message number 455
2025-04-26 00:39:14,249 - INFO - This is log message number 456
2025-04-26 00:39:14,249 - INFO - This is log message number 457
2025-04-26 00:39:14,249 - INFO - This is log message number 458
2025-04-26 00:39:14,250 - INFO - This is log message number 459
2025-04-26 00:39:14,250 - INFO - This is log message number 460
2025-04-26 00:39:14,250 - INFO - This is log message number 461
2025-04-26 00:39:14,250 - INFO - This is log message number 462
2025-04-26 00:39:14,250 - INFO - This is log message number 463
2025-04-26 00:39:14,250 - INFO - This is log message number 464
2025-04-26 00:39:14,251 - INFO - This is log message number 465
2025-04-26 00:39:14,251 - INFO - This is log message number 466
2025-04-26 00:39:14,251 - INFO - This is log message number 467
2025-04-26 00:39:14,251 - INFO - This is log message number 468
2025-04-26 00:39:14,251 - INFO - This is log message number 469
2025-04-26 00:39:14,251 - INFO - This is log message number 470
2025-04-26 00:39:14,253 - INFO - This is log message number 471
2025-04-26 00:39:14,253 - INFO - This is log message number 472
2025-04-26 00:39:14,253 - INFO - This is log message number 473
2025-04-26 00:39:14,253 - INFO - This is log message number 474
2025-04-26 00:39:14,253 - INFO - This is log message number 475
2025-04-26 00:39:14,254 - INFO - This is log message number 476
2025-04-26 00:39:14,254 - INFO - This is log message number 477
2025-04-26 00:39:14,254 - INFO - This is log message number 478
2025-04-26 00:39:14,254 - INFO - This is log message number 479
2025-04-26 00:39:14,255 - INFO - This is log message number 480
2025-04-26 00:39:14,255 - INFO - This is log message number 481
2025-04-26 00:39:14,255 - INFO - This is log message number 482
2025-04-26 00:39:14,255 - INFO - This is log message number 483
2025-04-26 00:39:14,255 - INFO - This is log message number 484
2025-04-26 00:39:14,256 - INFO - This is log message number 485
2025-04-26 00:39:14,256 - INFO - This is log message number 486
2025-04-26 00:39:14,256 - INFO - This is log message number 487
2025-04-26 00:39:14,256 - INFO - This is log message number 488
2025-04-26 00:39:14,256 - INFO - This is log message number 489
2025-04-26 00:39:14,256 - INFO - This is log message number 490
2025-04-26 00:39:14,257 - INFO - This is log message number 491
2025-04-26 00:39:14,257 - INFO - This is log message number 492
2025-04-26 00:39:14,257 - INFO - This is log message number 493
2025-04-26 00:39:14,257 - INFO - This is log message number 494
2025-04-26 00:39:14,257 - INFO - This is log message number 495
2025-04-26 00:39:14,258 - INFO - This is log message number 496
2025-04-26 00:39:14,258 - INFO - This is log message number 497
2025-04-26 00:39:14,258 - INFO - This is log message number 498
2025-04-26 00:39:14,258 - INFO - This is log message number 499
2025-04-26 00:39:14,258 - INFO - This is log message number 500
2025-04-26 00:39:14,258 - INFO - This is log message number 501
2025-04-26 00:39:14,259 - INFO - This is log message number 502
2025-04-26 00:39:14,259 - INFO - This is log message number 503
2025-04-26 00:39:14,259 - INFO - This is log message number 504
2025-04-26 00:39:14,259 - INFO - This is log message number 505
2025-04-26 00:39:14,259 - INFO - This is log message number 506
2025-04-26 00:39:14,260 - INFO - This is log message number 507
2025-04-26 00:39:14,260 - INFO - This is log message number 508
2025-04-26 00:39:14,260 - INFO - This is log message number 509
2025-04-26 00:39:14,260 - INFO - This is log message number 510
2025-04-26 00:39:14,260 - INFO - This is log message number 511
2025-04-26 00:39:14,260 - INFO - This is log message number 512
2025-04-26 00:39:14,261 - INFO - This is log message number 513
2025-04-26 00:39:14,261 - INFO - This is log message number 514
2025-04-26 00:39:14,261 - INFO - This is log message number 515
2025-04-26 00:39:14,261 - INFO - This is log message number 516
2025-04-26 00:39:14,262 - INFO - This is log message number 517
2025-04-26 00:39:14,262 - INFO - This is log message number 518
2025-04-26 00:39:14,262 - INFO - This is log message number 519
2025-04-26 00:39:14,262 - INFO - This is log message number 520
2025-04-26 00:39:14,262 - INFO - This is log message number 521
2025-04-26 00:39:14,262 - INFO - This is log message number 522
2025-04-26 00:39:14,264 - INFO - This is log message number 523
2025-04-26 00:39:14,264 - INFO - This is log message number 524
2025-04-26 00:39:14,264 - INFO - This is log message number 525
2025-04-26 00:39:14,264 - INFO - This is log message number 526
2025-04-26 00:39:14,264 - INFO - This is log message number 527
2025-04-26 00:39:14,264 - INFO - This is log message number 528
2025-04-26 00:39:14,267 - INFO - This is log message number 529
2025-04-26 00:39:14,267 - INFO - This is log message number 530
2025-04-26 00:39:14,267 - INFO - This is log message number 531
2025-04-26 00:39:14,267 - INFO - This is log message number 532
2025-04-26 00:39:14,268 - INFO - This is log message number 533
2025-04-26 00:39:14,268 - INFO - This is log message number 534
2025-04-26 00:39:14,268 - INFO - This is log message number 535
2025-04-26 00:39:14,268 - INFO - This is log message number 536
2025-04-26 00:39:14,268 - INFO - This is log message number 537
2025-04-26 00:39:14,268 - INFO - This is log message number 538
2025-04-26 00:39:14,268 - INFO - This is log message number 539
2025-04-26 00:39:14,268 - INFO - This is log message number 540
2025-04-26 00:39:14,269 - INFO - This is log message number 541
2025-04-26 00:39:14,269 - INFO - This is log message number 542
2025-04-26 00:39:14,269 - INFO - This is log message number 543
2025-04-26 00:39:14,269 - INFO - This is log message number 544
2025-04-26 00:39:14,271 - INFO - This is log message number 545
2025-04-26 00:39:14,271 - INFO - This is log message number 546
2025-04-26 00:39:14,271 - INFO - This is log message number 547
2025-04-26 00:39:14,271 - INFO - This is log message number 548
2025-04-26 00:39:14,272 - INFO - This is log message number 549
2025-04-26 00:39:14,272 - INFO - This is log message number 550
2025-04-26 00:39:14,272 - INFO - This is log message number 551
2025-04-26 00:39:14,272 - INFO - This is log message number 552
2025-04-26 00:39:14,272 - INFO - This is log message number 553
2025-04-26 00:39:14,273 - INFO - This is log message number 554
2025-04-26 00:39:14,273 - INFO - This is log message number 555
2025-04-26 00:39:14,273 - INFO - This is log message number 556
2025-04-26 00:39:14,273 - INFO - This is log message number 557
2025-04-26 00:39:14,273 - INFO - This is log message number 558
2025-04-26 00:39:14,273 - INFO - This is log message number 559
2025-04-26 00:39:14,274 - INFO - This is log message number 560
2025-04-26 00:39:14,274 - INFO - This is log message number 561
2025-04-26 00:39:14,274 - INFO - This is log message number 562
2025-04-26 00:39:14,274 - INFO - This is log message number 563
2025-04-26 00:39:14,275 - INFO - This is log message number 564
2025-04-26 00:39:14,275 - INFO - This is log message number 565
2025-04-26 00:39:14,275 - INFO - This is log message number 566
2025-04-26 00:39:14,275 - INFO - This is log message number 567
2025-04-26 00:39:14,275 - INFO - This is log message number 568
2025-04-26 00:39:14,275 - INFO - This is log message number 569
2025-04-26 00:39:14,275 - INFO - This is log message number 570
2025-04-26 00:39:14,276 - INFO - This is log message number 571
2025-04-26 00:39:14,276 - INFO - This is log message number 572
2025-04-26 00:39:14,276 - INFO - This is log message number 573
2025-04-26 00:39:14,276 - INFO - This is log message number 574
2025-04-26 00:39:14,276 - INFO - This is log message number 575
2025-04-26 00:39:14,276 - INFO - This is log message number 576
2025-04-26 00:39:14,277 - INFO - This is log message number 577
2025-04-26 00:39:14,277 - INFO - This is log message number 578
2025-04-26 00:39:14,277 - INFO - This is log message number 579
2025-04-26 00:39:14,277 - INFO - This is log message number 580
2025-04-26 00:39:14,277 - INFO - This is log message number 581
2025-04-26 00:39:14,277 - INFO - This is log message number 582
2025-04-26 00:39:14,278 - INFO - This is log message number 583
2025-04-26 00:39:14,278 - INFO - This is log message number 584
2025-04-26 00:39:14,278 - INFO - This is log message number 585
2025-04-26 00:39:14,278 - INFO - This is log message number 586
2025-04-26 00:39:14,278 - INFO - This is log message number 587
2025-04-26 00:39:14,279 - INFO - This is log message number 588
2025-04-26 00:39:14,279 - INFO - This is log message number 589
2025-04-26 00:39:14,279 - INFO - This is log message number 590
2025-04-26 00:39:14,279 - INFO - This is log message number 591
2025-04-26 00:39:14,279 - INFO - This is log message number 592
2025-04-26 00:39:14,279 - INFO - This is log message number 593
2025-04-26 00:39:14,280 - INFO - This is log message number 594
2025-04-26 00:39:14,280 - INFO - This is log message number 595
2025-04-26 00:39:14,280 - INFO - This is log message number 596
2025-04-26 00:39:14,280 - INFO - This is log message number 597
2025-04-26 00:39:14,280 - INFO - This is log message number 598
2025-04-26 00:39:14,282 - INFO - This is log message number 599
2025-04-26 00:39:14,282 - INFO - This is log message number 600
2025-04-26 00:39:14,282 - INFO - This is log message number 601
2025-04-26 00:39:14,282 - INFO - This is log message number 602
2025-04-26 00:39:14,282 - INFO - This is log message number 603
2025-04-26 00:39:14,283 - INFO - This is log message number 604
2025-04-26 00:39:14,283 - INFO - This is log message number 605
2025-04-26 00:39:14,283 - INFO - This is log message number 606
2025-04-26 00:39:14,283 - INFO - This is log message number 607
2025-04-26 00:39:14,283 - INFO - This is log message number 608
2025-04-26 00:39:14,283 - INFO - This is log message number 609
2025-04-26 00:39:14,283 - INFO - This is log message number 610
2025-04-26 00:39:14,283 - INFO - This is log message number 611
2025-04-26 00:39:14,284 - INFO - This is log message number 612
2025-04-26 00:39:14,284 - INFO - This is log message number 613
2025-04-26 00:39:14,284 - INFO - This is log message number 614
2025-04-26 00:39:14,284 - INFO - This is log message number 615
2025-04-26 00:39:14,284 - INFO - This is log message number 616
2025-04-26 00:39:14,284 - INFO - This is log message number 617
2025-04-26 00:39:14,284 - INFO - This is log message number 618
2025-04-26 00:39:14,284 - INFO - This is log message number 619
2025-04-26 00:39:14,284 - INFO - This is log message number 620
2025-04-26 00:39:14,284 - INFO - This is log message number 621
2025-04-26 00:39:14,286 - INFO - This is log message number 622
2025-04-26 00:39:14,286 - INFO - This is log message number 623
2025-04-26 00:39:14,286 - INFO - This is log message number 624
2025-04-26 00:39:14,286 - INFO - This is log message number 625
2025-04-26 00:39:14,286 - INFO - This is log message number 626
2025-04-26 00:39:14,287 - INFO - This is log message number 627
2025-04-26 00:39:14,287 - INFO - This is log message number 628
2025-04-26 00:39:14,287 - INFO - This is log message number 629
2025-04-26 00:39:14,287 - INFO - This is log message number 630
2025-04-26 00:39:14,287 - INFO - This is log message number 631
2025-04-26 00:39:14,287 - INFO - This is log message number 632
2025-04-26 00:39:14,288 - INFO - This is log message number 633
2025-04-26 00:39:14,288 - INFO - This is log message number 634
2025-04-26 00:39:14,288 - INFO - This is log message number 635
2025-04-26 00:39:14,288 - INFO - This is log message number 636
2025-04-26 00:39:14,288 - INFO - This is log message number 637
2025-04-26 00:39:14,289 - INFO - This is log message number 638
2025-04-26 00:39:14,289 - INFO - This is log message number 639
2025-04-26 00:39:14,289 - INFO - This is log message number 640
2025-04-26 00:39:14,289 - INFO - This is log message number 641
2025-04-26 00:39:14,290 - INFO - This is log message number 642
2025-04-26 00:39:14,290 - INFO - This is log message number 643
2025-04-26 00:39:14,290 - INFO - This is log message number 644
2025-04-26 00:39:14,290 - INFO - This is log message number 645
2025-04-26 00:39:14,291 - INFO - This is log message number 646
2025-04-26 00:39:14,291 - INFO - This is log message number 647
2025-04-26 00:39:14,291 - INFO - This is log message number 648
2025-04-26 00:39:14,291 - INFO - This is log message number 649
2025-04-26 00:39:14,291 - INFO - This is log message number 650
2025-04-26 00:39:14,291 - INFO - This is log message number 651
2025-04-26 00:39:14,291 - INFO - This is log message number 652
2025-04-26 00:39:14,292 - INFO - This is log message number 653
2025-04-26 00:39:14,292 - INFO - This is log message number 654
2025-04-26 00:39:14,292 - INFO - This is log message number 655
2025-04-26 00:39:14,292 - INFO - This is log message number 656
2025-04-26 00:39:14,292 - INFO - This is log message number 657
2025-04-26 00:39:14,292 - INFO - This is log message number 658
2025-04-26 00:39:14,294 - INFO - This is log message number 659
2025-04-26 00:39:14,294 - INFO - This is log message number 660
2025-04-26 00:39:14,294 - INFO - This is log message number 661
2025-04-26 00:39:14,294 - INFO - This is log message number 662
2025-04-26 00:39:14,294 - INFO - This is log message number 663
2025-04-26 00:39:14,294 - INFO - This is log message number 664
2025-04-26 00:39:14,294 - INFO - This is log message number 665
2025-04-26 00:39:14,295 - INFO - This is log message number 666
2025-04-26 00:39:14,295 - INFO - This is log message number 667
2025-04-26 00:39:14,295 - INFO - This is log message number 668
2025-04-26 00:39:14,295 - INFO - This is log message number 669
2025-04-26 00:39:14,295 - INFO - This is log message number 670
2025-04-26 00:39:14,296 - INFO - This is log message number 671
2025-04-26 00:39:14,296 - INFO - This is log message number 672
2025-04-26 00:39:14,296 - INFO - This is log message number 673
2025-04-26 00:39:14,296 - INFO - This is log message number 674
2025-04-26 00:39:14,296 - INFO - This is log message number 675
2025-04-26 00:39:14,297 - INFO - This is log message number 676
2025-04-26 00:39:14,297 - INFO - This is log message number 677
2025-04-26 00:39:14,297 - INFO - This is log message number 678
2025-04-26 00:39:14,297 - INFO - This is log message number 679
2025-04-26 00:39:14,297 - INFO - This is log message number 680
2025-04-26 00:39:14,298 - INFO - This is log message number 681
2025-04-26 00:39:14,298 - INFO - This is log message number 682
2025-04-26 00:39:14,298 - INFO - This is log message number 683
2025-04-26 00:39:14,298 - INFO - This is log message number 684
2025-04-26 00:39:14,298 - INFO - This is log message number 685
2025-04-26 00:39:14,298 - INFO - This is log message number 686
2025-04-26 00:39:14,298 - INFO - This is log message number 687
2025-04-26 00:39:14,299 - INFO - This is log message number 688
2025-04-26 00:39:14,299 - INFO - This is log message number 689
2025-04-26 00:39:14,299 - INFO - This is log message number 690
2025-04-26 00:39:14,299 - INFO - This is log message number 691
2025-04-26 00:39:14,299 - INFO - This is log message number 692
2025-04-26 00:39:14,300 - INFO - This is log message number 693
2025-04-26 00:39:14,300 - INFO - This is log message number 694
2025-04-26 00:39:14,300 - INFO - This is log message number 695
2025-04-26 00:39:14,300 - INFO - This is log message number 696
2025-04-26 00:39:14,300 - INFO - This is log message number 697
2025-04-26 00:39:14,300 - INFO - This is log message number 698
2025-04-26 00:39:14,300 - INFO - This is log message number 699
2025-04-26 00:39:14,301 - INFO - This is log message number 700
2025-04-26 00:39:14,301 - INFO - This is log message number 701
2025-04-26 00:39:14,301 - INFO - This is log message number 702
2025-04-26 00:39:14,301 - INFO - This is log message number 703
2025-04-26 00:39:14,301 - INFO - This is log message number 704
2025-04-26 00:39:14,301 - INFO - This is log message number 705
2025-04-26 00:39:14,302 - INFO - This is log message number 706
2025-04-26 00:39:14,302 - INFO - This is log message number 707
2025-04-26 00:39:14,302 - INFO - This is log message number 708
2025-04-26 00:39:14,302 - INFO - This is log message number 709
2025-04-26 00:39:14,302 - INFO - This is log message number 710
2025-04-26 00:39:14,304 - INFO - This is log message number 711
2025-04-26 00:39:14,304 - INFO - This is log message number 712
2025-04-26 00:39:14,304 - INFO - This is log message number 713
2025-04-26 00:39:14,304 - INFO - This is log message number 714
2025-04-26 00:39:14,304 - INFO - This is log message number 715
2025-04-26 00:39:14,305 - INFO - This is log message number 716
2025-04-26 00:39:14,305 - INFO - This is log message number 717
2025-04-26 00:39:14,305 - INFO - This is log message number 718
2025-04-26 00:39:14,305 - INFO - This is log message number 719
2025-04-26 00:39:14,305 - INFO - This is log message number 720
2025-04-26 00:39:14,306 - INFO - This is log message number 721
2025-04-26 00:39:14,306 - INFO - This is log message number 722
2025-04-26 00:39:14,306 - INFO - This is log message number 723
2025-04-26 00:39:14,306 - INFO - This is log message number 724
2025-04-26 00:39:14,306 - INFO - This is log message number 725
2025-04-26 00:39:14,307 - INFO - This is log message number 726
2025-04-26 00:39:14,307 - INFO - This is log message number 727
2025-04-26 00:39:14,307 - INFO - This is log message number 728
2025-04-26 00:39:14,307 - INFO - This is log message number 729
2025-04-26 00:39:14,307 - INFO - This is log message number 730
2025-04-26 00:39:14,307 - INFO - This is log message number 731
2025-04-26 00:39:14,308 - INFO - This is log message number 732
2025-04-26 00:39:14,308 - INFO - This is log message number 733
2025-04-26 00:39:14,308 - INFO - This is log message number 734
2025-04-26 00:39:14,308 - INFO - This is log message number 735
2025-04-26 00:39:14,308 - INFO - This is log message number 736
2025-04-26 00:39:14,308 - INFO - This is log message number 737
2025-04-26 00:39:14,308 - INFO - This is log message number 738
2025-04-26 00:39:14,309 - INFO - This is log message number 739
2025-04-26 00:39:14,309 - INFO - This is log message number 740
2025-04-26 00:39:14,309 - INFO - This is log message number 741
2025-04-26 00:39:14,309 - INFO - This is log message number 742
2025-04-26 00:39:14,309 - INFO - This is log message number 743
2025-04-26 00:39:14,310 - INFO - This is log message number 744
2025-04-26 00:39:14,310 - INFO - This is log message number 745
2025-04-26 00:39:14,310 - INFO - This is log message number 746
2025-04-26 00:39:14,310 - INFO - This is log message number 747
2025-04-26 00:39:14,310 - INFO - This is log message number 748
2025-04-26 00:39:14,310 - INFO - This is log message number 749
2025-04-26 00:39:14,310 - INFO - This is log message number 750
2025-04-26 00:39:14,312 - INFO - This is log message number 751
2025-04-26 00:39:14,312 - INFO - This is log message number 752
2025-04-26 00:39:14,312 - INFO - This is log message number 753
2025-04-26 00:39:14,312 - INFO - This is log message number 754
2025-04-26 00:39:14,312 - INFO - This is log message number 755
2025-04-26 00:39:14,312 - INFO - This is log message number 756
2025-04-26 00:39:14,313 - INFO - This is log message number 757
2025-04-26 00:39:14,313 - INFO - This is log message number 758
2025-04-26 00:39:14,313 - INFO - This is log message number 759
2025-04-26 00:39:14,313 - INFO - This is log message number 760
2025-04-26 00:39:14,314 - INFO - This is log message number 761
2025-04-26 00:39:14,314 - INFO - This is log message number 762
2025-04-26 00:39:14,314 - INFO - This is log message number 763
2025-04-26 00:39:14,314 - INFO - This is log message number 764
2025-04-26 00:39:14,314 - INFO - This is log message number 765
2025-04-26 00:39:14,314 - INFO - This is log message number 766
2025-04-26 00:39:14,315 - INFO - This is log message number 767
2025-04-26 00:39:14,315 - INFO - This is log message number 768
2025-04-26 00:39:14,315 - INFO - This is log message number 769
2025-04-26 00:39:14,315 - INFO - This is log message number 770
2025-04-26 00:39:14,316 - INFO - This is log message number 771
2025-04-26 00:39:14,316 - INFO - This is log message number 772
2025-04-26 00:39:14,316 - INFO - This is log message number 773
2025-04-26 00:39:14,316 - INFO - This is log message number 774
2025-04-26 00:39:14,316 - INFO - This is log message number 775
2025-04-26 00:39:14,316 - INFO - This is log message number 776
2025-04-26 00:39:14,317 - INFO - This is log message number 777
2025-04-26 00:39:14,317 - INFO - This is log message number 778
2025-04-26 00:39:14,317 - INFO - This is log message number 779
2025-04-26 00:39:14,317 - INFO - This is log message number 780
2025-04-26 00:39:14,317 - INFO - This is log message number 781
2025-04-26 00:39:14,317 - INFO - This is log message number 782
2025-04-26 00:39:14,319 - INFO - This is log message number 783
2025-04-26 00:39:14,319 - INFO - This is log message number 784
2025-04-26 00:39:14,319 - INFO - This is log message number 785
2025-04-26 00:39:14,319 - INFO - This is log message number 786
2025-04-26 00:39:14,319 - INFO - This is log message number 787
2025-04-26 00:39:14,319 - INFO - This is log message number 788
2025-04-26 00:39:14,319 - INFO - This is log message number 789
2025-04-26 00:39:14,320 - INFO - This is log message number 790
2025-04-26 00:39:14,320 - INFO - This is log message number 791
2025-04-26 00:39:14,320 - INFO - This is log message number 792
2025-04-26 00:39:14,320 - INFO - This is log message number 793
2025-04-26 00:39:14,320 - INFO - This is log message number 794
2025-04-26 00:39:14,320 - INFO - This is log message number 795
2025-04-26 00:39:14,320 - INFO - This is log message number 796
2025-04-26 00:39:14,321 - INFO - This is log message number 797
2025-04-26 00:39:14,321 - INFO - This is log message number 798
2025-04-26 00:39:14,321 - INFO - This is log message number 799
2025-04-26 00:39:14,321 - INFO - This is log message number 800
2025-04-26 00:39:14,322 - INFO - This is log message number 801
2025-04-26 00:39:14,322 - INFO - This is log message number 802
2025-04-26 00:39:14,322 - INFO - This is log message number 803
2025-04-26 00:39:14,322 - INFO - This is log message number 804
2025-04-26 00:39:14,322 - INFO - This is log message number 805
2025-04-26 00:39:14,324 - INFO - This is log message number 806
2025-04-26 00:39:14,324 - INFO - This is log message number 807
2025-04-26 00:39:14,324 - INFO - This is log message number 808
2025-04-26 00:39:14,324 - INFO - This is log message number 809
2025-04-26 00:39:14,324 - INFO - This is log message number 810
2025-04-26 00:39:14,325 - INFO - This is log message number 811
2025-04-26 00:39:14,325 - INFO - This is log message number 812
2025-04-26 00:39:14,325 - INFO - This is log message number 813
2025-04-26 00:39:14,325 - INFO - This is log message number 814
2025-04-26 00:39:14,325 - INFO - This is log message number 815
2025-04-26 00:39:14,326 - INFO - This is log message number 816
2025-04-26 00:39:14,326 - INFO - This is log message number 817
2025-04-26 00:39:14,326 - INFO - This is log message number 818
2025-04-26 00:39:14,326 - INFO - This is log message number 819
2025-04-26 00:39:14,326 - INFO - This is log message number 820
2025-04-26 00:39:14,327 - INFO - This is log message number 821
2025-04-26 00:39:14,327 - INFO - This is log message number 822
2025-04-26 00:39:14,327 - INFO - This is log message number 823
2025-04-26 00:39:14,327 - INFO - This is log message number 824
2025-04-26 00:39:14,328 - INFO - This is log message number 825
2025-04-26 00:39:14,328 - INFO - This is log message number 826
2025-04-26 00:39:14,328 - INFO - This is log message number 827
2025-04-26 00:39:14,328 - INFO - This is log message number 828
2025-04-26 00:39:14,328 - INFO - This is log message number 829
2025-04-26 00:39:14,329 - INFO - This is log message number 830
2025-04-26 00:39:14,329 - INFO - This is log message number 831
2025-04-26 00:39:14,329 - INFO - This is log message number 832
2025-04-26 00:39:14,329 - INFO - This is log message number 833
2025-04-26 00:39:14,330 - INFO - This is log message number 834
2025-04-26 00:39:14,330 - INFO - This is log message number 835
2025-04-26 00:39:14,330 - INFO - This is log message number 836
2025-04-26 00:39:14,330 - INFO - This is log message number 837
2025-04-26 00:39:14,330 - INFO - This is log message number 838
2025-04-26 00:39:14,330 - INFO - This is log message number 839
2025-04-26 00:39:14,331 - INFO - This is log message number 840
2025-04-26 00:39:14,331 - INFO - This is log message number 841
2025-04-26 00:39:14,331 - INFO - This is log message number 842
2025-04-26 00:39:14,331 - INFO - This is log message number 843
2025-04-26 00:39:14,331 - INFO - This is log message number 844
2025-04-26 00:39:14,332 - INFO - This is log message number 845
2025-04-26 00:39:14,332 - INFO - This is log message number 846
2025-04-26 00:39:14,332 - INFO - This is log message number 847
2025-04-26 00:39:14,333 - INFO - This is log message number 848
2025-04-26 00:39:14,333 - INFO - This is log message number 849
2025-04-26 00:39:14,333 - INFO - This is log message number 850
2025-04-26 00:39:14,333 - INFO - This is log message number 851
2025-04-26 00:39:14,334 - INFO - This is log message number 852
2025-04-26 00:39:14,334 - INFO - This is log message number 853
2025-04-26 00:39:14,334 - INFO - This is log message number 854
2025-04-26 00:39:14,334 - INFO - This is log message number 855
2025-04-26 00:39:14,334 - INFO - This is log message number 856
2025-04-26 00:39:14,334 - INFO - This is log message number 857
2025-04-26 00:39:14,334 - INFO - This is log message number 858
2025-04-26 00:39:14,335 - INFO - This is log message number 859
2025-04-26 00:39:14,335 - INFO - This is log message number 860
2025-04-26 00:39:14,335 - INFO - This is log message number 861
2025-04-26 00:39:14,335 - INFO - This is log message number 862
2025-04-26 00:39:14,336 - INFO - This is log message number 863
2025-04-26 00:39:14,336 - INFO - This is log message number 864
2025-04-26 00:39:14,336 - INFO - This is log message number 865
2025-04-26 00:39:14,336 - INFO - This is log message number 866
2025-04-26 00:39:14,337 - INFO - This is log message number 867
2025-04-26 00:39:14,337 - INFO - This is log message number 868
2025-04-26 00:39:14,337 - INFO - This is log message number 869
2025-04-26 00:39:14,337 - INFO - This is log message number 870
2025-04-26 00:39:14,339 - INFO - This is log message number 871
2025-04-26 00:39:14,339 - INFO - This is log message number 872
2025-04-26 00:39:14,339 - INFO - This is log message number 873
2025-04-26 00:39:14,339 - INFO - This is log message number 874
2025-04-26 00:39:14,339 - INFO - This is log message number 875
2025-04-26 00:39:14,340 - INFO - This is log message number 876
2025-04-26 00:39:14,340 - INFO - This is log message number 877
2025-04-26 00:39:14,340 - INFO - This is log message number 878
2025-04-26 00:39:14,340 - INFO - This is log message number 879
2025-04-26 00:39:14,340 - INFO - This is log message number 880
2025-04-26 00:39:14,340 - INFO - This is log message number 881
2025-04-26 00:39:14,341 - INFO - This is log message number 882
2025-04-26 00:39:14,341 - INFO - This is log message number 883
2025-04-26 00:39:14,341 - INFO - This is log message number 884
2025-04-26 00:39:14,341 - INFO - This is log message number 885
2025-04-26 00:39:14,341 - INFO - This is log message number 886
2025-04-26 00:39:14,342 - INFO - This is log message number 887
2025-04-26 00:39:14,342 - INFO - This is log message number 888
2025-04-26 00:39:14,342 - INFO - This is log message number 889
2025-04-26 00:39:14,342 - INFO - This is log message number 890
2025-04-26 00:39:14,342 - INFO - This is log message number 891
2025-04-26 00:39:14,342 - INFO - This is log message number 892
2025-04-26 00:39:14,343 - INFO - This is log message number 893
2025-04-26 00:39:14,343 - INFO - This is log message number 894
2025-04-26 00:39:14,343 - INFO - This is log message number 895
2025-04-26 00:39:14,343 - INFO - This is log message number 896
2025-04-26 00:39:14,343 - INFO - This is log message number 897
2025-04-26 00:39:14,343 - INFO - This is log message number 898
2025-04-26 00:39:14,344 - INFO - This is log message number 899
2025-04-26 00:39:14,344 - INFO - This is log message number 900
2025-04-26 00:39:14,344 - INFO - This is log message number 901
2025-04-26 00:39:14,344 - INFO - This is log message number 902
2025-04-26 00:39:14,344 - INFO - This is log message number 903
2025-04-26 00:39:14,344 - INFO - This is log message number 904
2025-04-26 00:39:14,345 - INFO - This is log message number 905
2025-04-26 00:39:14,345 - INFO - This is log message number 906
2025-04-26 00:39:14,345 - INFO - This is log message number 907
2025-04-26 00:39:14,345 - INFO - This is log message number 908
2025-04-26 00:39:14,345 - INFO - This is log message number 909
2025-04-26 00:39:14,345 - INFO - This is log message number 910
2025-04-26 00:39:14,346 - INFO - This is log message number 911
2025-04-26 00:39:14,346 - INFO - This is log message number 912
2025-04-26 00:39:14,346 - INFO - This is log message number 913
2025-04-26 00:39:14,346 - INFO - This is log message number 914
2025-04-26 00:39:14,346 - INFO - This is log message number 915
2025-04-26 00:39:14,347 - INFO - This is log message number 916
2025-04-26 00:39:14,347 - INFO - This is log message number 917
2025-04-26 00:39:14,347 - INFO - This is log message number 918
2025-04-26 00:39:14,347 - INFO - This is log message number 919
2025-04-26 00:39:14,347 - INFO - This is log message number 920
2025-04-26 00:39:14,348 - INFO - This is log message number 921
2025-04-26 00:39:14,348 - INFO - This is log message number 922
2025-04-26 00:39:14,348 - INFO - This is log message number 923
2025-04-26 00:39:14,348 - INFO - This is log message number 924
2025-04-26 00:39:14,348 - INFO - This is log message number 925
2025-04-26 00:39:14,348 - INFO - This is log message number 926
2025-04-26 00:39:14,349 - INFO - This is log message number 927
2025-04-26 00:39:14,349 - INFO - This is log message number 928
2025-04-26 00:39:14,349 - INFO - This is log message number 929
2025-04-26 00:39:14,349 - INFO - This is log message number 930
2025-04-26 00:39:14,349 - INFO - This is log message number 931
2025-04-26 00:39:14,350 - INFO - This is log message number 932
2025-04-26 00:39:14,350 - INFO - This is log message number 933
2025-04-26 00:39:14,350 - INFO - This is log message number 934
2025-04-26 00:39:14,350 - INFO - This is log message number 935
2025-04-26 00:39:14,350 - INFO - This is log message number 936
2025-04-26 00:39:14,351 - INFO - This is log message number 937
2025-04-26 00:39:14,351 - INFO - This is log message number 938
2025-04-26 00:39:14,351 - INFO - This is log message number 939
2025-04-26 00:39:14,351 - INFO - This is log message number 940
2025-04-26 00:39:14,351 - INFO - This is log message number 941
2025-04-26 00:39:14,352 - INFO - This is log message number 942
2025-04-26 00:39:14,352 - INFO - This is log message number 943
2025-04-26 00:39:14,352 - INFO - This is log message number 944
2025-04-26 00:39:14,352 - INFO - This is log message number 945
2025-04-26 00:39:14,352 - INFO - This is log message number 946
2025-04-26 00:39:14,354 - INFO - This is log message number 947
2025-04-26 00:39:14,354 - INFO - This is log message number 948
2025-04-26 00:39:14,354 - INFO - This is log message number 949
2025-04-26 00:39:14,354 - INFO - This is log message number 950
2025-04-26 00:39:14,354 - INFO - This is log message number 951
2025-04-26 00:39:14,355 - INFO - This is log message number 952
2025-04-26 00:39:14,355 - INFO - This is log message number 953
2025-04-26 00:39:14,355 - INFO - This is log message number 954
2025-04-26 00:39:14,355 - INFO - This is log message number 955
2025-04-26 00:39:14,355 - INFO - This is log message number 956
2025-04-26 00:39:14,355 - INFO - This is log message number 957
2025-04-26 00:39:14,356 - INFO - This is log message number 958
2025-04-26 00:39:14,356 - INFO - This is log message number 959
2025-04-26 00:39:14,356 - INFO - This is log message number 960
2025-04-26 00:39:14,356 - INFO - This is log message number 961
2025-04-26 00:39:14,356 - INFO - This is log message number 962
2025-04-26 00:39:14,356 - INFO - This is log message number 963
2025-04-26 00:39:14,357 - INFO - This is log message number 964
2025-04-26 00:39:14,357 - INFO - This is log message number 965
2025-04-26 00:39:14,357 - INFO - This is log message number 966
2025-04-26 00:39:14,357 - INFO - This is log message number 967
2025-04-26 00:39:14,357 - INFO - This is log message number 968
2025-04-26 00:39:14,358 - INFO - This is log message number 969
2025-04-26 00:39:14,358 - INFO - This is log message number 970
2025-04-26 00:39:14,358 - INFO - This is log message number 971
2025-04-26 00:39:14,358 - INFO - This is log message number 972
2025-04-26 00:39:14,358 - INFO - This is log message number 973
2025-04-26 00:39:14,359 - INFO - This is log message number 974
2025-04-26 00:39:14,359 - INFO - This is log message number 975
2025-04-26 00:39:14,359 - INFO - This is log message number 976
2025-04-26 00:39:14,359 - INFO - This is log message number 977
2025-04-26 00:39:14,359 - INFO - This is log message number 978
2025-04-26 00:39:14,359 - INFO - This is log message number 979
2025-04-26 00:39:14,360 - INFO - This is log message number 980
2025-04-26 00:39:14,360 - INFO - This is log message number 981
2025-04-26 00:39:14,360 - INFO - This is log message number 982
2025-04-26 00:39:14,360 - INFO - This is log message number 983
2025-04-26 00:39:14,360 - INFO - This is log message number 984
2025-04-26 00:39:14,360 - INFO - This is log message number 985
2025-04-26 00:39:14,360 - INFO - This is log message number 986
2025-04-26 00:39:14,361 - INFO - This is log message number 987
2025-04-26 00:39:14,361 - INFO - This is log message number 988
2025-04-26 00:39:14,361 - INFO - This is log message number 989
2025-04-26 00:39:14,361 - INFO - This is log message number 990
2025-04-26 00:39:14,361 - INFO - This is log message number 991
2025-04-26 00:39:14,362 - INFO - This is log message number 992
2025-04-26 00:39:14,362 - INFO - This is log message number 993
2025-04-26 00:39:14,362 - INFO - This is log message number 994
2025-04-26 00:39:14,362 - INFO - This is log message number 995
2025-04-26 00:39:14,362 - INFO - This is log message number 996
2025-04-26 00:39:14,362 - INFO - This is log message number 997
2025-04-26 00:39:14,363 - INFO - This is log message number 998
2025-04-26 00:39:14,363 - INFO - This is log message number 999
2025-04-26 00:39:14,363 - INFO - This is log message number 1000
2025-04-26 00:39:14,363 - INFO - This is log message number 1001
2025-04-26 00:39:14,363 - INFO - This is log message number 1002
2025-04-26 00:39:14,364 - INFO - This is log message number 1003
2025-04-26 00:39:14,364 - INFO - This is log message number 1004
2025-04-26 00:39:14,364 - INFO - This is log message number 1005
2025-04-26 00:39:14,364 - INFO - This is log message number 1006
2025-04-26 00:39:14,364 - INFO - This is log message number 1007
2025-04-26 00:39:14,364 - INFO - This is log message number 1008
2025-04-26 00:39:14,364 - INFO - This is log message number 1009
2025-04-26 00:39:14,365 - INFO - This is log message number 1010
2025-04-26 00:39:14,365 - INFO - This is log message number 1011
2025-04-26 00:39:14,365 - INFO - This is log message number 1012
2025-04-26 00:39:14,365 - INFO - This is log message number 1013
2025-04-26 00:39:14,365 - INFO - This is log message number 1014
2025-04-26 00:39:14,366 - INFO - This is log message number 1015
2025-04-26 00:39:14,366 - INFO - This is log message number 1016
2025-04-26 00:39:14,366 - INFO - This is log message number 1017
2025-04-26 00:39:14,366 - INFO - This is log message number 1018
2025-04-26 00:39:14,366 - INFO - This is log message number 1019
2025-04-26 00:39:14,366 - INFO - This is log message number 1020
2025-04-26 00:39:14,367 - INFO - This is log message number 1021
2025-04-26 00:39:14,367 - INFO - This is log message number 1022
2025-04-26 00:39:14,367 - INFO - This is log message number 1023
2025-04-26 00:39:14,367 - INFO - This is log message number 1024
2025-04-26 00:39:14,367 - INFO - This is log message number 1025
2025-04-26 00:39:14,367 - INFO - This is log message number 1026
2025-04-26 00:39:14,368 - INFO - This is log message number 1027
2025-04-26 00:39:14,368 - INFO - This is log message number 1028
2025-04-26 00:39:14,368 - INFO - This is log message number 1029
2025-04-26 00:39:14,368 - INFO - This is log message number 1030
2025-04-26 00:39:14,368 - INFO - This is log message number 1031
2025-04-26 00:39:14,369 - INFO - This is log message number 1032
2025-04-26 00:39:14,369 - INFO - This is log message number 1033
2025-04-26 00:39:14,369 - INFO - This is log message number 1034
2025-04-26 00:39:14,369 - INFO - This is log message number 1035
2025-04-26 00:39:14,369 - INFO - This is log message number 1036
2025-04-26 00:39:14,369 - INFO - This is log message number 1037
2025-04-26 00:39:14,370 - INFO - This is log message number 1038
2025-04-26 00:39:14,370 - INFO - This is log message number 1039
2025-04-26 00:39:14,370 - INFO - This is log message number 1040
2025-04-26 00:39:14,370 - INFO - This is log message number 1041
2025-04-26 00:39:14,371 - INFO - This is log message number 1042
2025-04-26 00:39:14,371 - INFO - This is log message number 1043
2025-04-26 00:39:14,371 - INFO - This is log message number 1044
2025-04-26 00:39:14,371 - INFO - This is log message number 1045
2025-04-26 00:39:14,371 - INFO - This is log message number 1046
2025-04-26 00:39:14,371 - INFO - This is log message number 1047
2025-04-26 00:39:14,373 - INFO - This is log message number 1048
2025-04-26 00:39:14,373 - INFO - This is log message number 1049
2025-04-26 00:39:14,373 - INFO - This is log message number 1050
2025-04-26 00:39:14,373 - INFO - This is log message number 1051
2025-04-26 00:39:14,373 - INFO - This is log message number 1052
2025-04-26 00:39:14,374 - INFO - This is log message number 1053
2025-04-26 00:39:14,374 - INFO - This is log message number 1054
2025-04-26 00:39:14,374 - INFO - This is log message number 1055
2025-04-26 00:39:14,374 - INFO - This is log message number 1056
2025-04-26 00:39:14,374 - INFO - This is log message number 1057
2025-04-26 00:39:14,374 - INFO - This is log message number 1058
2025-04-26 00:39:14,375 - INFO - This is log message number 1059
2025-04-26 00:39:14,375 - INFO - This is log message number 1060
2025-04-26 00:39:14,375 - INFO - This is log message number 1061
2025-04-26 00:39:14,375 - INFO - This is log message number 1062
2025-04-26 00:39:14,375 - INFO - This is log message number 1063
2025-04-26 00:39:14,375 - INFO - This is log message number 1064
2025-04-26 00:39:14,376 - INFO - This is log message number 1065
2025-04-26 00:39:14,376 - INFO - This is log message number 1066
2025-04-26 00:39:14,376 - INFO - This is log message number 1067
2025-04-26 00:39:14,376 - INFO - This is log message number 1068
2025-04-26 00:39:14,376 - INFO - This is log message number 1069
2025-04-26 00:39:14,377 - INFO - This is log message number 1070
2025-04-26 00:39:14,377 - INFO - This is log message number 1071
2025-04-26 00:39:14,377 - INFO - This is log message number 1072
2025-04-26 00:39:14,377 - INFO - This is log message number 1073
2025-04-26 00:39:14,377 - INFO - This is log message number 1074
2025-04-26 00:39:14,377 - INFO - This is log message number 1075
2025-04-26 00:39:14,377 - INFO - This is log message number 1076
2025-04-26 00:39:14,378 - INFO - This is log message number 1077
2025-04-26 00:39:14,378 - INFO - This is log message number 1078
2025-04-26 00:39:14,378 - INFO - This is log message number 1079
2025-04-26 00:39:14,378 - INFO - This is log message number 1080
2025-04-26 00:39:14,378 - INFO - This is log message number 1081
2025-04-26 00:39:14,378 - INFO - This is log message number 1082
2025-04-26 00:39:14,378 - INFO - This is log message number 1083
2025-04-26 00:39:14,380 - INFO - This is log message number 1084
2025-04-26 00:39:14,380 - INFO - This is log message number 1085
2025-04-26 00:39:14,380 - INFO - This is log message number 1086
2025-04-26 00:39:14,380 - INFO - This is log message number 1087
2025-04-26 00:39:14,380 - INFO - This is log message number 1088
2025-04-26 00:39:14,380 - INFO - This is log message number 1089
2025-04-26 00:39:14,381 - INFO - This is log message number 1090
2025-04-26 00:39:14,381 - INFO - This is log message number 1091
2025-04-26 00:39:14,381 - INFO - This is log message number 1092
2025-04-26 00:39:14,381 - INFO - This is log message number 1093
2025-04-26 00:39:14,381 - INFO - This is log message number 1094
2025-04-26 00:39:14,382 - INFO - This is log message number 1095
2025-04-26 00:39:14,382 - INFO - This is log message number 1096
2025-04-26 00:39:14,382 - INFO - This is log message number 1097
2025-04-26 00:39:14,382 - INFO - This is log message number 1098
2025-04-26 00:39:14,382 - INFO - This is log message number 1099
2025-04-26 00:39:14,383 - INFO - This is log message number 1100
2025-04-26 00:39:14,383 - INFO - This is log message number 1101
2025-04-26 00:39:14,383 - INFO - This is log message number 1102
2025-04-26 00:39:14,383 - INFO - This is log message number 1103
2025-04-26 00:39:14,383 - INFO - This is log message number 1104
2025-04-26 00:39:14,384 - INFO - This is log message number 1105
2025-04-26 00:39:14,384 - INFO - This is log message number 1106
2025-04-26 00:39:14,384 - INFO - This is log message number 1107
2025-04-26 00:39:14,384 - INFO - This is log message number 1108
2025-04-26 00:39:14,384 - INFO - This is log message number 1109
2025-04-26 00:39:14,385 - INFO - This is log message number 1110
2025-04-26 00:39:14,385 - INFO - This is log message number 1111
2025-04-26 00:39:14,385 - INFO - This is log message number 1112
2025-04-26 00:39:14,385 - INFO - This is log message number 1113
2025-04-26 00:39:14,385 - INFO - This is log message number 1114
2025-04-26 00:39:14,386 - INFO - This is log message number 1115
2025-04-26 00:39:14,386 - INFO - This is log message number 1116
2025-04-26 00:39:14,386 - INFO - This is log message number 1117
2025-04-26 00:39:14,386 - INFO - This is log message number 1118
2025-04-26 00:39:14,387 - INFO - This is log message number 1119
2025-04-26 00:39:14,387 - INFO - This is log message number 1120
2025-04-26 00:39:14,387 - INFO - This is log message number 1121
2025-04-26 00:39:14,387 - INFO - This is log message number 1122
2025-04-26 00:39:14,387 - INFO - This is log message number 1123
2025-04-26 00:39:14,387 - INFO - This is log message number 1124
2025-04-26 00:39:14,388 - INFO - This is log message number 1125
2025-04-26 00:39:14,388 - INFO - This is log message number 1126
2025-04-26 00:39:14,388 - INFO - This is log message number 1127
2025-04-26 00:39:14,388 - INFO - This is log message number 1128
2025-04-26 00:39:14,388 - INFO - This is log message number 1129
2025-04-26 00:39:14,389 - INFO - This is log message number 1130
2025-04-26 00:39:14,389 - INFO - This is log message number 1131
2025-04-26 00:39:14,389 - INFO - This is log message number 1132
2025-04-26 00:39:14,389 - INFO - This is log message number 1133
2025-04-26 00:39:14,389 - INFO - This is log message number 1134
2025-04-26 00:39:14,391 - INFO - This is log message number 1135
2025-04-26 00:39:14,391 - INFO - This is log message number 1136
2025-04-26 00:39:14,391 - INFO - This is log message number 1137
2025-04-26 00:39:14,391 - INFO - This is log message number 1138
2025-04-26 00:39:14,391 - INFO - This is log message number 1139
2025-04-26 00:39:14,391 - INFO - This is log message number 1140
2025-04-26 00:39:14,391 - INFO - This is log message number 1141
2025-04-26 00:39:14,391 - INFO - This is log message number 1142
2025-04-26 00:39:14,392 - INFO - This is log message number 1143
2025-04-26 00:39:14,392 - INFO - This is log message number 1144
2025-04-26 00:39:14,392 - INFO - This is log message number 1145
2025-04-26 00:39:14,392 - INFO - This is log message number 1146
2025-04-26 00:39:14,392 - INFO - This is log message number 1147
2025-04-26 00:39:14,392 - INFO - This is log message number 1148
2025-04-26 00:39:14,392 - INFO - This is log message number 1149
2025-04-26 00:39:14,393 - INFO - This is log message number 1150
2025-04-26 00:39:14,393 - INFO - This is log message number 1151
2025-04-26 00:39:14,393 - INFO - This is log message number 1152
2025-04-26 00:39:14,393 - INFO - This is log message number 1153
2025-04-26 00:39:14,393 - INFO - This is log message number 1154
2025-04-26 00:39:14,394 - INFO - This is log message number 1155
2025-04-26 00:39:14,394 - INFO - This is log message number 1156
2025-04-26 00:39:14,394 - INFO - This is log message number 1157
2025-04-26 00:39:14,394 - INFO - This is log message number 1158
2025-04-26 00:39:14,394 - INFO - This is log message number 1159
2025-04-26 00:39:14,395 - INFO - This is log message number 1160
2025-04-26 00:39:14,395 - INFO - This is log message number 1161
2025-04-26 00:39:14,395 - INFO - This is log message number 1162
2025-04-26 00:39:14,395 - INFO - This is log message number 1163
2025-04-26 00:39:14,395 - INFO - This is log message number 1164
2025-04-26 00:39:14,395 - INFO - This is log message number 1165
2025-04-26 00:39:14,395 - INFO - This is log message number 1166
2025-04-26 00:39:14,396 - INFO - This is log message number 1167
2025-04-26 00:39:14,396 - INFO - This is log message number 1168
2025-04-26 00:39:14,396 - INFO - This is log message number 1169
2025-04-26 00:39:14,396 - INFO - This is log message number 1170
2025-04-26 00:39:14,396 - INFO - This is log message number 1171
2025-04-26 00:39:14,397 - INFO - This is log message number 1172
2025-04-26 00:39:14,397 - INFO - This is log message number 1173
2025-04-26 00:39:14,397 - INFO - This is log message number 1174
2025-04-26 00:39:14,397 - INFO - This is log message number 1175
2025-04-26 00:39:14,397 - INFO - This is log message number 1176
2025-04-26 00:39:14,397 - INFO - This is log message number 1177
2025-04-26 00:39:14,397 - INFO - This is log message number 1178
2025-04-26 00:39:14,399 - INFO - This is log message number 1179
2025-04-26 00:39:14,399 - INFO - This is log message number 1180
2025-04-26 00:39:14,399 - INFO - This is log message number 1181
2025-04-26 00:39:14,399 - INFO - This is log message number 1182
2025-04-26 00:39:14,399 - INFO - This is log message number 1183
2025-04-26 00:39:14,399 - INFO - This is log message number 1184
2025-04-26 00:39:14,399 - INFO - This is log message number 1185
2025-04-26 00:39:14,400 - INFO - This is log message number 1186
2025-04-26 00:39:14,400 - INFO - This is log message number 1187
2025-04-26 00:39:14,400 - INFO - This is log message number 1188
2025-04-26 00:39:14,400 - INFO - This is log message number 1189
2025-04-26 00:39:14,400 - INFO - This is log message number 1190
2025-04-26 00:39:14,401 - INFO - This is log message number 1191
2025-04-26 00:39:14,401 - INFO - This is log message number 1192
2025-04-26 00:39:14,401 - INFO - This is log message number 1193
2025-04-26 00:39:14,401 - INFO - This is log message number 1194
2025-04-26 00:39:14,401 - INFO - This is log message number 1195
2025-04-26 00:39:14,402 - INFO - This is log message number 1196
2025-04-26 00:39:14,402 - INFO - This is log message number 1197
2025-04-26 00:39:14,402 - INFO - This is log message number 1198
2025-04-26 00:39:14,402 - INFO - This is log message number 1199
2025-04-26 00:39:14,402 - INFO - This is log message number 1200
2025-04-26 00:39:14,403 - INFO - This is log message number 1201
2025-04-26 00:39:14,403 - INFO - This is log message number 1202
2025-04-26 00:39:14,403 - INFO - This is log message number 1203
2025-04-26 00:39:14,403 - INFO - This is log message number 1204
2025-04-26 00:39:14,403 - INFO - This is log message number 1205
2025-04-26 00:39:14,403 - INFO - This is log message number 1206
2025-04-26 00:39:14,404 - INFO - This is log message number 1207
2025-04-26 00:39:14,404 - INFO - This is log message number 1208
2025-04-26 00:39:14,404 - INFO - This is log message number 1209
2025-04-26 00:39:14,404 - INFO - This is log message number 1210
2025-04-26 00:39:14,406 - INFO - This is log message number 1211
2025-04-26 00:39:14,406 - INFO - This is log message number 1212
2025-04-26 00:39:14,406 - INFO - This is log message number 1213
2025-04-26 00:39:14,406 - INFO - This is log message number 1214
2025-04-26 00:39:14,407 - INFO - This is log message number 1215
2025-04-26 00:39:14,407 - INFO - This is log message number 1216
2025-04-26 00:39:14,407 - INFO - This is log message number 1217
2025-04-26 00:39:14,407 - INFO - This is log message number 1218
2025-04-26 00:39:14,407 - INFO - This is log message number 1219
2025-04-26 00:39:14,407 - INFO - This is log message number 1220
2025-04-26 00:39:14,408 - INFO - This is log message number 1221
2025-04-26 00:39:14,408 - INFO - This is log message number 1222
2025-04-26 00:39:14,408 - INFO - This is log message number 1223
2025-04-26 00:39:14,408 - INFO - This is log message number 1224
2025-04-26 00:39:14,408 - INFO - This is log message number 1225
2025-04-26 00:39:14,409 - INFO - This is log message number 1226
2025-04-26 00:39:14,409 - INFO - This is log message number 1227
2025-04-26 00:39:14,409 - INFO - This is log message number 1228
2025-04-26 00:39:14,409 - INFO - This is log message number 1229
2025-04-26 00:39:14,409 - INFO - This is log message number 1230
2025-04-26 00:39:14,410 - INFO - This is log message number 1231
2025-04-26 00:39:14,410 - INFO - This is log message number 1232
2025-04-26 00:39:14,410 - INFO - This is log message number 1233
2025-04-26 00:39:14,410 - INFO - This is log message number 1234
2025-04-26 00:39:14,410 - INFO - This is log message number 1235
2025-04-26 00:39:14,410 - INFO - This is log message number 1236
2025-04-26 00:39:14,411 - INFO - This is log message number 1237
2025-04-26 00:39:14,411 - INFO - This is log message number 1238
2025-04-26 00:39:14,411 - INFO - This is log message number 1239
2025-04-26 00:39:14,411 - INFO - This is log message number 1240
2025-04-26 00:39:14,411 - INFO - This is log message number 1241
2025-04-26 00:39:14,411 - INFO - This is log message number 1242
2025-04-26 00:39:14,411 - INFO - This is log message number 1243
2025-04-26 00:39:14,412 - INFO - This is log message number 1244
2025-04-26 00:39:14,412 - INFO - This is log message number 1245
2025-04-26 00:39:14,412 - INFO - This is log message number 1246
2025-04-26 00:39:14,412 - INFO - This is log message number 1247
2025-04-26 00:39:14,412 - INFO - This is log message number 1248
2025-04-26 00:39:14,413 - INFO - This is log message number 1249
2025-04-26 00:39:14,413 - INFO - This is log message number 1250
2025-04-26 00:39:14,413 - INFO - This is log message number 1251
2025-04-26 00:39:14,413 - INFO - This is log message number 1252
2025-04-26 00:39:14,413 - INFO - This is log message number 1253
2025-04-26 00:39:14,414 - INFO - This is log message number 1254
2025-04-26 00:39:14,414 - INFO - This is log message number 1255
2025-04-26 00:39:14,414 - INFO - This is log message number 1256
2025-04-26 00:39:14,414 - INFO - This is log message number 1257
2025-04-26 00:39:14,414 - INFO - This is log message number 1258
2025-04-26 00:39:14,414 - INFO - This is log message number 1259
2025-04-26 00:39:14,416 - INFO - This is log message number 1260
2025-04-26 00:39:14,416 - INFO - This is log message number 1261
2025-04-26 00:39:14,416 - INFO - This is log message number 1262
2025-04-26 00:39:14,416 - INFO - This is log message number 1263
2025-04-26 00:39:14,416 - INFO - This is log message number 1264
2025-04-26 00:39:14,416 - INFO - This is log message number 1265
2025-04-26 00:39:14,416 - INFO - This is log message number 1266
2025-04-26 00:39:14,417 - INFO - This is log message number 1267
2025-04-26 00:39:14,417 - INFO - This is log message number 1268
2025-04-26 00:39:14,417 - INFO - This is log message number 1269
2025-04-26 00:39:14,417 - INFO - This is log message number 1270
2025-04-26 00:39:14,417 - INFO - This is log message number 1271
2025-04-26 00:39:14,417 - INFO - This is log message number 1272
2025-04-26 00:39:14,418 - INFO - This is log message number 1273
2025-04-26 00:39:14,418 - INFO - This is log message number 1274
2025-04-26 00:39:14,418 - INFO - This is log message number 1275
2025-04-26 00:39:14,418 - INFO - This is log message number 1276
2025-04-26 00:39:14,418 - INFO - This is log message number 1277
2025-04-26 00:39:14,418 - INFO - This is log message number 1278
2025-04-26 00:39:14,418 - INFO - This is log message number 1279
2025-04-26 00:39:14,419 - INFO - This is log message number 1280
2025-04-26 00:39:14,419 - INFO - This is log message number 1281
2025-04-26 00:39:14,419 - INFO - This is log message number 1282
2025-04-26 00:39:14,419 - INFO - This is log message number 1283
2025-04-26 00:39:14,419 - INFO - This is log message number 1284
2025-04-26 00:39:14,420 - INFO - This is log message number 1285
2025-04-26 00:39:14,420 - INFO - This is log message number 1286
2025-04-26 00:39:14,420 - INFO - This is log message number 1287
2025-04-26 00:39:14,420 - INFO - This is log message number 1288
2025-04-26 00:39:14,420 - INFO - This is log message number 1289
2025-04-26 00:39:14,420 - INFO - This is log message number 1290
2025-04-26 00:39:14,422 - INFO - This is log message number 1291
2025-04-26 00:39:14,422 - INFO - This is log message number 1292
2025-04-26 00:39:14,422 - INFO - This is log message number 1293
2025-04-26 00:39:14,422 - INFO - This is log message number 1294
2025-04-26 00:39:14,422 - INFO - This is log message number 1295
2025-04-26 00:39:14,422 - INFO - This is log message number 1296
2025-04-26 00:39:14,422 - INFO - This is log message number 1297
2025-04-26 00:39:14,423 - INFO - This is log message number 1298
2025-04-26 00:39:14,423 - INFO - This is log message number 1299
2025-04-26 00:39:14,423 - INFO - This is log message number 1300
2025-04-26 00:39:14,423 - INFO - This is log message number 1301
2025-04-26 00:39:14,424 - INFO - This is log message number 1302
2025-04-26 00:39:14,424 - INFO - This is log message number 1303
2025-04-26 00:39:14,424 - INFO - This is log message number 1304
2025-04-26 00:39:14,424 - INFO - This is log message number 1305
2025-04-26 00:39:14,424 - INFO - This is log message number 1306
2025-04-26 00:39:14,424 - INFO - This is log message number 1307
2025-04-26 00:39:14,426 - INFO - This is log message number 1308
2025-04-26 00:39:14,426 - INFO - This is log message number 1309
2025-04-26 00:39:14,426 - INFO - This is log message number 1310
2025-04-26 00:39:14,426 - INFO - This is log message number 1311
2025-04-26 00:39:14,427 - INFO - This is log message number 1312
2025-04-26 00:39:14,427 - INFO - This is log message number 1313
2025-04-26 00:39:14,427 - INFO - This is log message number 1314
2025-04-26 00:39:14,427 - INFO - This is log message number 1315
2025-04-26 00:39:14,427 - INFO - This is log message number 1316
2025-04-26 00:39:14,428 - INFO - This is log message number 1317
2025-04-26 00:39:14,428 - INFO - This is log message number 1318
2025-04-26 00:39:14,428 - INFO - This is log message number 1319
2025-04-26 00:39:14,428 - INFO - This is log message number 1320
2025-04-26 00:39:14,428 - INFO - This is log message number 1321
2025-04-26 00:39:14,429 - INFO - This is log message number 1322
2025-04-26 00:39:14,429 - INFO - This is log message number 1323
2025-04-26 00:39:14,429 - INFO - This is log message number 1324
2025-04-26 00:39:14,429 - INFO - This is log message number 1325
2025-04-26 00:39:14,429 - INFO - This is log message number 1326
2025-04-26 00:39:14,429 - INFO - This is log message number 1327
2025-04-26 00:39:14,430 - INFO - This is log message number 1328
2025-04-26 00:39:14,430 - INFO - This is log message number 1329
2025-04-26 00:39:14,430 - INFO - This is log message number 1330
2025-04-26 00:39:14,430 - INFO - This is log message number 1331
2025-04-26 00:39:14,430 - INFO - This is log message number 1332
2025-04-26 00:39:14,431 - INFO - This is log message number 1333
2025-04-26 00:39:14,431 - INFO - This is log message number 1334
2025-04-26 00:39:14,431 - INFO - This is log message number 1335
2025-04-26 00:39:14,431 - INFO - This is log message number 1336
2025-04-26 00:39:14,431 - INFO - This is log message number 1337
2025-04-26 00:39:14,431 - INFO - This is log message number 1338
2025-04-26 00:39:14,432 - INFO - This is log message number 1339
2025-04-26 00:39:14,432 - INFO - This is log message number 1340
2025-04-26 00:39:14,432 - INFO - This is log message number 1341
2025-04-26 00:39:14,432 - INFO - This is log message number 1342
2025-04-26 00:39:14,432 - INFO - This is log message number 1343
2025-04-26 00:39:14,433 - INFO - This is log message number 1344
2025-04-26 00:39:14,433 - INFO - This is log message number 1345
2025-04-26 00:39:14,433 - INFO - This is log message number 1346
2025-04-26 00:39:14,433 - INFO - This is log message number 1347
2025-04-26 00:39:14,433 - INFO - This is log message number 1348
2025-04-26 00:39:14,433 - INFO - This is log message number 1349
2025-04-26 00:39:14,433 - INFO - This is log message number 1350
2025-04-26 00:39:14,434 - INFO - This is log message number 1351
2025-04-26 00:39:14,434 - INFO - This is log message number 1352
2025-04-26 00:39:14,434 - INFO - This is log message number 1353
2025-04-26 00:39:14,434 - INFO - This is log message number 1354
2025-04-26 00:39:14,434 - INFO - This is log message number 1355
2025-04-26 00:39:14,434 - INFO - This is log message number 1356
2025-04-26 00:39:14,434 - INFO - This is log message number 1357
2025-04-26 00:39:14,434 - INFO - This is log message number 1358
2025-04-26 00:39:14,436 - INFO - This is log message number 1359
2025-04-26 00:39:14,436 - INFO - This is log message number 1360
2025-04-26 00:39:14,436 - INFO - This is log message number 1361
2025-04-26 00:39:14,436 - INFO - This is log message number 1362
2025-04-26 00:39:14,436 - INFO - This is log message number 1363
2025-04-26 00:39:14,437 - INFO - This is log message number 1364
2025-04-26 00:39:14,437 - INFO - This is log message number 1365
2025-04-26 00:39:14,437 - INFO - This is log message number 1366
2025-04-26 00:39:14,438 - INFO - This is log message number 1367
2025-04-26 00:39:14,438 - INFO - This is log message number 1368
2025-04-26 00:39:14,438 - INFO - This is log message number 1369
2025-04-26 00:39:14,438 - INFO - This is log message number 1370
2025-04-26 00:39:14,438 - INFO - This is log message number 1371
2025-04-26 00:39:14,438 - INFO - This is log message number 1372
2025-04-26 00:39:14,438 - INFO - This is log message number 1373
2025-04-26 00:39:14,440 - INFO - This is log message number 1374
2025-04-26 00:39:14,440 - INFO - This is log message number 1375
2025-04-26 00:39:14,440 - INFO - This is log message number 1376
2025-04-26 00:39:14,440 - INFO - This is log message number 1377
2025-04-26 00:39:14,440 - INFO - This is log message number 1378
2025-04-26 00:39:14,440 - INFO - This is log message number 1379
2025-04-26 00:39:14,440 - INFO - This is log message number 1380
2025-04-26 00:39:14,441 - INFO - This is log message number 1381
2025-04-26 00:39:14,441 - INFO - This is log message number 1382
2025-04-26 00:39:14,472 - INFO - This is log message number 1383
2025-04-26 00:39:14,472 - INFO - This is log message number 1384
2025-04-26 00:39:14,473 - INFO - This is log message number 1385
2025-04-26 00:39:14,473 - INFO - This is log message number 1386
2025-04-26 00:39:14,473 - INFO - This is log message number 1387
2025-04-26 00:39:14,474 - INFO - This is log message number 1388
2025-04-26 00:39:14,474 - INFO - This is log message number 1389
2025-04-26 00:39:14,474 - INFO - This is log message number 1390
2025-04-26 00:39:14,474 - INFO - This is log message number 1391
2025-04-26 00:39:14,475 - INFO - This is log message number 1392
2025-04-26 00:39:14,475 - INFO - This is log message number 1393
2025-04-26 00:39:14,475 - INFO - This is log message number 1394
2025-04-26 00:39:14,475 - INFO - This is log message number 1395
2025-04-26 00:39:14,476 - INFO - This is log message number 1396
2025-04-26 00:39:14,476 - INFO - This is log message number 1397
2025-04-26 00:39:14,476 - INFO - This is log message number 1398
2025-04-26 00:39:14,476 - INFO - This is log message number 1399
2025-04-26 00:39:14,476 - INFO - This is log message number 1400
2025-04-26 00:39:14,477 - INFO - This is log message number 1401
2025-04-26 00:39:14,477 - INFO - This is log message number 1402
2025-04-26 00:39:14,477 - INFO - This is log message number 1403
2025-04-26 00:39:14,477 - INFO - This is log message number 1404
2025-04-26 00:39:14,478 - INFO - This is log message number 1405
2025-04-26 00:39:14,478 - INFO - This is log message number 1406
2025-04-26 00:39:14,479 - INFO - This is log message number 1407
2025-04-26 00:39:14,479 - INFO - This is log message number 1408
2025-04-26 00:39:14,479 - INFO - This is log message number 1409
2025-04-26 00:39:14,479 - INFO - This is log message number 1410
2025-04-26 00:39:14,480 - INFO - This is log message number 1411
2025-04-26 00:39:14,480 - INFO - This is log message number 1412
2025-04-26 00:39:14,480 - INFO - This is log message number 1413
2025-04-26 00:39:14,480 - INFO - This is log message number 1414
2025-04-26 00:39:14,480 - INFO - This is log message number 1415
2025-04-26 00:39:14,480 - INFO - This is log message number 1416
2025-04-26 00:39:14,481 - INFO - This is log message number 1417
2025-04-26 00:39:14,481 - INFO - This is log message number 1418
2025-04-26 00:39:14,481 - INFO - This is log message number 1419
2025-04-26 00:39:14,481 - INFO - This is log message number 1420
2025-04-26 00:39:14,481 - INFO - This is log message number 1421
2025-04-26 00:39:14,483 - INFO - This is log message number 1422
2025-04-26 00:39:14,483 - INFO - This is log message number 1423
2025-04-26 00:39:14,483 - INFO - This is log message number 1424
2025-04-26 00:39:14,483 - INFO - This is log message number 1425
2025-04-26 00:39:14,483 - INFO - This is log message number 1426
2025-04-26 00:39:14,483 - INFO - This is log message number 1427
2025-04-26 00:39:14,484 - INFO - This is log message number 1428
2025-04-26 00:39:14,484 - INFO - This is log message number 1429
2025-04-26 00:39:14,484 - INFO - This is log message number 1430
2025-04-26 00:39:14,484 - INFO - This is log message number 1431
2025-04-26 00:39:14,485 - INFO - This is log message number 1432
2025-04-26 00:39:14,485 - INFO - This is log message number 1433
2025-04-26 00:39:14,485 - INFO - This is log message number 1434
2025-04-26 00:39:14,485 - INFO - This is log message number 1435
2025-04-26 00:39:14,485 - INFO - This is log message number 1436
2025-04-26 00:39:14,485 - INFO - This is log message number 1437
2025-04-26 00:39:14,486 - INFO - This is log message number 1438
2025-04-26 00:39:14,486 - INFO - This is log message number 1439
2025-04-26 00:39:14,486 - INFO - This is log message number 1440
2025-04-26 00:39:14,487 - INFO - This is log message number 1441
2025-04-26 00:39:14,487 - INFO - This is log message number 1442
2025-04-26 00:39:14,487 - INFO - This is log message number 1443
2025-04-26 00:39:14,487 - INFO - This is log message number 1444
2025-04-26 00:39:14,487 - INFO - This is log message number 1445
2025-04-26 00:39:14,487 - INFO - This is log message number 1446
2025-04-26 00:39:14,488 - INFO - This is log message number 1447
2025-04-26 00:39:14,488 - INFO - This is log message number 1448
2025-04-26 00:39:14,488 - INFO - This is log message number 1449
2025-04-26 00:39:14,488 - INFO - This is log message number 1450
2025-04-26 00:39:14,488 - INFO - This is log message number 1451
2025-04-26 00:39:14,489 - INFO - This is log message number 1452
2025-04-26 00:39:14,489 - INFO - This is log message number 1453
2025-04-26 00:39:14,489 - INFO - This is log message number 1454
2025-04-26 00:39:14,489 - INFO - This is log message number 1455
2025-04-26 00:39:14,490 - INFO - This is log message number 1456
2025-04-26 00:39:14,490 - INFO - This is log message number 1457
2025-04-26 00:39:14,490 - INFO - This is log message number 1458
2025-04-26 00:39:14,490 - INFO - This is log message number 1459
2025-04-26 00:39:14,490 - INFO - This is log message number 1460
2025-04-26 00:39:14,492 - INFO - This is log message number 1461
2025-04-26 00:39:14,492 - INFO - This is log message number 1462
2025-04-26 00:39:14,492 - INFO - This is log message number 1463
2025-04-26 00:39:14,492 - INFO - This is log message number 1464
2025-04-26 00:39:14,492 - INFO - This is log message number 1465
2025-04-26 00:39:14,492 - INFO - This is log message number 1466
2025-04-26 00:39:14,493 - INFO - This is log message number 1467
2025-04-26 00:39:14,493 - INFO - This is log message number 1468
2025-04-26 00:39:14,493 - INFO - This is log message number 1469
2025-04-26 00:39:14,493 - INFO - This is log message number 1470
2025-04-26 00:39:14,493 - INFO - This is log message number 1471
2025-04-26 00:39:14,493 - INFO - This is log message number 1472
2025-04-26 00:39:14,493 - INFO - This is log message number 1473
2025-04-26 00:39:14,494 - INFO - This is log message number 1474
2025-04-26 00:39:14,494 - INFO - This is log message number 1475
2025-04-26 00:39:14,494 - INFO - This is log message number 1476
2025-04-26 00:39:14,494 - INFO - This is log message number 1477
2025-04-26 00:39:14,494 - INFO - This is log message number 1478
2025-04-26 00:39:14,495 - INFO - This is log message number 1479
2025-04-26 00:39:14,495 - INFO - This is log message number 1480
2025-04-26 00:39:14,495 - INFO - This is log message number 1481
2025-04-26 00:39:14,495 - INFO - This is log message number 1482
2025-04-26 00:39:14,495 - INFO - This is log message number 1483
2025-04-26 00:39:14,496 - INFO - This is log message number 1484
2025-04-26 00:39:14,496 - INFO - This is log message number 1485
2025-04-26 00:39:14,496 - INFO - This is log message number 1486
2025-04-26 00:39:14,496 - INFO - This is log message number 1487
2025-04-26 00:39:14,496 - INFO - This is log message number 1488
2025-04-26 00:39:14,498 - INFO - This is log message number 1489
2025-04-26 00:39:14,498 - INFO - This is log message number 1490
2025-04-26 00:39:14,498 - INFO - This is log message number 1491
2025-04-26 00:39:14,498 - INFO - This is log message number 1492
2025-04-26 00:39:14,498 - INFO - This is log message number 1493
2025-04-26 00:39:14,499 - INFO - This is log message number 1494
2025-04-26 00:39:14,499 - INFO - This is log message number 1495
2025-04-26 00:39:14,499 - INFO - This is log message number 1496
2025-04-26 00:39:14,499 - INFO - This is log message number 1497
2025-04-26 00:39:14,499 - INFO - This is log message number 1498
2025-04-26 00:39:14,499 - INFO - This is log message number 1499
2025-04-26 00:39:14,500 - INFO - This is log message number 1500
2025-04-26 00:39:14,500 - INFO - This is log message number 1501
2025-04-26 00:39:14,500 - INFO - This is log message number 1502
2025-04-26 00:39:14,500 - INFO - This is log message number 1503
2025-04-26 00:39:14,500 - INFO - This is log message number 1504
2025-04-26 00:39:14,501 - INFO - This is log message number 1505
2025-04-26 00:39:14,501 - INFO - This is log message number 1506
2025-04-26 00:39:14,501 - INFO - This is log message number 1507
2025-04-26 00:39:14,501 - INFO - This is log message number 1508
2025-04-26 00:39:14,501 - INFO - This is log message number 1509
2025-04-26 00:39:14,502 - INFO - This is log message number 1510
2025-04-26 00:39:14,502 - INFO - This is log message number 1511
2025-04-26 00:39:14,502 - INFO - This is log message number 1512
2025-04-26 00:39:14,502 - INFO - This is log message number 1513
2025-04-26 00:39:14,502 - INFO - This is log message number 1514
2025-04-26 00:39:14,502 - INFO - This is log message number 1515
2025-04-26 00:39:14,503 - INFO - This is log message number 1516
2025-04-26 00:39:14,503 - INFO - This is log message number 1517
2025-04-26 00:39:14,503 - INFO - This is log message number 1518
2025-04-26 00:39:14,503 - INFO - This is log message number 1519
2025-04-26 00:39:14,503 - INFO - This is log message number 1520
2025-04-26 00:39:14,504 - INFO - This is log message number 1521
2025-04-26 00:39:14,504 - INFO - This is log message number 1522
2025-04-26 00:39:14,504 - INFO - This is log message number 1523
2025-04-26 00:39:14,504 - INFO - This is log message number 1524
2025-04-26 00:39:14,504 - INFO - This is log message number 1525
2025-04-26 00:39:14,504 - INFO - This is log message number 1526
2025-04-26 00:39:14,505 - INFO - This is log message number 1527
2025-04-26 00:39:14,505 - INFO - This is log message number 1528
2025-04-26 00:39:14,505 - INFO - This is log message number 1529
2025-04-26 00:39:14,505 - INFO - This is log message number 1530
2025-04-26 00:39:14,505 - INFO - This is log message number 1531
2025-04-26 00:39:14,506 - INFO - This is log message number 1532
2025-04-26 00:39:14,506 - INFO - This is log message number 1533
2025-04-26 00:39:14,506 - INFO - This is log message number 1534
2025-04-26 00:39:14,506 - INFO - This is log message number 1535
2025-04-26 00:39:14,506 - INFO - This is log message number 1536
2025-04-26 00:39:14,507 - INFO - This is log message number 1537
2025-04-26 00:39:14,507 - INFO - This is log message number 1538
2025-04-26 00:39:14,507 - INFO - This is log message number 1539
2025-04-26 00:39:14,507 - INFO - This is log message number 1540
2025-04-26 00:39:14,507 - INFO - This is log message number 1541
2025-04-26 00:39:14,508 - INFO - This is log message number 1542
2025-04-26 00:39:14,508 - INFO - This is log message number 1543
2025-04-26 00:39:14,508 - INFO - This is log message number 1544
2025-04-26 00:39:14,508 - INFO - This is log message number 1545
2025-04-26 00:39:14,508 - INFO - This is log message number 1546
2025-04-26 00:39:14,508 - INFO - This is log message number 1547
2025-04-26 00:39:14,508 - INFO - This is log message number 1548
2025-04-26 00:39:14,510 - INFO - This is log message number 1549
2025-04-26 00:39:14,510 - INFO - This is log message number 1550
2025-04-26 00:39:14,510 - INFO - This is log message number 1551
2025-04-26 00:39:14,510 - INFO - This is log message number 1552
2025-04-26 00:39:14,510 - INFO - This is log message number 1553
2025-04-26 00:39:14,510 - INFO - This is log message number 1554
2025-04-26 00:39:14,510 - INFO - This is log message number 1555
2025-04-26 00:39:14,511 - INFO - This is log message number 1556
2025-04-26 00:39:14,511 - INFO - This is log message number 1557
2025-04-26 00:39:14,511 - INFO - This is log message number 1558
2025-04-26 00:39:14,511 - INFO - This is log message number 1559
2025-04-26 00:39:14,511 - INFO - This is log message number 1560
2025-04-26 00:39:14,511 - INFO - This is log message number 1561
2025-04-26 00:39:14,511 - INFO - This is log message number 1562
2025-04-26 00:39:14,512 - INFO - This is log message number 1563
2025-04-26 00:39:14,512 - INFO - This is log message number 1564
2025-04-26 00:39:14,512 - INFO - This is log message number 1565
2025-04-26 00:39:14,512 - INFO - This is log message number 1566
2025-04-26 00:39:14,512 - INFO - This is log message number 1567
2025-04-26 00:39:14,512 - INFO - This is log message number 1568
2025-04-26 00:39:14,514 - INFO - This is log message number 1569
2025-04-26 00:39:14,514 - INFO - This is log message number 1570
2025-04-26 00:39:14,514 - INFO - This is log message number 1571
2025-04-26 00:39:14,514 - INFO - This is log message number 1572
2025-04-26 00:39:14,514 - INFO - This is log message number 1573
2025-04-26 00:39:14,514 - INFO - This is log message number 1574
2025-04-26 00:39:14,514 - INFO - This is log message number 1575
2025-04-26 00:39:14,515 - INFO - This is log message number 1576
2025-04-26 00:39:14,515 - INFO - This is log message number 1577
2025-04-26 00:39:14,515 - INFO - This is log message number 1578
2025-04-26 00:39:14,515 - INFO - This is log message number 1579
2025-04-26 00:39:14,515 - INFO - This is log message number 1580
2025-04-26 00:39:14,516 - INFO - This is log message number 1581
2025-04-26 00:39:14,516 - INFO - This is log message number 1582
2025-04-26 00:39:14,516 - INFO - This is log message number 1583
2025-04-26 00:39:14,516 - INFO - This is log message number 1584
2025-04-26 00:39:14,516 - INFO - This is log message number 1585
2025-04-26 00:39:14,517 - INFO - This is log message number 1586
2025-04-26 00:39:14,517 - INFO - This is log message number 1587
2025-04-26 00:39:14,517 - INFO - This is log message number 1588
2025-04-26 00:39:14,517 - INFO - This is log message number 1589
2025-04-26 00:39:14,517 - INFO - This is log message number 1590
2025-04-26 00:39:14,517 - INFO - This is log message number 1591
2025-04-26 00:39:14,517 - INFO - This is log message number 1592
2025-04-26 00:39:14,517 - INFO - This is log message number 1593
2025-04-26 00:39:14,518 - INFO - This is log message number 1594
2025-04-26 00:39:14,518 - INFO - This is log message number 1595
2025-04-26 00:39:14,518 - INFO - This is log message number 1596
2025-04-26 00:39:14,518 - INFO - This is log message number 1597
2025-04-26 00:39:14,518 - INFO - This is log message number 1598
2025-04-26 00:39:14,518 - INFO - This is log message number 1599
2025-04-26 00:39:14,518 - INFO - This is log message number 1600
2025-04-26 00:39:14,520 - INFO - This is log message number 1601
2025-04-26 00:39:14,520 - INFO - This is log message number 1602
2025-04-26 00:39:14,520 - INFO - This is log message number 1603
2025-04-26 00:39:14,520 - INFO - This is log message number 1604
2025-04-26 00:39:14,520 - INFO - This is log message number 1605
2025-04-26 00:39:14,520 - INFO - This is log message number 1606
2025-04-26 00:39:14,521 - INFO - This is log message number 1607
2025-04-26 00:39:14,521 - INFO - This is log message number 1608
2025-04-26 00:39:14,521 - INFO - This is log message number 1609
2025-04-26 00:39:14,521 - INFO - This is log message number 1610
2025-04-26 00:39:14,521 - INFO - This is log message number 1611
2025-04-26 00:39:14,522 - INFO - This is log message number 1612
2025-04-26 00:39:14,522 - INFO - This is log message number 1613
2025-04-26 00:39:14,522 - INFO - This is log message number 1614
2025-04-26 00:39:14,522 - INFO - This is log message number 1615
2025-04-26 00:39:14,522 - INFO - This is log message number 1616
2025-04-26 00:39:14,523 - INFO - This is log message number 1617
2025-04-26 00:39:14,523 - INFO - This is log message number 1618
2025-04-26 00:39:14,523 - INFO - This is log message number 1619
2025-04-26 00:39:14,523 - INFO - This is log message number 1620
2025-04-26 00:39:14,523 - INFO - This is log message number 1621
2025-04-26 00:39:14,524 - INFO - This is log message number 1622
2025-04-26 00:39:14,524 - INFO - This is log message number 1623
2025-04-26 00:39:14,524 - INFO - This is log message number 1624
2025-04-26 00:39:14,524 - INFO - This is log message number 1625
2025-04-26 00:39:14,524 - INFO - This is log message number 1626
2025-04-26 00:39:14,524 - INFO - This is log message number 1627
2025-04-26 00:39:14,525 - INFO - This is log message number 1628
2025-04-26 00:39:14,525 - INFO - This is log message number 1629
2025-04-26 00:39:14,525 - INFO - This is log message number 1630
2025-04-26 00:39:14,525 - INFO - This is log message number 1631
2025-04-26 00:39:14,525 - INFO - This is log message number 1632
2025-04-26 00:39:14,525 - INFO - This is log message number 1633
2025-04-26 00:39:14,525 - INFO - This is log message number 1634
2025-04-26 00:39:14,526 - INFO - This is log message number 1635
2025-04-26 00:39:14,526 - INFO - This is log message number 1636
2025-04-26 00:39:14,526 - INFO - This is log message number 1637
2025-04-26 00:39:14,526 - INFO - This is log message number 1638
2025-04-26 00:39:14,526 - INFO - This is log message number 1639
2025-04-26 00:39:14,527 - INFO - This is log message number 1640
2025-04-26 00:39:14,527 - INFO - This is log message number 1641
2025-04-26 00:39:14,527 - INFO - This is log message number 1642
2025-04-26 00:39:14,527 - INFO - This is log message number 1643
2025-04-26 00:39:14,527 - INFO - This is log message number 1644
2025-04-26 00:39:14,528 - INFO - This is log message number 1645
2025-04-26 00:39:14,528 - INFO - This is log message number 1646
2025-04-26 00:39:14,528 - INFO - This is log message number 1647
2025-04-26 00:39:14,528 - INFO - This is log message number 1648
2025-04-26 00:39:14,528 - INFO - This is log message number 1649
2025-04-26 00:39:14,529 - INFO - This is log message number 1650
2025-04-26 00:39:14,529 - INFO - This is log message number 1651
2025-04-26 00:39:14,529 - INFO - This is log message number 1652
2025-04-26 00:39:14,529 - INFO - This is log message number 1653
2025-04-26 00:39:14,529 - INFO - This is log message number 1654
2025-04-26 00:39:14,530 - INFO - This is log message number 1655
2025-04-26 00:39:14,530 - INFO - This is log message number 1656
2025-04-26 00:39:14,530 - INFO - This is log message number 1657
2025-04-26 00:39:14,530 - INFO - This is log message number 1658
2025-04-26 00:39:14,530 - INFO - This is log message number 1659
2025-04-26 00:39:14,530 - INFO - This is log message number 1660
2025-04-26 00:39:14,531 - INFO - This is log message number 1661
2025-04-26 00:39:14,531 - INFO - This is log message number 1662
2025-04-26 00:39:14,531 - INFO - This is log message number 1663
2025-04-26 00:39:14,531 - INFO - This is log message number 1664
2025-04-26 00:39:14,531 - INFO - This is log message number 1665
2025-04-26 00:39:14,531 - INFO - This is log message number 1666
2025-04-26 00:39:14,532 - INFO - This is log message number 1667
2025-04-26 00:39:14,532 - INFO - This is log message number 1668
2025-04-26 00:39:14,532 - INFO - This is log message number 1669
2025-04-26 00:39:14,532 - INFO - This is log message number 1670
2025-04-26 00:39:14,532 - INFO - This is log message number 1671
2025-04-26 00:39:14,533 - INFO - This is log message number 1672
2025-04-26 00:39:14,533 - INFO - This is log message number 1673
2025-04-26 00:39:14,533 - INFO - This is log message number 1674
2025-04-26 00:39:14,533 - INFO - This is log message number 1675
2025-04-26 00:39:14,533 - INFO - This is log message number 1676
2025-04-26 00:39:14,533 - INFO - This is log message number 1677
2025-04-26 00:39:14,534 - INFO - This is log message number 1678
2025-04-26 00:39:14,534 - INFO - This is log message number 1679
2025-04-26 00:39:14,534 - INFO - This is log message number 1680
2025-04-26 00:39:14,534 - INFO - This is log message number 1681
2025-04-26 00:39:14,534 - INFO - This is log message number 1682
2025-04-26 00:39:14,534 - INFO - This is log message number 1683
2025-04-26 00:39:14,535 - INFO - This is log message number 1684
2025-04-26 00:39:14,535 - INFO - This is log message number 1685
2025-04-26 00:39:14,535 - INFO - This is log message number 1686
2025-04-26 00:39:14,535 - INFO - This is log message number 1687
2025-04-26 00:39:14,536 - INFO - This is log message number 1688
2025-04-26 00:39:14,536 - INFO - This is log message number 1689
2025-04-26 00:39:14,536 - INFO - This is log message number 1690
2025-04-26 00:39:14,536 - INFO - This is log message number 1691
2025-04-26 00:39:14,537 - INFO - This is log message number 1692
2025-04-26 00:39:14,537 - INFO - This is log message number 1693
2025-04-26 00:39:14,537 - INFO - This is log message number 1694
2025-04-26 00:39:14,537 - INFO - This is log message number 1695
2025-04-26 00:39:14,538 - INFO - This is log message number 1696
2025-04-26 00:39:14,538 - INFO - This is log message number 1697
2025-04-26 00:39:14,538 - INFO - This is log message number 1698
2025-04-26 00:39:14,538 - INFO - This is log message number 1699
2025-04-26 00:39:14,539 - INFO - This is log message number 1700
2025-04-26 00:39:14,539 - INFO - This is log message number 1701
2025-04-26 00:39:14,539 - INFO - This is log message number 1702
2025-04-26 00:39:14,539 - INFO - This is log message number 1703
2025-04-26 00:39:14,540 - INFO - This is log message number 1704
2025-04-26 00:39:14,540 - INFO - This is log message number 1705
2025-04-26 00:39:14,540 - INFO - This is log message number 1706
2025-04-26 00:39:14,540 - INFO - This is log message number 1707
2025-04-26 00:39:14,540 - INFO - This is log message number 1708
2025-04-26 00:39:14,541 - INFO - This is log message number 1709
2025-04-26 00:39:14,541 - INFO - This is log message number 1710
2025-04-26 00:39:14,541 - INFO - This is log message number 1711
2025-04-26 00:39:14,541 - INFO - This is log message number 1712
2025-04-26 00:39:14,541 - INFO - This is log message number 1713
2025-04-26 00:39:14,541 - INFO - This is log message number 1714
2025-04-26 00:39:14,542 - INFO - This is log message number 1715
2025-04-26 00:39:14,542 - INFO - This is log message number 1716
2025-04-26 00:39:14,542 - INFO - This is log message number 1717
2025-04-26 00:39:14,542 - INFO - This is log message number 1718
2025-04-26 00:39:14,542 - INFO - This is log message number 1719
2025-04-26 00:39:14,542 - INFO - This is log message number 1720
2025-04-26 00:39:14,542 - INFO - This is log message number 1721
2025-04-26 00:39:14,544 - INFO - This is log message number 1722
2025-04-26 00:39:14,544 - INFO - This is log message number 1723
2025-04-26 00:39:14,544 - INFO - This is log message number 1724
2025-04-26 00:39:14,544 - INFO - This is log message number 1725
2025-04-26 00:39:14,544 - INFO - This is log message number 1726
2025-04-26 00:39:14,544 - INFO - This is log message number 1727
2025-04-26 00:39:14,544 - INFO - This is log message number 1728
2025-04-26 00:39:14,544 - INFO - This is log message number 1729
2025-04-26 00:39:14,545 - INFO - This is log message number 1730
2025-04-26 00:39:14,545 - INFO - This is log message number 1731
2025-04-26 00:39:14,545 - INFO - This is log message number 1732
2025-04-26 00:39:14,545 - INFO - This is log message number 1733
2025-04-26 00:39:14,545 - INFO - This is log message number 1734
2025-04-26 00:39:14,545 - INFO - This is log message number 1735
2025-04-26 00:39:14,546 - INFO - This is log message number 1736
2025-04-26 00:39:14,546 - INFO - This is log message number 1737
2025-04-26 00:39:14,546 - INFO - This is log message number 1738
2025-04-26 00:39:14,546 - INFO - This is log message number 1739
2025-04-26 00:39:14,547 - INFO - This is log message number 1740
2025-04-26 00:39:14,547 - INFO - This is log message number 1741
2025-04-26 00:39:14,547 - INFO - This is log message number 1742
2025-04-26 00:39:14,547 - INFO - This is log message number 1743
2025-04-26 00:39:14,547 - INFO - This is log message number 1744
2025-04-26 00:39:14,547 - INFO - This is log message number 1745
2025-04-26 00:39:14,547 - INFO - This is log message number 1746
2025-04-26 00:39:14,547 - INFO - This is log message number 1747
2025-04-26 00:39:14,547 - INFO - This is log message number 1748
2025-04-26 00:39:14,549 - INFO - This is log message number 1749
2025-04-26 00:39:14,549 - INFO - This is log message number 1750
2025-04-26 00:39:14,549 - INFO - This is log message number 1751
2025-04-26 00:39:14,549 - INFO - This is log message number 1752
2025-04-26 00:39:14,549 - INFO - This is log message number 1753
2025-04-26 00:39:14,549 - INFO - This is log message number 1754
2025-04-26 00:39:14,550 - INFO - This is log message number 1755
2025-04-26 00:39:14,550 - INFO - This is log message number 1756
2025-04-26 00:39:14,550 - INFO - This is log message number 1757
2025-04-26 00:39:14,550 - INFO - This is log message number 1758
2025-04-26 00:39:14,550 - INFO - This is log message number 1759
2025-04-26 00:39:14,551 - INFO - This is log message number 1760
2025-04-26 00:39:14,551 - INFO - This is log message number 1761
2025-04-26 00:39:14,551 - INFO - This is log message number 1762
2025-04-26 00:39:14,551 - INFO - This is log message number 1763
2025-04-26 00:39:14,551 - INFO - This is log message number 1764
2025-04-26 00:39:14,552 - INFO - This is log message number 1765
2025-04-26 00:39:14,552 - INFO - This is log message number 1766
2025-04-26 00:39:14,552 - INFO - This is log message number 1767
2025-04-26 00:39:14,552 - INFO - This is log message number 1768
2025-04-26 00:39:14,552 - INFO - This is log message number 1769
2025-04-26 00:39:14,553 - INFO - This is log message number 1770
2025-04-26 00:39:14,553 - INFO - This is log message number 1771
2025-04-26 00:39:14,553 - INFO - This is log message number 1772
2025-04-26 00:39:14,553 - INFO - This is log message number 1773
2025-04-26 00:39:14,554 - INFO - This is log message number 1774
2025-04-26 00:39:14,554 - INFO - This is log message number 1775
2025-04-26 00:39:14,554 - INFO - This is log message number 1776
2025-04-26 00:39:14,554 - INFO - This is log message number 1777
2025-04-26 00:39:14,554 - INFO - This is log message number 1778
2025-04-26 00:39:14,554 - INFO - This is log message number 1779
2025-04-26 00:39:14,554 - INFO - This is log message number 1780
2025-04-26 00:39:14,555 - INFO - This is log message number 1781
2025-04-26 00:39:14,555 - INFO - This is log message number 1782
2025-04-26 00:39:14,555 - INFO - This is log message number 1783
2025-04-26 00:39:14,555 - INFO - This is log message number 1784
2025-04-26 00:39:14,555 - INFO - This is log message number 1785
2025-04-26 00:39:14,556 - INFO - This is log message number 1786
2025-04-26 00:39:14,556 - INFO - This is log message number 1787
2025-04-26 00:39:14,556 - INFO - This is log message number 1788
2025-04-26 00:39:14,556 - INFO - This is log message number 1789
2025-04-26 00:39:14,556 - INFO - This is log message number 1790
2025-04-26 00:39:14,556 - INFO - This is log message number 1791
2025-04-26 00:39:14,556 - INFO - This is log message number 1792
2025-04-26 00:39:14,557 - INFO - This is log message number 1793
2025-04-26 00:39:14,557 - INFO - This is log message number 1794
2025-04-26 00:39:14,557 - INFO - This is log message number 1795
2025-04-26 00:39:14,557 - INFO - This is log message number 1796
2025-04-26 00:39:14,557 - INFO - This is log message number 1797
2025-04-26 00:39:14,557 - INFO - This is log message number 1798
2025-04-26 00:39:14,559 - INFO - This is log message number 1799
2025-04-26 00:39:14,559 - INFO - This is log message number 1800
2025-04-26 00:39:14,559 - INFO - This is log message number 1801
2025-04-26 00:39:14,559 - INFO - This is log message number 1802
2025-04-26 00:39:14,559 - INFO - This is log message number 1803
2025-04-26 00:39:14,559 - INFO - This is log message number 1804
2025-04-26 00:39:14,559 - INFO - This is log message number 1805
2025-04-26 00:39:14,560 - INFO - This is log message number 1806
2025-04-26 00:39:14,560 - INFO - This is log message number 1807
2025-04-26 00:39:14,560 - INFO - This is log message number 1808
2025-04-26 00:39:14,560 - INFO - This is log message number 1809
2025-04-26 00:39:14,560 - INFO - This is log message number 1810
2025-04-26 00:39:14,561 - INFO - This is log message number 1811
2025-04-26 00:39:14,561 - INFO - This is log message number 1812
2025-04-26 00:39:14,561 - INFO - This is log message number 1813
2025-04-26 00:39:14,561 - INFO - This is log message number 1814
2025-04-26 00:39:14,561 - INFO - This is log message number 1815
2025-04-26 00:39:14,561 - INFO - This is log message number 1816
2025-04-26 00:39:14,562 - INFO - This is log message number 1817
2025-04-26 00:39:14,562 - INFO - This is log message number 1818
2025-04-26 00:39:14,562 - INFO - This is log message number 1819
2025-04-26 00:39:14,562 - INFO - This is log message number 1820
2025-04-26 00:39:14,562 - INFO - This is log message number 1821
2025-04-26 00:39:14,563 - INFO - This is log message number 1822
2025-04-26 00:39:14,563 - INFO - This is log message number 1823
2025-04-26 00:39:14,563 - INFO - This is log message number 1824
2025-04-26 00:39:14,563 - INFO - This is log message number 1825
2025-04-26 00:39:14,563 - INFO - This is log message number 1826
2025-04-26 00:39:14,563 - INFO - This is log message number 1827
2025-04-26 00:39:14,564 - INFO - This is log message number 1828
2025-04-26 00:39:14,564 - INFO - This is log message number 1829
2025-04-26 00:39:14,564 - INFO - This is log message number 1830
2025-04-26 00:39:14,564 - INFO - This is log message number 1831
2025-04-26 00:39:14,564 - INFO - This is log message number 1832
2025-04-26 00:39:14,564 - INFO - This is log message number 1833
2025-04-26 00:39:14,564 - INFO - This is log message number 1834
2025-04-26 00:39:14,565 - INFO - This is log message number 1835
2025-04-26 00:39:14,565 - INFO - This is log message number 1836
2025-04-26 00:39:14,565 - INFO - This is log message number 1837
2025-04-26 00:39:14,565 - INFO - This is log message number 1838
2025-04-26 00:39:14,565 - INFO - This is log message number 1839
2025-04-26 00:39:14,566 - INFO - This is log message number 1840
2025-04-26 00:39:14,566 - INFO - This is log message number 1841
2025-04-26 00:39:14,566 - INFO - This is log message number 1842
2025-04-26 00:39:14,566 - INFO - This is log message number 1843
2025-04-26 00:39:14,566 - INFO - This is log message number 1844
2025-04-26 00:39:14,566 - INFO - This is log message number 1845
2025-04-26 00:39:14,566 - INFO - This is log message number 1846
2025-04-26 00:39:14,566 - INFO - This is log message number 1847
2025-04-26 00:39:14,568 - INFO - This is log message number 1848
2025-04-26 00:39:14,568 - INFO - This is log message number 1849
2025-04-26 00:39:14,568 - INFO - This is log message number 1850
2025-04-26 00:39:14,568 - INFO - This is log message number 1851
2025-04-26 00:39:14,568 - INFO - This is log message number 1852
2025-04-26 00:39:14,568 - INFO - This is log message number 1853
2025-04-26 00:39:14,568 - INFO - This is log message number 1854
2025-04-26 00:39:14,569 - INFO - This is log message number 1855
2025-04-26 00:39:14,569 - INFO - This is log message number 1856
2025-04-26 00:39:14,569 - INFO - This is log message number 1857
2025-04-26 00:39:14,569 - INFO - This is log message number 1858
2025-04-26 00:39:14,569 - INFO - This is log message number 1859
2025-04-26 00:39:14,569 - INFO - This is log message number 1860
2025-04-26 00:39:14,570 - INFO - This is log message number 1861
2025-04-26 00:39:14,570 - INFO - This is log message number 1862
2025-04-26 00:39:14,570 - INFO - This is log message number 1863
2025-04-26 00:39:14,570 - INFO - This is log message number 1864
2025-04-26 00:39:14,570 - INFO - This is log message number 1865
2025-04-26 00:39:14,571 - INFO - This is log message number 1866
2025-04-26 00:39:14,571 - INFO - This is log message number 1867
2025-04-26 00:39:14,571 - INFO - This is log message number 1868
2025-04-26 00:39:14,571 - INFO - This is log message number 1869
2025-04-26 00:39:14,571 - INFO - This is log message number 1870
2025-04-26 00:39:14,571 - INFO - This is log message number 1871
2025-04-26 00:39:14,572 - INFO - This is log message number 1872
2025-04-26 00:39:14,572 - INFO - This is log message number 1873
2025-04-26 00:39:14,572 - INFO - This is log message number 1874
2025-04-26 00:39:14,572 - INFO - This is log message number 1875
2025-04-26 00:39:14,573 - INFO - This is log message number 1876
2025-04-26 00:39:14,573 - INFO - This is log message number 1877
2025-04-26 00:39:14,573 - INFO - This is log message number 1878
2025-04-26 00:39:14,573 - INFO - This is log message number 1879
2025-04-26 00:39:14,573 - INFO - This is log message number 1880
2025-04-26 00:39:14,573 - INFO - This is log message number 1881
2025-04-26 00:39:14,573 - INFO - This is log message number 1882
2025-04-26 00:39:14,575 - INFO - This is log message number 1883
2025-04-26 00:39:14,575 - INFO - This is log message number 1884
2025-04-26 00:39:14,575 - INFO - This is log message number 1885
2025-04-26 00:39:14,575 - INFO - This is log message number 1886
2025-04-26 00:39:14,575 - INFO - This is log message number 1887
2025-04-26 00:39:14,575 - INFO - This is log message number 1888
2025-04-26 00:39:14,576 - INFO - This is log message number 1889
2025-04-26 00:39:14,576 - INFO - This is log message number 1890
2025-04-26 00:39:14,576 - INFO - This is log message number 1891
2025-04-26 00:39:14,576 - INFO - This is log message number 1892
2025-04-26 00:39:14,576 - INFO - This is log message number 1893
2025-04-26 00:39:14,576 - INFO - This is log message number 1894
2025-04-26 00:39:14,576 - INFO - This is log message number 1895
2025-04-26 00:39:14,576 - INFO - This is log message number 1896
2025-04-26 00:39:14,577 - INFO - This is log message number 1897
2025-04-26 00:39:14,577 - INFO - This is log message number 1898
2025-04-26 00:39:14,577 - INFO - This is log message number 1899
2025-04-26 00:39:14,577 - INFO - This is log message number 1900
2025-04-26 00:39:14,577 - INFO - This is log message number 1901
2025-04-26 00:39:14,577 - INFO - This is log message number 1902
2025-04-26 00:39:14,577 - INFO - This is log message number 1903
2025-04-26 00:39:14,577 - INFO - This is log message number 1904
2025-04-26 00:39:14,578 - INFO - This is log message number 1905
2025-04-26 00:39:14,578 - INFO - This is log message number 1906
2025-04-26 00:39:14,578 - INFO - This is log message number 1907
2025-04-26 00:39:14,578 - INFO - This is log message number 1908
2025-04-26 00:39:14,578 - INFO - This is log message number 1909
2025-04-26 00:39:14,579 - INFO - This is log message number 1910
2025-04-26 00:39:14,579 - INFO - This is log message number 1911
2025-04-26 00:39:14,579 - INFO - This is log message number 1912
2025-04-26 00:39:14,579 - INFO - This is log message number 1913
2025-04-26 00:39:14,579 - INFO - This is log message number 1914
2025-04-26 00:39:14,579 - INFO - This is log message number 1915
2025-04-26 00:39:14,580 - INFO - This is log message number 1916
2025-04-26 00:39:14,580 - INFO - This is log message number 1917
2025-04-26 00:39:14,580 - INFO - This is log message number 1918
2025-04-26 00:39:14,580 - INFO - This is log message number 1919
2025-04-26 00:39:14,580 - INFO - This is log message number 1920
2025-04-26 00:39:14,580 - INFO - This is log message number 1921
2025-04-26 00:39:14,581 - INFO - This is log message number 1922
2025-04-26 00:39:14,581 - INFO - This is log message number 1923
2025-04-26 00:39:14,581 - INFO - This is log message number 1924
2025-04-26 00:39:14,581 - INFO - This is log message number 1925
2025-04-26 00:39:14,581 - INFO - This is log message number 1926
2025-04-26 00:39:14,582 - INFO - This is log message number 1927
2025-04-26 00:39:14,582 - INFO - This is log message number 1928
2025-04-26 00:39:14,582 - INFO - This is log message number 1929
2025-04-26 00:39:14,582 - INFO - This is log message number 1930
2025-04-26 00:39:14,582 - INFO - This is log message number 1931
2025-04-26 00:39:14,582 - INFO - This is log message number 1932
2025-04-26 00:39:14,582 - INFO - This is log message number 1933
2025-04-26 00:39:14,582 - INFO - This is log message number 1934
2025-04-26 00:39:14,584 - INFO - This is log message number 1935
2025-04-26 00:39:14,584 - INFO - This is log message number 1936
2025-04-26 00:39:14,584 - INFO - This is log message number 1937
2025-04-26 00:39:14,584 - INFO - This is log message number 1938
2025-04-26 00:39:14,584 - INFO - This is log message number 1939
2025-04-26 00:39:14,585 - INFO - This is log message number 1940
2025-04-26 00:39:14,585 - INFO - This is log message number 1941
2025-04-26 00:39:14,585 - INFO - This is log message number 1942
2025-04-26 00:39:14,585 - INFO - This is log message number 1943
2025-04-26 00:39:14,585 - INFO - This is log message number 1944
2025-04-26 00:39:14,585 - INFO - This is log message number 1945
2025-04-26 00:39:14,585 - INFO - This is log message number 1946
2025-04-26 00:39:14,585 - INFO - This is log message number 1947
2025-04-26 00:39:14,586 - INFO - This is log message number 1948
2025-04-26 00:39:14,586 - INFO - This is log message number 1949
2025-04-26 00:39:14,586 - INFO - This is log message number 1950
2025-04-26 00:39:14,586 - INFO - This is log message number 1951
2025-04-26 00:39:14,587 - INFO - This is log message number 1952
2025-04-26 00:39:14,587 - INFO - This is log message number 1953
2025-04-26 00:39:14,587 - INFO - This is log message number 1954
2025-04-26 00:39:14,587 - INFO - This is log message number 1955
2025-04-26 00:39:14,587 - INFO - This is log message number 1956
2025-04-26 00:39:14,587 - INFO - This is log message number 1957
2025-04-26 00:39:14,587 - INFO - This is log message number 1958
2025-04-26 00:39:14,587 - INFO - This is log message number 1959
2025-04-26 00:39:14,588 - INFO - This is log message number 1960
2025-04-26 00:39:14,588 - INFO - This is log message number 1961
2025-04-26 00:39:14,588 - INFO - This is log message number 1962
2025-04-26 00:39:14,588 - INFO - This is log message number 1963
2025-04-26 00:39:14,588 - INFO - This is log message number 1964
2025-04-26 00:39:14,588 - INFO - This is log message number 1965
2025-04-26 00:39:14,589 - INFO - This is log message number 1966
2025-04-26 00:39:14,589 - INFO - This is log message number 1967
2025-04-26 00:39:14,589 - INFO - This is log message number 1968
2025-04-26 00:39:14,589 - INFO - This is log message number 1969
2025-04-26 00:39:14,589 - INFO - This is log message number 1970
2025-04-26 00:39:14,589 - INFO - This is log message number 1971
2025-04-26 00:39:14,589 - INFO - This is log message number 1972
2025-04-26 00:39:14,591 - INFO - This is log message number 1973
2025-04-26 00:39:14,591 - INFO - This is log message number 1974
2025-04-26 00:39:14,591 - INFO - This is log message number 1975
2025-04-26 00:39:14,591 - INFO - This is log message number 1976
2025-04-26 00:39:14,591 - INFO - This is log message number 1977
2025-04-26 00:39:14,591 - INFO - This is log message number 1978
2025-04-26 00:39:14,592 - INFO - This is log message number 1979
2025-04-26 00:39:14,592 - INFO - This is log message number 1980
2025-04-26 00:39:14,593 - INFO - This is log message number 1981
2025-04-26 00:39:14,593 - INFO - This is log message number 1982
2025-04-26 00:39:14,593 - INFO - This is log message number 1983
2025-04-26 00:39:14,593 - INFO - This is log message number 1984
2025-04-26 00:39:14,593 - INFO - This is log message number 1985
2025-04-26 00:39:14,594 - INFO - This is log message number 1986
2025-04-26 00:39:14,594 - INFO - This is log message number 1987
2025-04-26 00:39:14,594 - INFO - This is log message number 1988
2025-04-26 00:39:14,594 - INFO - This is log message number 1989
2025-04-26 00:39:14,594 - INFO - This is log message number 1990
2025-04-26 00:39:14,594 - INFO - This is log message number 1991
2025-04-26 00:39:14,595 - INFO - This is log message number 1992
2025-04-26 00:39:14,595 - INFO - This is log message number 1993
2025-04-26 00:39:14,595 - INFO - This is log message number 1994
2025-04-26 00:39:14,595 - INFO - This is log message number 1995
2025-04-26 00:39:14,595 - INFO - This is log message number 1996
2025-04-26 00:39:14,595 - INFO - This is log message number 1997
2025-04-26 00:39:14,596 - INFO - This is log message number 1998
2025-04-26 00:39:14,596 - INFO - This is log message number 1999
2025-04-26 00:39:14,596 - INFO - This is log message number 2000
2025-04-26 00:39:14,596 - INFO - This is log message number 2001
2025-04-26 00:39:14,596 - INFO - This is log message number 2002
2025-04-26 00:39:14,597 - INFO - This is log message number 2003
2025-04-26 00:39:14,597 - INFO - This is log message number 2004
2025-04-26 00:39:14,597 - INFO - This is log message number 2005
2025-04-26 00:39:14,597 - INFO - This is log message number 2006
2025-04-26 00:39:14,597 - INFO - This is log message number 2007
2025-04-26 00:39:14,597 - INFO - This is log message number 2008
2025-04-26 00:39:14,599 - INFO - This is log message number 2009
2025-04-26 00:39:14,599 - INFO - This is log message number 2010
2025-04-26 00:39:14,599 - INFO - This is log message number 2011
2025-04-26 00:39:14,599 - INFO - This is log message number 2012
2025-04-26 00:39:14,600 - INFO - This is log message number 2013
2025-04-26 00:39:14,600 - INFO - This is log message number 2014
2025-04-26 00:39:14,600 - INFO - This is log message number 2015
2025-04-26 00:39:14,600 - INFO - This is log message number 2016
2025-04-26 00:39:14,601 - INFO - This is log message number 2017
2025-04-26 00:39:14,601 - INFO - This is log message number 2018
2025-04-26 00:39:14,601 - INFO - This is log message number 2019
2025-04-26 00:39:14,601 - INFO - This is log message number 2020
2025-04-26 00:39:14,601 - INFO - This is log message number 2021
2025-04-26 00:39:14,602 - INFO - This is log message number 2022
2025-04-26 00:39:14,602 - INFO - This is log message number 2023
2025-04-26 00:39:14,602 - INFO - This is log message number 2024
2025-04-26 00:39:14,602 - INFO - This is log message number 2025
2025-04-26 00:39:14,602 - INFO - This is log message number 2026
2025-04-26 00:39:14,602 - INFO - This is log message number 2027
2025-04-26 00:39:14,602 - INFO - This is log message number 2028
2025-04-26 00:39:14,602 - INFO - This is log message number 2029
2025-04-26 00:39:14,603 - INFO - This is log message number 2030
2025-04-26 00:39:14,603 - INFO - This is log message number 2031
2025-04-26 00:39:14,603 - INFO - This is log message number 2032
2025-04-26 00:39:14,603 - INFO - This is log message number 2033
2025-04-26 00:39:14,604 - INFO - This is log message number 2034
2025-04-26 00:39:14,604 - INFO - This is log message number 2035
2025-04-26 00:39:14,604 - INFO - This is log message number 2036
2025-04-26 00:39:14,605 - INFO - This is log message number 2037
2025-04-26 00:39:14,605 - INFO - This is log message number 2038
2025-04-26 00:39:14,605 - INFO - This is log message number 2039
2025-04-26 00:39:14,605 - INFO - This is log message number 2040
2025-04-26 00:39:14,607 - INFO - This is log message number 2041
2025-04-26 00:39:14,607 - INFO - This is log message number 2042
2025-04-26 00:39:14,607 - INFO - This is log message number 2043
2025-04-26 00:39:14,607 - INFO - This is log message number 2044
2025-04-26 00:39:14,607 - INFO - This is log message number 2045
2025-04-26 00:39:14,608 - INFO - This is log message number 2046
2025-04-26 00:39:14,608 - INFO - This is log message number 2047
2025-04-26 00:39:14,608 - INFO - This is log message number 2048
2025-04-26 00:39:14,608 - INFO - This is log message number 2049
2025-04-26 00:39:14,608 - INFO - This is log message number 2050
2025-04-26 00:39:14,608 - INFO - This is log message number 2051
2025-04-26 00:39:14,608 - INFO - This is log message number 2052
2025-04-26 00:39:14,608 - INFO - This is log message number 2053
2025-04-26 00:39:14,609 - INFO - This is log message number 2054
2025-04-26 00:39:14,609 - INFO - This is log message number 2055
2025-04-26 00:39:14,609 - INFO - This is log message number 2056
2025-04-26 00:39:14,609 - INFO - This is log message number 2057
2025-04-26 00:39:14,609 - INFO - This is log message number 2058
2025-04-26 00:39:14,609 - INFO - This is log message number 2059
2025-04-26 00:39:14,610 - INFO - This is log message number 2060
2025-04-26 00:39:14,610 - INFO - This is log message number 2061
2025-04-26 00:39:14,610 - INFO - This is log message number 2062
2025-04-26 00:39:14,610 - INFO - This is log message number 2063
2025-04-26 00:39:14,610 - INFO - This is log message number 2064
2025-04-26 00:39:14,610 - INFO - This is log message number 2065
2025-04-26 00:39:14,611 - INFO - This is log message number 2066
2025-04-26 00:39:14,611 - INFO - This is log message number 2067
2025-04-26 00:39:14,611 - INFO - This is log message number 2068
2025-04-26 00:39:14,611 - INFO - This is log message number 2069
2025-04-26 00:39:14,611 - INFO - This is log message number 2070
2025-04-26 00:39:14,612 - INFO - This is log message number 2071
2025-04-26 00:39:14,612 - INFO - This is log message number 2072
2025-04-26 00:39:14,612 - INFO - This is log message number 2073
2025-04-26 00:39:14,612 - INFO - This is log message number 2074
2025-04-26 00:39:14,612 - INFO - This is log message number 2075
2025-04-26 00:39:14,612 - INFO - This is log message number 2076
2025-04-26 00:39:14,613 - INFO - This is log message number 2077
2025-04-26 00:39:14,613 - INFO - This is log message number 2078
2025-04-26 00:39:14,613 - INFO - This is log message number 2079
2025-04-26 00:39:14,613 - INFO - This is log message number 2080
2025-04-26 00:39:14,613 - INFO - This is log message number 2081
2025-04-26 00:39:14,614 - INFO - This is log message number 2082
2025-04-26 00:39:14,614 - INFO - This is log message number 2083
2025-04-26 00:39:14,614 - INFO - This is log message number 2084
2025-04-26 00:39:14,614 - INFO - This is log message number 2085
2025-04-26 00:39:14,614 - INFO - This is log message number 2086
2025-04-26 00:39:14,614 - INFO - This is log message number 2087
2025-04-26 00:39:14,614 - INFO - This is log message number 2088
2025-04-26 00:39:14,615 - INFO - This is log message number 2089
2025-04-26 00:39:14,615 - INFO - This is log message number 2090
2025-04-26 00:39:14,615 - INFO - This is log message number 2091
2025-04-26 00:39:14,615 - INFO - This is log message number 2092
2025-04-26 00:39:14,615 - INFO - This is log message number 2093
2025-04-26 00:39:14,615 - INFO - This is log message number 2094
2025-04-26 00:39:14,616 - INFO - This is log message number 2095
2025-04-26 00:39:14,616 - INFO - This is log message number 2096
2025-04-26 00:39:14,616 - INFO - This is log message number 2097
2025-04-26 00:39:14,616 - INFO - This is log message number 2098
2025-04-26 00:39:14,616 - INFO - This is log message number 2099
2025-04-26 00:39:14,617 - INFO - This is log message number 2100
2025-04-26 00:39:14,617 - INFO - This is log message number 2101
2025-04-26 00:39:14,617 - INFO - This is log message number 2102
2025-04-26 00:39:14,617 - INFO - This is log message number 2103
2025-04-26 00:39:14,617 - INFO - This is log message number 2104
2025-04-26 00:39:14,618 - INFO - This is log message number 2105
2025-04-26 00:39:14,618 - INFO - This is log message number 2106
2025-04-26 00:39:14,618 - INFO - This is log message number 2107
2025-04-26 00:39:14,618 - INFO - This is log message number 2108
2025-04-26 00:39:14,618 - INFO - This is log message number 2109
2025-04-26 00:39:14,618 - INFO - This is log message number 2110
2025-04-26 00:39:14,619 - INFO - This is log message number 2111
2025-04-26 00:39:14,619 - INFO - This is log message number 2112
2025-04-26 00:39:14,619 - INFO - This is log message number 2113
2025-04-26 00:39:14,619 - INFO - This is log message number 2114
2025-04-26 00:39:14,619 - INFO - This is log message number 2115
2025-04-26 00:39:14,621 - INFO - This is log message number 2116
2025-04-26 00:39:14,621 - INFO - This is log message number 2117
2025-04-26 00:39:14,621 - INFO - This is log message number 2118
2025-04-26 00:39:14,621 - INFO - This is log message number 2119
2025-04-26 00:39:14,621 - INFO - This is log message number 2120
2025-04-26 00:39:14,622 - INFO - This is log message number 2121
2025-04-26 00:39:14,622 - INFO - This is log message number 2122
2025-04-26 00:39:14,622 - INFO - This is log message number 2123
2025-04-26 00:39:14,622 - INFO - This is log message number 2124
2025-04-26 00:39:14,623 - INFO - This is log message number 2125
2025-04-26 00:39:14,623 - INFO - This is log message number 2126
2025-04-26 00:39:14,623 - INFO - This is log message number 2127
2025-04-26 00:39:14,623 - INFO - This is log message number 2128
2025-04-26 00:39:14,623 - INFO - This is log message number 2129
2025-04-26 00:39:14,624 - INFO - This is log message number 2130
2025-04-26 00:39:14,624 - INFO - This is log message number 2131
2025-04-26 00:39:14,624 - INFO - This is log message number 2132
2025-04-26 00:39:14,624 - INFO - This is log message number 2133
2025-04-26 00:39:14,625 - INFO - This is log message number 2134
2025-04-26 00:39:14,625 - INFO - This is log message number 2135
2025-04-26 00:39:14,625 - INFO - This is log message number 2136
2025-04-26 00:39:14,627 - INFO - This is log message number 2137
2025-04-26 00:39:14,627 - INFO - This is log message number 2138
2025-04-26 00:39:14,627 - INFO - This is log message number 2139
2025-04-26 00:39:14,627 - INFO - This is log message number 2140
2025-04-26 00:39:14,627 - INFO - This is log message number 2141
2025-04-26 00:39:14,628 - INFO - This is log message number 2142
2025-04-26 00:39:14,628 - INFO - This is log message number 2143
2025-04-26 00:39:14,628 - INFO - This is log message number 2144
2025-04-26 00:39:14,628 - INFO - This is log message number 2145
2025-04-26 00:39:14,628 - INFO - This is log message number 2146
2025-04-26 00:39:14,629 - INFO - This is log message number 2147
2025-04-26 00:39:14,629 - INFO - This is log message number 2148
2025-04-26 00:39:14,629 - INFO - This is log message number 2149
2025-04-26 00:39:14,629 - INFO - This is log message number 2150
2025-04-26 00:39:14,629 - INFO - This is log message number 2151
2025-04-26 00:39:14,629 - INFO - This is log message number 2152
2025-04-26 00:39:14,629 - INFO - This is log message number 2153
2025-04-26 00:39:14,630 - INFO - This is log message number 2154
2025-04-26 00:39:14,630 - INFO - This is log message number 2155
2025-04-26 00:39:14,630 - INFO - This is log message number 2156
2025-04-26 00:39:14,630 - INFO - This is log message number 2157
2025-04-26 00:39:14,630 - INFO - This is log message number 2158
2025-04-26 00:39:14,630 - INFO - This is log message number 2159
2025-04-26 00:39:14,631 - INFO - This is log message number 2160
2025-04-26 00:39:14,631 - INFO - This is log message number 2161
2025-04-26 00:39:14,631 - INFO - This is log message number 2162
2025-04-26 00:39:14,631 - INFO - This is log message number 2163
2025-04-26 00:39:14,631 - INFO - This is log message number 2164
2025-04-26 00:39:14,631 - INFO - This is log message number 2165
2025-04-26 00:39:14,632 - INFO - This is log message number 2166
2025-04-26 00:39:14,632 - INFO - This is log message number 2167
2025-04-26 00:39:14,632 - INFO - This is log message number 2168
2025-04-26 00:39:14,632 - INFO - This is log message number 2169
2025-04-26 00:39:14,632 - INFO - This is log message number 2170
2025-04-26 00:39:14,632 - INFO - This is log message number 2171
2025-04-26 00:39:14,633 - INFO - This is log message number 2172
2025-04-26 00:39:14,633 - INFO - This is log message number 2173
2025-04-26 00:39:14,633 - INFO - This is log message number 2174
2025-04-26 00:39:14,633 - INFO - This is log message number 2175
2025-04-26 00:39:14,633 - INFO - This is log message number 2176
2025-04-26 00:39:14,634 - INFO - This is log message number 2177
2025-04-26 00:39:14,634 - INFO - This is log message number 2178
2025-04-26 00:39:14,634 - INFO - This is log message number 2179
2025-04-26 00:39:14,634 - INFO - This is log message number 2180
2025-04-26 00:39:14,634 - INFO - This is log message number 2181
2025-04-26 00:39:14,634 - INFO - This is log message number 2182
2025-04-26 00:39:14,635 - INFO - This is log message number 2183
2025-04-26 00:39:14,635 - INFO - This is log message number 2184
2025-04-26 00:39:14,635 - INFO - This is log message number 2185
2025-04-26 00:39:14,635 - INFO - This is log message number 2186
2025-04-26 00:39:14,635 - INFO - This is log message number 2187
2025-04-26 00:39:14,636 - INFO - This is log message number 2188
2025-04-26 00:39:14,636 - INFO - This is log message number 2189
2025-04-26 00:39:14,636 - INFO - This is log message number 2190
2025-04-26 00:39:14,636 - INFO - This is log message number 2191
2025-04-26 00:39:14,636 - INFO - This is log message number 2192
2025-04-26 00:39:14,636 - INFO - This is log message number 2193
2025-04-26 00:39:14,636 - INFO - This is log message number 2194
2025-04-26 00:39:14,636 - INFO - This is log message number 2195
2025-04-26 00:39:14,638 - INFO - This is log message number 2196
2025-04-26 00:39:14,638 - INFO - This is log message number 2197
2025-04-26 00:39:14,638 - INFO - This is log message number 2198
2025-04-26 00:39:14,638 - INFO - This is log message number 2199
2025-04-26 00:39:14,639 - INFO - This is log message number 2200
2025-04-26 00:39:14,639 - INFO - This is log message number 2201
2025-04-26 00:39:14,639 - INFO - This is log message number 2202
2025-04-26 00:39:14,639 - INFO - This is log message number 2203
2025-04-26 00:39:14,639 - INFO - This is log message number 2204
2025-04-26 00:39:14,640 - INFO - This is log message number 2205
2025-04-26 00:39:14,640 - INFO - This is log message number 2206
2025-04-26 00:39:14,640 - INFO - This is log message number 2207
2025-04-26 00:39:14,640 - INFO - This is log message number 2208
2025-04-26 00:39:14,641 - INFO - This is log message number 2209
2025-04-26 00:39:14,641 - INFO - This is log message number 2210
2025-04-26 00:39:14,641 - INFO - This is log message number 2211
2025-04-26 00:39:14,641 - INFO - This is log message number 2212
2025-04-26 00:39:14,641 - INFO - This is log message number 2213
2025-04-26 00:39:14,642 - INFO - This is log message number 2214
2025-04-26 00:39:14,642 - INFO - This is log message number 2215
2025-04-26 00:39:14,642 - INFO - This is log message number 2216
2025-04-26 00:39:14,642 - INFO - This is log message number 2217
2025-04-26 00:39:14,642 - INFO - This is log message number 2218
2025-04-26 00:39:14,643 - INFO - This is log message number 2219
2025-04-26 00:39:14,643 - INFO - This is log message number 2220
2025-04-26 00:39:14,643 - INFO - This is log message number 2221
2025-04-26 00:39:14,643 - INFO - This is log message number 2222
2025-04-26 00:39:14,643 - INFO - This is log message number 2223
2025-04-26 00:39:14,643 - INFO - This is log message number 2224
2025-04-26 00:39:14,644 - INFO - This is log message number 2225
2025-04-26 00:39:14,644 - INFO - This is log message number 2226
2025-04-26 00:39:14,644 - INFO - This is log message number 2227
2025-04-26 00:39:14,644 - INFO - This is log message number 2228
2025-04-26 00:39:14,644 - INFO - This is log message number 2229
2025-04-26 00:39:14,644 - INFO - This is log message number 2230
2025-04-26 00:39:14,645 - INFO - This is log message number 2231
2025-04-26 00:39:14,645 - INFO - This is log message number 2232
2025-04-26 00:39:14,645 - INFO - This is log message number 2233
2025-04-26 00:39:14,645 - INFO - This is log message number 2234
2025-04-26 00:39:14,645 - INFO - This is log message number 2235
2025-04-26 00:39:14,645 - INFO - This is log message number 2236
2025-04-26 00:39:14,645 - INFO - This is log message number 2237
2025-04-26 00:39:14,645 - INFO - This is log message number 2238
2025-04-26 00:39:14,647 - INFO - This is log message number 2239
2025-04-26 00:39:14,647 - INFO - This is log message number 2240
2025-04-26 00:39:14,647 - INFO - This is log message number 2241
2025-04-26 00:39:14,647 - INFO - This is log message number 2242
2025-04-26 00:39:14,647 - INFO - This is log message number 2243
2025-04-26 00:39:14,647 - INFO - This is log message number 2244
2025-04-26 00:39:14,648 - INFO - This is log message number 2245
2025-04-26 00:39:14,648 - INFO - This is log message number 2246
2025-04-26 00:39:14,648 - INFO - This is log message number 2247
2025-04-26 00:39:14,648 - INFO - This is log message number 2248
2025-04-26 00:39:14,648 - INFO - This is log message number 2249
2025-04-26 00:39:14,649 - INFO - This is log message number 2250
2025-04-26 00:39:14,649 - INFO - This is log message number 2251
2025-04-26 00:39:14,649 - INFO - This is log message number 2252
2025-04-26 00:39:14,649 - INFO - This is log message number 2253
2025-04-26 00:39:14,649 - INFO - This is log message number 2254
2025-04-26 00:39:14,650 - INFO - This is log message number 2255
2025-04-26 00:39:14,650 - INFO - This is log message number 2256
2025-04-26 00:39:14,650 - INFO - This is log message number 2257
2025-04-26 00:39:14,650 - INFO - This is log message number 2258
2025-04-26 00:39:14,650 - INFO - This is log message number 2259
2025-04-26 00:39:14,650 - INFO - This is log message number 2260
2025-04-26 00:39:14,650 - INFO - This is log message number 2261
2025-04-26 00:39:14,651 - INFO - This is log message number 2262
2025-04-26 00:39:14,651 - INFO - This is log message number 2263
2025-04-26 00:39:14,651 - INFO - This is log message number 2264
2025-04-26 00:39:14,651 - INFO - This is log message number 2265
2025-04-26 00:39:14,651 - INFO - This is log message number 2266
2025-04-26 00:39:14,652 - INFO - This is log message number 2267
2025-04-26 00:39:14,652 - INFO - This is log message number 2268
2025-04-26 00:39:14,652 - INFO - This is log message number 2269
2025-04-26 00:39:14,652 - INFO - This is log message number 2270
2025-04-26 00:39:14,652 - INFO - This is log message number 2271
2025-04-26 00:39:14,652 - INFO - This is log message number 2272
2025-04-26 00:39:14,653 - INFO - This is log message number 2273
2025-04-26 00:39:14,653 - INFO - This is log message number 2274
2025-04-26 00:39:14,653 - INFO - This is log message number 2275
2025-04-26 00:39:14,653 - INFO - This is log message number 2276
2025-04-26 00:39:14,653 - INFO - This is log message number 2277
2025-04-26 00:39:14,654 - INFO - This is log message number 2278
2025-04-26 00:39:14,654 - INFO - This is log message number 2279
2025-04-26 00:39:14,654 - INFO - This is log message number 2280
2025-04-26 00:39:14,654 - INFO - This is log message number 2281
2025-04-26 00:39:14,654 - INFO - This is log message number 2282
2025-04-26 00:39:14,656 - INFO - This is log message number 2283
2025-04-26 00:39:14,656 - INFO - This is log message number 2284
2025-04-26 00:39:14,656 - INFO - This is log message number 2285
2025-04-26 00:39:14,656 - INFO - This is log message number 2286
2025-04-26 00:39:14,656 - INFO - This is log message number 2287
2025-04-26 00:39:14,657 - INFO - This is log message number 2288
2025-04-26 00:39:14,657 - INFO - This is log message number 2289
2025-04-26 00:39:14,657 - INFO - This is log message number 2290
2025-04-26 00:39:14,657 - INFO - This is log message number 2291
2025-04-26 00:39:14,657 - INFO - This is log message number 2292
2025-04-26 00:39:14,657 - INFO - This is log message number 2293
2025-04-26 00:39:14,658 - INFO - This is log message number 2294
2025-04-26 00:39:14,658 - INFO - This is log message number 2295
2025-04-26 00:39:14,658 - INFO - This is log message number 2296
2025-04-26 00:39:14,658 - INFO - This is log message number 2297
2025-04-26 00:39:14,658 - INFO - This is log message number 2298
2025-04-26 00:39:14,658 - INFO - This is log message number 2299
2025-04-26 00:39:14,658 - INFO - This is log message number 2300
2025-04-26 00:39:14,659 - INFO - This is log message number 2301
2025-04-26 00:39:14,659 - INFO - This is log message number 2302
2025-04-26 00:39:14,659 - INFO - This is log message number 2303
2025-04-26 00:39:14,659 - INFO - This is log message number 2304
2025-04-26 00:39:14,659 - INFO - This is log message number 2305
2025-04-26 00:39:14,660 - INFO - This is log message number 2306
2025-04-26 00:39:14,660 - INFO - This is log message number 2307
2025-04-26 00:39:14,660 - INFO - This is log message number 2308
2025-04-26 00:39:14,660 - INFO - This is log message number 2309
2025-04-26 00:39:14,660 - INFO - This is log message number 2310
2025-04-26 00:39:14,660 - INFO - This is log message number 2311
2025-04-26 00:39:14,661 - INFO - This is log message number 2312
2025-04-26 00:39:14,661 - INFO - This is log message number 2313
2025-04-26 00:39:14,661 - INFO - This is log message number 2314
2025-04-26 00:39:14,661 - INFO - This is log message number 2315
2025-04-26 00:39:14,661 - INFO - This is log message number 2316
2025-04-26 00:39:14,661 - INFO - This is log message number 2317
2025-04-26 00:39:14,661 - INFO - This is log message number 2318
2025-04-26 00:39:14,662 - INFO - This is log message number 2319
2025-04-26 00:39:14,662 - INFO - This is log message number 2320
2025-04-26 00:39:14,662 - INFO - This is log message number 2321
2025-04-26 00:39:14,662 - INFO - This is log message number 2322
2025-04-26 00:39:14,662 - INFO - This is log message number 2323
2025-04-26 00:39:14,662 - INFO - This is log message number 2324
2025-04-26 00:39:14,663 - INFO - This is log message number 2325
2025-04-26 00:39:14,663 - INFO - This is log message number 2326
2025-04-26 00:39:14,663 - INFO - This is log message number 2327
2025-04-26 00:39:14,663 - INFO - This is log message number 2328
2025-04-26 00:39:14,663 - INFO - This is log message number 2329
2025-04-26 00:39:14,663 - INFO - This is log message number 2330
2025-04-26 00:39:14,665 - INFO - This is log message number 2331
2025-04-26 00:39:14,665 - INFO - This is log message number 2332
2025-04-26 00:39:14,665 - INFO - This is log message number 2333
2025-04-26 00:39:14,665 - INFO - This is log message number 2334
2025-04-26 00:39:14,665 - INFO - This is log message number 2335
2025-04-26 00:39:14,665 - INFO - This is log message number 2336
2025-04-26 00:39:14,666 - INFO - This is log message number 2337
2025-04-26 00:39:14,666 - INFO - This is log message number 2338
2025-04-26 00:39:14,666 - INFO - This is log message number 2339
2025-04-26 00:39:14,666 - INFO - This is log message number 2340
2025-04-26 00:39:14,666 - INFO - This is log message number 2341
2025-04-26 00:39:14,666 - INFO - This is log message number 2342
2025-04-26 00:39:14,666 - INFO - This is log message number 2343
2025-04-26 00:39:14,666 - INFO - This is log message number 2344
2025-04-26 00:39:14,666 - INFO - This is log message number 2345
2025-04-26 00:39:14,667 - INFO - This is log message number 2346
2025-04-26 00:39:14,667 - INFO - This is log message number 2347
2025-04-26 00:39:14,667 - INFO - This is log message number 2348
2025-04-26 00:39:14,667 - INFO - This is log message number 2349
2025-04-26 00:39:14,667 - INFO - This is log message number 2350
2025-04-26 00:39:14,668 - INFO - This is log message number 2351
2025-04-26 00:39:14,668 - INFO - This is log message number 2352
2025-04-26 00:39:14,668 - INFO - This is log message number 2353
2025-04-26 00:39:14,668 - INFO - This is log message number 2354
2025-04-26 00:39:14,668 - INFO - This is log message number 2355
2025-04-26 00:39:14,668 - INFO - This is log message number 2356
2025-04-26 00:39:14,669 - INFO - This is log message number 2357
2025-04-26 00:39:14,669 - INFO - This is log message number 2358
2025-04-26 00:39:14,669 - INFO - This is log message number 2359
2025-04-26 00:39:14,669 - INFO - This is log message number 2360
2025-04-26 00:39:14,669 - INFO - This is log message number 2361
2025-04-26 00:39:14,670 - INFO - This is log message number 2362
2025-04-26 00:39:14,670 - INFO - This is log message number 2363
2025-04-26 00:39:14,670 - INFO - This is log message number 2364
2025-04-26 00:39:14,670 - INFO - This is log message number 2365
2025-04-26 00:39:14,672 - INFO - This is log message number 2366
2025-04-26 00:39:14,672 - INFO - This is log message number 2367
2025-04-26 00:39:14,672 - INFO - This is log message number 2368
2025-04-26 00:39:14,672 - INFO - This is log message number 2369
2025-04-26 00:39:14,672 - INFO - This is log message number 2370
2025-04-26 00:39:14,673 - INFO - This is log message number 2371
2025-04-26 00:39:14,673 - INFO - This is log message number 2372
2025-04-26 00:39:14,673 - INFO - This is log message number 2373
2025-04-26 00:39:14,673 - INFO - This is log message number 2374
2025-04-26 00:39:14,673 - INFO - This is log message number 2375
2025-04-26 00:39:14,673 - INFO - This is log message number 2376
2025-04-26 00:39:14,674 - INFO - This is log message number 2377
2025-04-26 00:39:14,674 - INFO - This is log message number 2378
2025-04-26 00:39:14,674 - INFO - This is log message number 2379
2025-04-26 00:39:14,674 - INFO - This is log message number 2380
2025-04-26 00:39:14,674 - INFO - This is log message number 2381
2025-04-26 00:39:14,674 - INFO - This is log message number 2382
2025-04-26 00:39:14,675 - INFO - This is log message number 2383
2025-04-26 00:39:14,675 - INFO - This is log message number 2384
2025-04-26 00:39:14,675 - INFO - This is log message number 2385
2025-04-26 00:39:14,675 - INFO - This is log message number 2386
2025-04-26 00:39:14,675 - INFO - This is log message number 2387
2025-04-26 00:39:14,676 - INFO - This is log message number 2388
2025-04-26 00:39:14,676 - INFO - This is log message number 2389
2025-04-26 00:39:14,676 - INFO - This is log message number 2390
2025-04-26 00:39:14,676 - INFO - This is log message number 2391
2025-04-26 00:39:14,676 - INFO - This is log message number 2392
2025-04-26 00:39:14,676 - INFO - This is log message number 2393
2025-04-26 00:39:14,677 - INFO - This is log message number 2394
2025-04-26 00:39:14,677 - INFO - This is log message number 2395
2025-04-26 00:39:14,677 - INFO - This is log message number 2396
2025-04-26 00:39:14,677 - INFO - This is log message number 2397
2025-04-26 00:39:14,677 - INFO - This is log message number 2398
2025-04-26 00:39:14,677 - INFO - This is log message number 2399
2025-04-26 00:39:14,677 - INFO - This is log message number 2400
2025-04-26 00:39:14,677 - INFO - This is log message number 2401
2025-04-26 00:39:14,679 - INFO - This is log message number 2402
2025-04-26 00:39:14,679 - INFO - This is log message number 2403
2025-04-26 00:39:14,679 - INFO - This is log message number 2404
2025-04-26 00:39:14,679 - INFO - This is log message number 2405
2025-04-26 00:39:14,679 - INFO - This is log message number 2406
2025-04-26 00:39:14,679 - INFO - This is log message number 2407
2025-04-26 00:39:14,679 - INFO - This is log message number 2408
2025-04-26 00:39:14,679 - INFO - This is log message number 2409
2025-04-26 00:39:14,680 - INFO - This is log message number 2410
2025-04-26 00:39:14,680 - INFO - This is log message number 2411
2025-04-26 00:39:14,680 - INFO - This is log message number 2412
2025-04-26 00:39:14,680 - INFO - This is log message number 2413
2025-04-26 00:39:14,680 - INFO - This is log message number 2414
2025-04-26 00:39:14,681 - INFO - This is log message number 2415
2025-04-26 00:39:14,681 - INFO - This is log message number 2416
2025-04-26 00:39:14,681 - INFO - This is log message number 2417
2025-04-26 00:39:14,681 - INFO - This is log message number 2418
2025-04-26 00:39:14,681 - INFO - This is log message number 2419
2025-04-26 00:39:14,681 - INFO - This is log message number 2420
2025-04-26 00:39:14,682 - INFO - This is log message number 2421
2025-04-26 00:39:14,682 - INFO - This is log message number 2422
2025-04-26 00:39:14,682 - INFO - This is log message number 2423
2025-04-26 00:39:14,682 - INFO - This is log message number 2424
2025-04-26 00:39:14,682 - INFO - This is log message number 2425
2025-04-26 00:39:14,682 - INFO - This is log message number 2426
2025-04-26 00:39:14,683 - INFO - This is log message number 2427
2025-04-26 00:39:14,683 - INFO - This is log message number 2428
2025-04-26 00:39:14,683 - INFO - This is log message number 2429
2025-04-26 00:39:14,683 - INFO - This is log message number 2430
2025-04-26 00:39:14,683 - INFO - This is log message number 2431
2025-04-26 00:39:14,684 - INFO - This is log message number 2432
2025-04-26 00:39:14,684 - INFO - This is log message number 2433
2025-04-26 00:39:14,684 - INFO - This is log message number 2434
2025-04-26 00:39:14,685 - INFO - This is log message number 2435
2025-04-26 00:39:14,685 - INFO - This is log message number 2436
2025-04-26 00:39:14,685 - INFO - This is log message number 2437
2025-04-26 00:39:14,685 - INFO - This is log message number 2438
2025-04-26 00:39:14,685 - INFO - This is log message number 2439
2025-04-26 00:39:14,686 - INFO - This is log message number 2440
2025-04-26 00:39:14,686 - INFO - This is log message number 2441
2025-04-26 00:39:14,686 - INFO - This is log message number 2442
2025-04-26 00:39:14,687 - INFO - This is log message number 2443
2025-04-26 00:39:14,687 - INFO - This is log message number 2444
2025-04-26 00:39:14,687 - INFO - This is log message number 2445
2025-04-26 00:39:14,687 - INFO - This is log message number 2446
2025-04-26 00:39:14,687 - INFO - This is log message number 2447
2025-04-26 00:39:14,688 - INFO - This is log message number 2448
2025-04-26 00:39:14,688 - INFO - This is log message number 2449
2025-04-26 00:39:14,688 - INFO - This is log message number 2450
2025-04-26 00:39:14,688 - INFO - This is log message number 2451
2025-04-26 00:39:14,688 - INFO - This is log message number 2452
2025-04-26 00:39:14,688 - INFO - This is log message number 2453
2025-04-26 00:39:14,689 - INFO - This is log message number 2454
2025-04-26 00:39:14,689 - INFO - This is log message number 2455
2025-04-26 00:39:14,689 - INFO - This is log message number 2456
2025-04-26 00:39:14,689 - INFO - This is log message number 2457
2025-04-26 00:39:14,689 - INFO - This is log message number 2458
2025-04-26 00:39:14,691 - INFO - This is log message number 2459
2025-04-26 00:39:14,691 - INFO - This is log message number 2460
2025-04-26 00:39:14,691 - INFO - This is log message number 2461
2025-04-26 00:39:14,691 - INFO - This is log message number 2462
2025-04-26 00:39:14,691 - INFO - This is log message number 2463
2025-04-26 00:39:14,691 - INFO - This is log message number 2464
2025-04-26 00:39:14,692 - INFO - This is log message number 2465
2025-04-26 00:39:14,692 - INFO - This is log message number 2466
2025-04-26 00:39:14,692 - INFO - This is log message number 2467
2025-04-26 00:39:14,692 - INFO - This is log message number 2468
2025-04-26 00:39:14,692 - INFO - This is log message number 2469
2025-04-26 00:39:14,692 - INFO - This is log message number 2470
2025-04-26 00:39:14,692 - INFO - This is log message number 2471
2025-04-26 00:39:14,693 - INFO - This is log message number 2472
2025-04-26 00:39:14,693 - INFO - This is log message number 2473
2025-04-26 00:39:14,693 - INFO - This is log message number 2474
2025-04-26 00:39:14,693 - INFO - This is log message number 2475
2025-04-26 00:39:14,693 - INFO - This is log message number 2476
2025-04-26 00:39:14,694 - INFO - This is log message number 2477
2025-04-26 00:39:14,694 - INFO - This is log message number 2478
2025-04-26 00:39:14,694 - INFO - This is log message number 2479
2025-04-26 00:39:14,694 - INFO - This is log message number 2480
2025-04-26 00:39:14,694 - INFO - This is log message number 2481
2025-04-26 00:39:14,695 - INFO - This is log message number 2482
2025-04-26 00:39:14,695 - INFO - This is log message number 2483
2025-04-26 00:39:14,695 - INFO - This is log message number 2484
2025-04-26 00:39:14,695 - INFO - This is log message number 2485
2025-04-26 00:39:14,695 - INFO - This is log message number 2486
2025-04-26 00:39:14,695 - INFO - This is log message number 2487
2025-04-26 00:39:14,695 - INFO - This is log message number 2488
2025-04-26 00:39:14,696 - INFO - This is log message number 2489
2025-04-26 00:39:14,696 - INFO - This is log message number 2490
2025-04-26 00:39:14,696 - INFO - This is log message number 2491
2025-04-26 00:39:14,696 - INFO - This is log message number 2492
2025-04-26 00:39:14,696 - INFO - This is log message number 2493
2025-04-26 00:39:14,696 - INFO - This is log message number 2494
2025-04-26 00:39:14,697 - INFO - This is log message number 2495
2025-04-26 00:39:14,697 - INFO - This is log message number 2496
2025-04-26 00:39:14,697 - INFO - This is log message number 2497
2025-04-26 00:39:14,697 - INFO - This is log message number 2498
2025-04-26 00:39:14,697 - INFO - This is log message number 2499
2025-04-26 00:39:14,697 - INFO - This is log message number 2500
2025-04-26 00:39:14,697 - INFO - This is log message number 2501
2025-04-26 00:39:14,699 - INFO - This is log message number 2502
2025-04-26 00:39:14,699 - INFO - This is log message number 2503
2025-04-26 00:39:14,699 - INFO - This is log message number 2504
2025-04-26 00:39:14,699 - INFO - This is log message number 2505
2025-04-26 00:39:14,699 - INFO - This is log message number 2506
2025-04-26 00:39:14,699 - INFO - This is log message number 2507
2025-04-26 00:39:14,700 - INFO - This is log message number 2508
2025-04-26 00:39:14,700 - INFO - This is log message number 2509
2025-04-26 00:39:14,700 - INFO - This is log message number 2510
2025-04-26 00:39:14,700 - INFO - This is log message number 2511
2025-04-26 00:39:14,700 - INFO - This is log message number 2512
2025-04-26 00:39:14,701 - INFO - This is log message number 2513
2025-04-26 00:39:14,701 - INFO - This is log message number 2514
2025-04-26 00:39:14,701 - INFO - This is log message number 2515
2025-04-26 00:39:14,701 - INFO - This is log message number 2516
2025-04-26 00:39:14,701 - INFO - This is log message number 2517
2025-04-26 00:39:14,701 - INFO - This is log message number 2518
2025-04-26 00:39:14,702 - INFO - This is log message number 2519
2025-04-26 00:39:14,702 - INFO - This is log message number 2520
2025-04-26 00:39:14,702 - INFO - This is log message number 2521
2025-04-26 00:39:14,702 - INFO - This is log message number 2522
2025-04-26 00:39:14,702 - INFO - This is log message number 2523
2025-04-26 00:39:14,702 - INFO - This is log message number 2524
2025-04-26 00:39:14,703 - INFO - This is log message number 2525
2025-04-26 00:39:14,703 - INFO - This is log message number 2526
2025-04-26 00:39:14,703 - INFO - This is log message number 2527
2025-04-26 00:39:14,703 - INFO - This is log message number 2528
2025-04-26 00:39:14,704 - INFO - This is log message number 2529
2025-04-26 00:39:14,704 - INFO - This is log message number 2530
2025-04-26 00:39:14,704 - INFO - This is log message number 2531
2025-04-26 00:39:14,704 - INFO - This is log message number 2532
2025-04-26 00:39:14,705 - INFO - This is log message number 2533
2025-04-26 00:39:14,705 - INFO - This is log message number 2534
2025-04-26 00:39:14,705 - INFO - This is log message number 2535
2025-04-26 00:39:14,705 - INFO - This is log message number 2536
2025-04-26 00:39:14,705 - INFO - This is log message number 2537
2025-04-26 00:39:14,705 - INFO - This is log message number 2538
2025-04-26 00:39:14,706 - INFO - This is log message number 2539
2025-04-26 00:39:14,706 - INFO - This is log message number 2540
2025-04-26 00:39:14,706 - INFO - This is log message number 2541
2025-04-26 00:39:14,706 - INFO - This is log message number 2542
2025-04-26 00:39:14,707 - INFO - This is log message number 2543
2025-04-26 00:39:14,707 - INFO - This is log message number 2544
2025-04-26 00:39:14,707 - INFO - This is log message number 2545
2025-04-26 00:39:14,707 - INFO - This is log message number 2546
2025-04-26 00:39:14,707 - INFO - This is log message number 2547
2025-04-26 00:39:14,707 - INFO - This is log message number 2548
2025-04-26 00:39:14,707 - INFO - This is log message number 2549
2025-04-26 00:39:14,707 - INFO - This is log message number 2550
2025-04-26 00:39:14,707 - INFO - This is log message number 2551
2025-04-26 00:39:14,708 - INFO - This is log message number 2552
2025-04-26 00:39:14,708 - INFO - This is log message number 2553
2025-04-26 00:39:14,708 - INFO - This is log message number 2554
2025-04-26 00:39:14,708 - INFO - This is log message number 2555
2025-04-26 00:39:14,708 - INFO - This is log message number 2556
2025-04-26 00:39:14,708 - INFO - This is log message number 2557
2025-04-26 00:39:14,710 - INFO - This is log message number 2558
2025-04-26 00:39:14,710 - INFO - This is log message number 2559
2025-04-26 00:39:14,710 - INFO - This is log message number 2560
2025-04-26 00:39:14,710 - INFO - This is log message number 2561
2025-04-26 00:39:14,710 - INFO - This is log message number 2562
2025-04-26 00:39:14,710 - INFO - This is log message number 2563
2025-04-26 00:39:14,710 - INFO - This is log message number 2564
2025-04-26 00:39:14,710 - INFO - This is log message number 2565
2025-04-26 00:39:14,711 - INFO - This is log message number 2566
2025-04-26 00:39:14,711 - INFO - This is log message number 2567
2025-04-26 00:39:14,711 - INFO - This is log message number 2568
2025-04-26 00:39:14,711 - INFO - This is log message number 2569
2025-04-26 00:39:14,711 - INFO - This is log message number 2570
2025-04-26 00:39:14,712 - INFO - This is log message number 2571
2025-04-26 00:39:14,712 - INFO - This is log message number 2572
2025-04-26 00:39:14,712 - INFO - This is log message number 2573
2025-04-26 00:39:14,712 - INFO - This is log message number 2574
2025-04-26 00:39:14,712 - INFO - This is log message number 2575
2025-04-26 00:39:14,712 - INFO - This is log message number 2576
2025-04-26 00:39:14,713 - INFO - This is log message number 2577
2025-04-26 00:39:14,713 - INFO - This is log message number 2578
2025-04-26 00:39:14,713 - INFO - This is log message number 2579
2025-04-26 00:39:14,713 - INFO - This is log message number 2580
2025-04-26 00:39:14,713 - INFO - This is log message number 2581
2025-04-26 00:39:14,714 - INFO - This is log message number 2582
2025-04-26 00:39:14,714 - INFO - This is log message number 2583
2025-04-26 00:39:14,714 - INFO - This is log message number 2584
2025-04-26 00:39:14,714 - INFO - This is log message number 2585
2025-04-26 00:39:14,714 - INFO - This is log message number 2586
2025-04-26 00:39:14,715 - INFO - This is log message number 2587
2025-04-26 00:39:14,715 - INFO - This is log message number 2588
2025-04-26 00:39:14,715 - INFO - This is log message number 2589
2025-04-26 00:39:14,715 - INFO - This is log message number 2590
2025-04-26 00:39:14,715 - INFO - This is log message number 2591
2025-04-26 00:39:14,716 - INFO - This is log message number 2592
2025-04-26 00:39:14,716 - INFO - This is log message number 2593
2025-04-26 00:39:14,716 - INFO - This is log message number 2594
2025-04-26 00:39:14,716 - INFO - This is log message number 2595
2025-04-26 00:39:14,716 - INFO - This is log message number 2596
2025-04-26 00:39:14,717 - INFO - This is log message number 2597
2025-04-26 00:39:14,717 - INFO - This is log message number 2598
2025-04-26 00:39:14,717 - INFO - This is log message number 2599
2025-04-26 00:39:14,717 - INFO - This is log message number 2600
2025-04-26 00:39:14,717 - INFO - This is log message number 2601
2025-04-26 00:39:14,718 - INFO - This is log message number 2602
2025-04-26 00:39:14,718 - INFO - This is log message number 2603
2025-04-26 00:39:14,718 - INFO - This is log message number 2604
2025-04-26 00:39:14,718 - INFO - This is log message number 2605
2025-04-26 00:39:14,718 - INFO - This is log message number 2606
2025-04-26 00:39:14,718 - INFO - This is log message number 2607
2025-04-26 00:39:14,718 - INFO - This is log message number 2608
2025-04-26 00:39:14,718 - INFO - This is log message number 2609
2025-04-26 00:39:14,720 - INFO - This is log message number 2610
2025-04-26 00:39:14,720 - INFO - This is log message number 2611
2025-04-26 00:39:14,720 - INFO - This is log message number 2612
2025-04-26 00:39:14,720 - INFO - This is log message number 2613
2025-04-26 00:39:14,721 - INFO - This is log message number 2614
2025-04-26 00:39:14,721 - INFO - This is log message number 2615
2025-04-26 00:39:14,721 - INFO - This is log message number 2616
2025-04-26 00:39:14,721 - INFO - This is log message number 2617
2025-04-26 00:39:14,721 - INFO - This is log message number 2618
2025-04-26 00:39:14,722 - INFO - This is log message number 2619
2025-04-26 00:39:14,722 - INFO - This is log message number 2620
2025-04-26 00:39:14,722 - INFO - This is log message number 2621
2025-04-26 00:39:14,722 - INFO - This is log message number 2622
2025-04-26 00:39:14,722 - INFO - This is log message number 2623
2025-04-26 00:39:14,722 - INFO - This is log message number 2624
2025-04-26 00:39:14,723 - INFO - This is log message number 2625
2025-04-26 00:39:14,723 - INFO - This is log message number 2626
2025-04-26 00:39:14,723 - INFO - This is log message number 2627
2025-04-26 00:39:14,723 - INFO - This is log message number 2628
2025-04-26 00:39:14,723 - INFO - This is log message number 2629
2025-04-26 00:39:14,724 - INFO - This is log message number 2630
2025-04-26 00:39:14,724 - INFO - This is log message number 2631
2025-04-26 00:39:14,724 - INFO - This is log message number 2632
2025-04-26 00:39:14,724 - INFO - This is log message number 2633
2025-04-26 00:39:14,724 - INFO - This is log message number 2634
2025-04-26 00:39:14,725 - INFO - This is log message number 2635
2025-04-26 00:39:14,725 - INFO - This is log message number 2636
2025-04-26 00:39:14,725 - INFO - This is log message number 2637
2025-04-26 00:39:14,725 - INFO - This is log message number 2638
2025-04-26 00:39:14,725 - INFO - This is log message number 2639
2025-04-26 00:39:14,725 - INFO - This is log message number 2640
2025-04-26 00:39:14,725 - INFO - This is log message number 2641
2025-04-26 00:39:14,726 - INFO - This is log message number 2642
2025-04-26 00:39:14,726 - INFO - This is log message number 2643
2025-04-26 00:39:14,726 - INFO - This is log message number 2644
2025-04-26 00:39:14,726 - INFO - This is log message number 2645
2025-04-26 00:39:14,726 - INFO - This is log message number 2646
2025-04-26 00:39:14,726 - INFO - This is log message number 2647
2025-04-26 00:39:14,726 - INFO - This is log message number 2648
2025-04-26 00:39:14,726 - INFO - This is log message number 2649
2025-04-26 00:39:14,727 - INFO - This is log message number 2650
2025-04-26 00:39:14,727 - INFO - This is log message number 2651
2025-04-26 00:39:14,727 - INFO - This is log message number 2652
2025-04-26 00:39:14,727 - INFO - This is log message number 2653
2025-04-26 00:39:14,727 - INFO - This is log message number 2654
2025-04-26 00:39:14,728 - INFO - This is log message number 2655
2025-04-26 00:39:14,728 - INFO - This is log message number 2656
2025-04-26 00:39:14,728 - INFO - This is log message number 2657
2025-04-26 00:39:14,728 - INFO - This is log message number 2658
2025-04-26 00:39:14,728 - INFO - This is log message number 2659
2025-04-26 00:39:14,728 - INFO - This is log message number 2660
2025-04-26 00:39:14,730 - INFO - This is log message number 2661
2025-04-26 00:39:14,730 - INFO - This is log message number 2662
2025-04-26 00:39:14,730 - INFO - This is log message number 2663
2025-04-26 00:39:14,730 - INFO - This is log message number 2664
2025-04-26 00:39:14,730 - INFO - This is log message number 2665
2025-04-26 00:39:14,730 - INFO - This is log message number 2666
2025-04-26 00:39:14,731 - INFO - This is log message number 2667
2025-04-26 00:39:14,731 - INFO - This is log message number 2668
2025-04-26 00:39:14,731 - INFO - This is log message number 2669
2025-04-26 00:39:14,731 - INFO - This is log message number 2670
2025-04-26 00:39:14,731 - INFO - This is log message number 2671
2025-04-26 00:39:14,731 - INFO - This is log message number 2672
2025-04-26 00:39:14,732 - INFO - This is log message number 2673
2025-04-26 00:39:14,732 - INFO - This is log message number 2674
2025-04-26 00:39:14,732 - INFO - This is log message number 2675
2025-04-26 00:39:14,732 - INFO - This is log message number 2676
2025-04-26 00:39:14,732 - INFO - This is log message number 2677
2025-04-26 00:39:14,733 - INFO - This is log message number 2678
2025-04-26 00:39:14,733 - INFO - This is log message number 2679
2025-04-26 00:39:14,733 - INFO - This is log message number 2680
2025-04-26 00:39:14,733 - INFO - This is log message number 2681
2025-04-26 00:39:14,733 - INFO - This is log message number 2682
2025-04-26 00:39:14,733 - INFO - This is log message number 2683
2025-04-26 00:39:14,733 - INFO - This is log message number 2684
2025-04-26 00:39:14,733 - INFO - This is log message number 2685
2025-04-26 00:39:14,734 - INFO - This is log message number 2686
2025-04-26 00:39:14,734 - INFO - This is log message number 2687
2025-04-26 00:39:14,734 - INFO - This is log message number 2688
2025-04-26 00:39:14,734 - INFO - This is log message number 2689
2025-04-26 00:39:14,734 - INFO - This is log message number 2690
2025-04-26 00:39:14,735 - INFO - This is log message number 2691
2025-04-26 00:39:14,735 - INFO - This is log message number 2692
2025-04-26 00:39:14,735 - INFO - This is log message number 2693
2025-04-26 00:39:14,735 - INFO - This is log message number 2694
2025-04-26 00:39:14,735 - INFO - This is log message number 2695
2025-04-26 00:39:14,736 - INFO - This is log message number 2696
2025-04-26 00:39:14,736 - INFO - This is log message number 2697
2025-04-26 00:39:14,736 - INFO - This is log message number 2698
2025-04-26 00:39:14,736 - INFO - This is log message number 2699
2025-04-26 00:39:14,736 - INFO - This is log message number 2700
2025-04-26 00:39:14,738 - INFO - This is log message number 2701
2025-04-26 00:39:14,738 - INFO - This is log message number 2702
2025-04-26 00:39:14,738 - INFO - This is log message number 2703
2025-04-26 00:39:14,738 - INFO - This is log message number 2704
2025-04-26 00:39:14,738 - INFO - This is log message number 2705
2025-04-26 00:39:14,739 - INFO - This is log message number 2706
2025-04-26 00:39:14,739 - INFO - This is log message number 2707
2025-04-26 00:39:14,739 - INFO - This is log message number 2708
2025-04-26 00:39:14,739 - INFO - This is log message number 2709
2025-04-26 00:39:14,739 - INFO - This is log message number 2710
2025-04-26 00:39:14,739 - INFO - This is log message number 2711
2025-04-26 00:39:14,740 - INFO - This is log message number 2712
2025-04-26 00:39:14,740 - INFO - This is log message number 2713
2025-04-26 00:39:14,740 - INFO - This is log message number 2714
2025-04-26 00:39:14,740 - INFO - This is log message number 2715
2025-04-26 00:39:14,740 - INFO - This is log message number 2716
2025-04-26 00:39:14,740 - INFO - This is log message number 2717
2025-04-26 00:39:14,740 - INFO - This is log message number 2718
2025-04-26 00:39:14,741 - INFO - This is log message number 2719
2025-04-26 00:39:14,741 - INFO - This is log message number 2720
2025-04-26 00:39:14,741 - INFO - This is log message number 2721
2025-04-26 00:39:14,741 - INFO - This is log message number 2722
2025-04-26 00:39:14,741 - INFO - This is log message number 2723
2025-04-26 00:39:14,741 - INFO - This is log message number 2724
2025-04-26 00:39:14,741 - INFO - This is log message number 2725
2025-04-26 00:39:14,741 - INFO - This is log message number 2726
2025-04-26 00:39:14,742 - INFO - This is log message number 2727
2025-04-26 00:39:14,742 - INFO - This is log message number 2728
2025-04-26 00:39:14,742 - INFO - This is log message number 2729
2025-04-26 00:39:14,742 - INFO - This is log message number 2730
2025-04-26 00:39:14,742 - INFO - This is log message number 2731
2025-04-26 00:39:14,742 - INFO - This is log message number 2732
2025-04-26 00:39:14,744 - INFO - This is log message number 2733
2025-04-26 00:39:14,744 - INFO - This is log message number 2734
2025-04-26 00:39:14,744 - INFO - This is log message number 2735
2025-04-26 00:39:14,744 - INFO - This is log message number 2736
2025-04-26 00:39:14,744 - INFO - This is log message number 2737
2025-04-26 00:39:14,744 - INFO - This is log message number 2738
2025-04-26 00:39:14,745 - INFO - This is log message number 2739
2025-04-26 00:39:14,745 - INFO - This is log message number 2740
2025-04-26 00:39:14,745 - INFO - This is log message number 2741
2025-04-26 00:39:14,745 - INFO - This is log message number 2742
2025-04-26 00:39:14,745 - INFO - This is log message number 2743
2025-04-26 00:39:14,745 - INFO - This is log message number 2744
2025-04-26 00:39:14,746 - INFO - This is log message number 2745
2025-04-26 00:39:14,746 - INFO - This is log message number 2746
2025-04-26 00:39:14,746 - INFO - This is log message number 2747
2025-04-26 00:39:14,746 - INFO - This is log message number 2748
2025-04-26 00:39:14,746 - INFO - This is log message number 2749
2025-04-26 00:39:14,746 - INFO - This is log message number 2750
2025-04-26 00:39:14,746 - INFO - This is log message number 2751
2025-04-26 00:39:14,747 - INFO - This is log message number 2752
2025-04-26 00:39:14,747 - INFO - This is log message number 2753
2025-04-26 00:39:14,747 - INFO - This is log message number 2754
2025-04-26 00:39:14,747 - INFO - This is log message number 2755
2025-04-26 00:39:14,747 - INFO - This is log message number 2756
2025-04-26 00:39:14,747 - INFO - This is log message number 2757
2025-04-26 00:39:14,748 - INFO - This is log message number 2758
2025-04-26 00:39:14,748 - INFO - This is log message number 2759
2025-04-26 00:39:14,748 - INFO - This is log message number 2760
2025-04-26 00:39:14,748 - INFO - This is log message number 2761
2025-04-26 00:39:14,748 - INFO - This is log message number 2762
2025-04-26 00:39:14,749 - INFO - This is log message number 2763
2025-04-26 00:39:14,749 - INFO - This is log message number 2764
2025-04-26 00:39:14,749 - INFO - This is log message number 2765
2025-04-26 00:39:14,749 - INFO - This is log message number 2766
2025-04-26 00:39:14,749 - INFO - This is log message number 2767
2025-04-26 00:39:14,749 - INFO - This is log message number 2768
2025-04-26 00:39:14,750 - INFO - This is log message number 2769
2025-04-26 00:39:14,750 - INFO - This is log message number 2770
2025-04-26 00:39:14,750 - INFO - This is log message number 2771
2025-04-26 00:39:14,750 - INFO - This is log message number 2772
2025-04-26 00:39:14,750 - INFO - This is log message number 2773
2025-04-26 00:39:14,751 - INFO - This is log message number 2774
2025-04-26 00:39:14,751 - INFO - This is log message number 2775
2025-04-26 00:39:14,751 - INFO - This is log message number 2776
2025-04-26 00:39:14,751 - INFO - This is log message number 2777
2025-04-26 00:39:14,751 - INFO - This is log message number 2778
2025-04-26 00:39:14,751 - INFO - This is log message number 2779
2025-04-26 00:39:14,752 - INFO - This is log message number 2780
2025-04-26 00:39:14,752 - INFO - This is log message number 2781
2025-04-26 00:39:14,752 - INFO - This is log message number 2782
2025-04-26 00:39:14,752 - INFO - This is log message number 2783
2025-04-26 00:39:14,753 - INFO - This is log message number 2784
2025-04-26 00:39:14,753 - INFO - This is log message number 2785
2025-04-26 00:39:14,753 - INFO - This is log message number 2786
2025-04-26 00:39:14,753 - INFO - This is log message number 2787
2025-04-26 00:39:14,754 - INFO - This is log message number 2788
2025-04-26 00:39:14,754 - INFO - This is log message number 2789
2025-04-26 00:39:14,754 - INFO - This is log message number 2790
2025-04-26 00:39:14,754 - INFO - This is log message number 2791
2025-04-26 00:39:14,754 - INFO - This is log message number 2792
2025-04-26 00:39:14,755 - INFO - This is log message number 2793
2025-04-26 00:39:14,755 - INFO - This is log message number 2794
2025-04-26 00:39:14,755 - INFO - This is log message number 2795
2025-04-26 00:39:14,755 - INFO - This is log message number 2796
2025-04-26 00:39:14,755 - INFO - This is log message number 2797
2025-04-26 00:39:14,757 - INFO - This is log message number 2798
2025-04-26 00:39:14,757 - INFO - This is log message number 2799
2025-04-26 00:39:14,757 - INFO - This is log message number 2800
2025-04-26 00:39:14,757 - INFO - This is log message number 2801
2025-04-26 00:39:14,758 - INFO - This is log message number 2802
2025-04-26 00:39:14,758 - INFO - This is log message number 2803
2025-04-26 00:39:14,758 - INFO - This is log message number 2804
2025-04-26 00:39:14,758 - INFO - This is log message number 2805
2025-04-26 00:39:14,758 - INFO - This is log message number 2806
2025-04-26 00:39:14,759 - INFO - This is log message number 2807
2025-04-26 00:39:14,759 - INFO - This is log message number 2808
2025-04-26 00:39:14,759 - INFO - This is log message number 2809
2025-04-26 00:39:14,759 - INFO - This is log message number 2810
2025-04-26 00:39:14,759 - INFO - This is log message number 2811
2025-04-26 00:39:14,759 - INFO - This is log message number 2812
2025-04-26 00:39:14,760 - INFO - This is log message number 2813
2025-04-26 00:39:14,760 - INFO - This is log message number 2814
2025-04-26 00:39:14,760 - INFO - This is log message number 2815
2025-04-26 00:39:14,760 - INFO - This is log message number 2816
2025-04-26 00:39:14,760 - INFO - This is log message number 2817
2025-04-26 00:39:14,761 - INFO - This is log message number 2818
2025-04-26 00:39:14,761 - INFO - This is log message number 2819
2025-04-26 00:39:14,761 - INFO - This is log message number 2820
2025-04-26 00:39:14,761 - INFO - This is log message number 2821
2025-04-26 00:39:14,761 - INFO - This is log message number 2822
2025-04-26 00:39:14,761 - INFO - This is log message number 2823
2025-04-26 00:39:14,761 - INFO - This is log message number 2824
2025-04-26 00:39:14,762 - INFO - This is log message number 2825
2025-04-26 00:39:14,762 - INFO - This is log message number 2826
2025-04-26 00:39:14,762 - INFO - This is log message number 2827
2025-04-26 00:39:14,762 - INFO - This is log message number 2828
2025-04-26 00:39:14,762 - INFO - This is log message number 2829
2025-04-26 00:39:14,762 - INFO - This is log message number 2830
2025-04-26 00:39:14,763 - INFO - This is log message number 2831
2025-04-26 00:39:14,763 - INFO - This is log message number 2832
2025-04-26 00:39:14,763 - INFO - This is log message number 2833
2025-04-26 00:39:14,763 - INFO - This is log message number 2834
2025-04-26 00:39:14,763 - INFO - This is log message number 2835
2025-04-26 00:39:14,763 - INFO - This is log message number 2836
2025-04-26 00:39:14,764 - INFO - This is log message number 2837
2025-04-26 00:39:14,764 - INFO - This is log message number 2838
2025-04-26 00:39:14,764 - INFO - This is log message number 2839
2025-04-26 00:39:14,764 - INFO - This is log message number 2840
2025-04-26 00:39:14,764 - INFO - This is log message number 2841
2025-04-26 00:39:14,765 - INFO - This is log message number 2842
2025-04-26 00:39:14,765 - INFO - This is log message number 2843
2025-04-26 00:39:14,765 - INFO - This is log message number 2844
2025-04-26 00:39:14,765 - INFO - This is log message number 2845
2025-04-26 00:39:14,765 - INFO - This is log message number 2846
2025-04-26 00:39:14,766 - INFO - This is log message number 2847
2025-04-26 00:39:14,766 - INFO - This is log message number 2848
2025-04-26 00:39:14,766 - INFO - This is log message number 2849
2025-04-26 00:39:14,766 - INFO - This is log message number 2850
2025-04-26 00:39:14,766 - INFO - This is log message number 2851
2025-04-26 00:39:14,766 - INFO - This is log message number 2852
2025-04-26 00:39:14,768 - INFO - This is log message number 2853
2025-04-26 00:39:14,768 - INFO - This is log message number 2854
2025-04-26 00:39:14,768 - INFO - This is log message number 2855
2025-04-26 00:39:14,768 - INFO - This is log message number 2856
2025-04-26 00:39:14,768 - INFO - This is log message number 2857
2025-04-26 00:39:14,768 - INFO - This is log message number 2858
2025-04-26 00:39:14,768 - INFO - This is log message number 2859
2025-04-26 00:39:14,769 - INFO - This is log message number 2860
2025-04-26 00:39:14,769 - INFO - This is log message number 2861
2025-04-26 00:39:14,769 - INFO - This is log message number 2862
2025-04-26 00:39:14,769 - INFO - This is log message number 2863
2025-04-26 00:39:14,769 - INFO - This is log message number 2864
2025-04-26 00:39:14,770 - INFO - This is log message number 2865
2025-04-26 00:39:14,770 - INFO - This is log message number 2866
2025-04-26 00:39:14,770 - INFO - This is log message number 2867
2025-04-26 00:39:14,770 - INFO - This is log message number 2868
2025-04-26 00:39:14,771 - INFO - This is log message number 2869
2025-04-26 00:39:14,771 - INFO - This is log message number 2870
2025-04-26 00:39:14,771 - INFO - This is log message number 2871
2025-04-26 00:39:14,771 - INFO - This is log message number 2872
2025-04-26 00:39:14,771 - INFO - This is log message number 2873
2025-04-26 00:39:14,772 - INFO - This is log message number 2874
2025-04-26 00:39:14,772 - INFO - This is log message number 2875
2025-04-26 00:39:14,772 - INFO - This is log message number 2876
2025-04-26 00:39:14,772 - INFO - This is log message number 2877
2025-04-26 00:39:14,773 - INFO - This is log message number 2878
2025-04-26 00:39:14,773 - INFO - This is log message number 2879
2025-04-26 00:39:14,773 - INFO - This is log message number 2880
2025-04-26 00:39:14,773 - INFO - This is log message number 2881
2025-04-26 00:39:14,773 - INFO - This is log message number 2882
2025-04-26 00:39:14,773 - INFO - This is log message number 2883
2025-04-26 00:39:14,774 - INFO - This is log message number 2884
2025-04-26 00:39:14,774 - INFO - This is log message number 2885
2025-04-26 00:39:14,774 - INFO - This is log message number 2886
2025-04-26 00:39:14,774 - INFO - This is log message number 2887
2025-04-26 00:39:14,774 - INFO - This is log message number 2888
2025-04-26 00:39:14,775 - INFO - This is log message number 2889
2025-04-26 00:39:14,775 - INFO - This is log message number 2890
2025-04-26 00:39:14,775 - INFO - This is log message number 2891
2025-04-26 00:39:14,775 - INFO - This is log message number 2892
2025-04-26 00:39:14,775 - INFO - This is log message number 2893
2025-04-26 00:39:14,775 - INFO - This is log message number 2894
2025-04-26 00:39:14,776 - INFO - This is log message number 2895
2025-04-26 00:39:14,776 - INFO - This is log message number 2896
2025-04-26 00:39:14,776 - INFO - This is log message number 2897
2025-04-26 00:39:14,776 - INFO - This is log message number 2898
2025-04-26 00:39:14,776 - INFO - This is log message number 2899
2025-04-26 00:39:14,776 - INFO - This is log message number 2900
2025-04-26 00:39:14,777 - INFO - This is log message number 2901
2025-04-26 00:39:14,777 - INFO - This is log message number 2902
2025-04-26 00:39:14,777 - INFO - This is log message number 2903
2025-04-26 00:39:14,777 - INFO - This is log message number 2904
2025-04-26 00:39:14,778 - INFO - This is log message number 2905
2025-04-26 00:39:14,778 - INFO - This is log message number 2906
2025-04-26 00:39:14,778 - INFO - This is log message number 2907
2025-04-26 00:39:14,778 - INFO - This is log message number 2908
2025-04-26 00:39:14,778 - INFO - This is log message number 2909
2025-04-26 00:39:14,778 - INFO - This is log message number 2910
2025-04-26 00:39:14,778 - INFO - This is log message number 2911
2025-04-26 00:39:14,780 - INFO - This is log message number 2912
2025-04-26 00:39:14,780 - INFO - This is log message number 2913
2025-04-26 00:39:14,780 - INFO - This is log message number 2914
2025-04-26 00:39:14,780 - INFO - This is log message number 2915
2025-04-26 00:39:14,780 - INFO - This is log message number 2916
2025-04-26 00:39:14,780 - INFO - This is log message number 2917
2025-04-26 00:39:14,780 - INFO - This is log message number 2918
2025-04-26 00:39:14,781 - INFO - This is log message number 2919
2025-04-26 00:39:14,781 - INFO - This is log message number 2920
2025-04-26 00:39:14,781 - INFO - This is log message number 2921
2025-04-26 00:39:14,781 - INFO - This is log message number 2922
2025-04-26 00:39:14,781 - INFO - This is log message number 2923
2025-04-26 00:39:14,782 - INFO - This is log message number 2924
2025-04-26 00:39:14,782 - INFO - This is log message number 2925
2025-04-26 00:39:14,782 - INFO - This is log message number 2926
2025-04-26 00:39:14,782 - INFO - This is log message number 2927
2025-04-26 00:39:14,782 - INFO - This is log message number 2928
2025-04-26 00:39:14,782 - INFO - This is log message number 2929
2025-04-26 00:39:14,783 - INFO - This is log message number 2930
2025-04-26 00:39:14,783 - INFO - This is log message number 2931
2025-04-26 00:39:14,783 - INFO - This is log message number 2932
2025-04-26 00:39:14,783 - INFO - This is log message number 2933
2025-04-26 00:39:14,783 - INFO - This is log message number 2934
2025-04-26 00:39:14,783 - INFO - This is log message number 2935
2025-04-26 00:39:14,784 - INFO - This is log message number 2936
2025-04-26 00:39:14,784 - INFO - This is log message number 2937
2025-04-26 00:39:14,784 - INFO - This is log message number 2938
2025-04-26 00:39:14,784 - INFO - This is log message number 2939
2025-04-26 00:39:14,784 - INFO - This is log message number 2940
2025-04-26 00:39:14,784 - INFO - This is log message number 2941
2025-04-26 00:39:14,785 - INFO - This is log message number 2942
2025-04-26 00:39:14,785 - INFO - This is log message number 2943
2025-04-26 00:39:14,785 - INFO - This is log message number 2944
2025-04-26 00:39:14,785 - INFO - This is log message number 2945
2025-04-26 00:39:14,785 - INFO - This is log message number 2946
2025-04-26 00:39:14,786 - INFO - This is log message number 2947
2025-04-26 00:39:14,786 - INFO - This is log message number 2948
2025-04-26 00:39:14,786 - INFO - This is log message number 2949
2025-04-26 00:39:14,786 - INFO - This is log message number 2950
2025-04-26 00:39:14,786 - INFO - This is log message number 2951
2025-04-26 00:39:14,787 - INFO - This is log message number 2952
2025-04-26 00:39:14,787 - INFO - This is log message number 2953
2025-04-26 00:39:14,787 - INFO - This is log message number 2954
2025-04-26 00:39:14,787 - INFO - This is log message number 2955
2025-04-26 00:39:14,788 - INFO - This is log message number 2956
2025-04-26 00:39:14,788 - INFO - This is log message number 2957
2025-04-26 00:39:14,788 - INFO - This is log message number 2958
2025-04-26 00:39:14,788 - INFO - This is log message number 2959
2025-04-26 00:39:14,788 - INFO - This is log message number 2960
2025-04-26 00:39:14,788 - INFO - This is log message number 2961
2025-04-26 00:39:14,789 - INFO - This is log message number 2962
2025-04-26 00:39:14,789 - INFO - This is log message number 2963
2025-04-26 00:39:14,789 - INFO - This is log message number 2964
2025-04-26 00:39:14,789 - INFO - This is log message number 2965
2025-04-26 00:39:14,789 - INFO - This is log message number 2966
2025-04-26 00:39:14,790 - INFO - This is log message number 2967
2025-04-26 00:39:14,790 - INFO - This is log message number 2968
2025-04-26 00:39:14,790 - INFO - This is log message number 2969
2025-04-26 00:39:14,790 - INFO - This is log message number 2970
2025-04-26 00:39:14,790 - INFO - This is log message number 2971
2025-04-26 00:39:14,790 - INFO - This is log message number 2972
2025-04-26 00:39:14,790 - INFO - This is log message number 2973
2025-04-26 00:39:14,791 - INFO - This is log message number 2974
2025-04-26 00:39:14,791 - INFO - This is log message number 2975
2025-04-26 00:39:14,791 - INFO - This is log message number 2976
2025-04-26 00:39:14,791 - INFO - This is log message number 2977
2025-04-26 00:39:14,791 - INFO - This is log message number 2978
2025-04-26 00:39:14,792 - INFO - This is log message number 2979
2025-04-26 00:39:14,792 - INFO - This is log message number 2980
2025-04-26 00:39:14,792 - INFO - This is log message number 2981
2025-04-26 00:39:14,792 - INFO - This is log message number 2982
2025-04-26 00:39:14,792 - INFO - This is log message number 2983
2025-04-26 00:39:14,792 - INFO - This is log message number 2984
2025-04-26 00:39:14,792 - INFO - This is log message number 2985
2025-04-26 00:39:14,792 - INFO - This is log message number 2986
2025-04-26 00:39:14,794 - INFO - This is log message number 2987
2025-04-26 00:39:14,794 - INFO - This is log message number 2988
2025-04-26 00:39:14,794 - INFO - This is log message number 2989
2025-04-26 00:39:14,794 - INFO - This is log message number 2990
2025-04-26 00:39:14,794 - INFO - This is log message number 2991
2025-04-26 00:39:14,794 - INFO - This is log message number 2992
2025-04-26 00:39:14,794 - INFO - This is log message number 2993
2025-04-26 00:39:14,795 - INFO - This is log message number 2994
2025-04-26 00:39:14,795 - INFO - This is log message number 2995
2025-04-26 00:39:14,795 - INFO - This is log message number 2996
2025-04-26 00:39:14,795 - INFO - This is log message number 2997
2025-04-26 00:39:14,795 - INFO - This is log message number 2998
2025-04-26 00:39:14,795 - INFO - This is log message number 2999
2025-04-26 00:39:14,796 - INFO - This is log message number 3000
2025-04-26 00:39:14,796 - INFO - This is log message number 3001
2025-04-26 00:39:14,796 - INFO - This is log message number 3002
2025-04-26 00:39:14,796 - INFO - This is log message number 3003
2025-04-26 00:39:14,796 - INFO - This is log message number 3004
2025-04-26 00:39:14,796 - INFO - This is log message number 3005
2025-04-26 00:39:14,797 - INFO - This is log message number 3006
2025-04-26 00:39:14,797 - INFO - This is log message number 3007
2025-04-26 00:39:14,797 - INFO - This is log message number 3008
2025-04-26 00:39:14,797 - INFO - This is log message number 3009
2025-04-26 00:39:14,797 - INFO - This is log message number 3010
2025-04-26 00:39:14,797 - INFO - This is log message number 3011
2025-04-26 00:39:14,797 - INFO - This is log message number 3012
2025-04-26 00:39:14,799 - INFO - This is log message number 3013
2025-04-26 00:39:14,799 - INFO - This is log message number 3014
2025-04-26 00:39:14,799 - INFO - This is log message number 3015
2025-04-26 00:39:14,799 - INFO - This is log message number 3016
2025-04-26 00:39:14,799 - INFO - This is log message number 3017
2025-04-26 00:39:14,799 - INFO - This is log message number 3018
2025-04-26 00:39:14,800 - INFO - This is log message number 3019
2025-04-26 00:39:14,800 - INFO - This is log message number 3020
2025-04-26 00:39:14,800 - INFO - This is log message number 3021
2025-04-26 00:39:14,800 - INFO - This is log message number 3022
2025-04-26 00:39:14,800 - INFO - This is log message number 3023
2025-04-26 00:39:14,800 - INFO - This is log message number 3024
2025-04-26 00:39:14,800 - INFO - This is log message number 3025
2025-04-26 00:39:14,800 - INFO - This is log message number 3026
2025-04-26 00:39:14,800 - INFO - This is log message number 3027
2025-04-26 00:39:14,801 - INFO - This is log message number 3028
2025-04-26 00:39:14,801 - INFO - This is log message number 3029
2025-04-26 00:39:14,801 - INFO - This is log message number 3030
2025-04-26 00:39:14,801 - INFO - This is log message number 3031
2025-04-26 00:39:14,801 - INFO - This is log message number 3032
2025-04-26 00:39:14,801 - INFO - This is log message number 3033
2025-04-26 00:39:14,801 - INFO - This is log message number 3034
2025-04-26 00:39:14,803 - INFO - This is log message number 3035
2025-04-26 00:39:14,803 - INFO - This is log message number 3036
2025-04-26 00:39:14,803 - INFO - This is log message number 3037
2025-04-26 00:39:14,803 - INFO - This is log message number 3038
2025-04-26 00:39:14,803 - INFO - This is log message number 3039
2025-04-26 00:39:14,803 - INFO - This is log message number 3040
2025-04-26 00:39:14,804 - INFO - This is log message number 3041
2025-04-26 00:39:14,804 - INFO - This is log message number 3042
2025-04-26 00:39:14,804 - INFO - This is log message number 3043
2025-04-26 00:39:14,804 - INFO - This is log message number 3044
2025-04-26 00:39:14,804 - INFO - This is log message number 3045
2025-04-26 00:39:14,805 - INFO - This is log message number 3046
2025-04-26 00:39:14,805 - INFO - This is log message number 3047
2025-04-26 00:39:14,805 - INFO - This is log message number 3048
2025-04-26 00:39:14,805 - INFO - This is log message number 3049
2025-04-26 00:39:14,806 - INFO - This is log message number 3050
2025-04-26 00:39:14,806 - INFO - This is log message number 3051
2025-04-26 00:39:14,806 - INFO - This is log message number 3052
2025-04-26 00:39:14,806 - INFO - This is log message number 3053
2025-04-26 00:39:14,806 - INFO - This is log message number 3054
2025-04-26 00:39:14,807 - INFO - This is log message number 3055
2025-04-26 00:39:14,807 - INFO - This is log message number 3056
2025-04-26 00:39:14,807 - INFO - This is log message number 3057
2025-04-26 00:39:14,807 - INFO - This is log message number 3058
2025-04-26 00:39:14,807 - INFO - This is log message number 3059
2025-04-26 00:39:14,808 - INFO - This is log message number 3060
2025-04-26 00:39:14,808 - INFO - This is log message number 3061
2025-04-26 00:39:14,808 - INFO - This is log message number 3062
2025-04-26 00:39:14,808 - INFO - This is log message number 3063
2025-04-26 00:39:14,808 - INFO - This is log message number 3064
2025-04-26 00:39:14,808 - INFO - This is log message number 3065
2025-04-26 00:39:14,808 - INFO - This is log message number 3066
2025-04-26 00:39:14,810 - INFO - This is log message number 3067
2025-04-26 00:39:14,810 - INFO - This is log message number 3068
2025-04-26 00:39:14,810 - INFO - This is log message number 3069
2025-04-26 00:39:14,810 - INFO - This is log message number 3070
2025-04-26 00:39:14,810 - INFO - This is log message number 3071
2025-04-26 00:39:14,810 - INFO - This is log message number 3072
2025-04-26 00:39:14,811 - INFO - This is log message number 3073
2025-04-26 00:39:14,811 - INFO - This is log message number 3074
2025-04-26 00:39:14,811 - INFO - This is log message number 3075
2025-04-26 00:39:14,811 - INFO - This is log message number 3076
2025-04-26 00:39:14,811 - INFO - This is log message number 3077
2025-04-26 00:39:14,812 - INFO - This is log message number 3078
2025-04-26 00:39:14,812 - INFO - This is log message number 3079
2025-04-26 00:39:14,812 - INFO - This is log message number 3080
2025-04-26 00:39:14,812 - INFO - This is log message number 3081
2025-04-26 00:39:14,812 - INFO - This is log message number 3082
2025-04-26 00:39:14,812 - INFO - This is log message number 3083
2025-04-26 00:39:14,813 - INFO - This is log message number 3084
2025-04-26 00:39:14,813 - INFO - This is log message number 3085
2025-04-26 00:39:14,813 - INFO - This is log message number 3086
2025-04-26 00:39:14,813 - INFO - This is log message number 3087
2025-04-26 00:39:14,813 - INFO - This is log message number 3088
2025-04-26 00:39:14,813 - INFO - This is log message number 3089
2025-04-26 00:39:14,813 - INFO - This is log message number 3090
2025-04-26 00:39:14,814 - INFO - This is log message number 3091
2025-04-26 00:39:14,814 - INFO - This is log message number 3092
2025-04-26 00:39:14,814 - INFO - This is log message number 3093
2025-04-26 00:39:14,814 - INFO - This is log message number 3094
2025-04-26 00:39:14,814 - INFO - This is log message number 3095
2025-04-26 00:39:14,814 - INFO - This is log message number 3096
2025-04-26 00:39:14,815 - INFO - This is log message number 3097
2025-04-26 00:39:14,815 - INFO - This is log message number 3098
2025-04-26 00:39:14,815 - INFO - This is log message number 3099
2025-04-26 00:39:14,815 - INFO - This is log message number 3100
2025-04-26 00:39:14,815 - INFO - This is log message number 3101
2025-04-26 00:39:14,815 - INFO - This is log message number 3102
2025-04-26 00:39:14,816 - INFO - This is log message number 3103
2025-04-26 00:39:14,816 - INFO - This is log message number 3104
2025-04-26 00:39:14,816 - INFO - This is log message number 3105
2025-04-26 00:39:14,816 - INFO - This is log message number 3106
2025-04-26 00:39:14,816 - INFO - This is log message number 3107
2025-04-26 00:39:14,816 - INFO - This is log message number 3108
2025-04-26 00:39:14,817 - INFO - This is log message number 3109
2025-04-26 00:39:14,817 - INFO - This is log message number 3110
2025-04-26 00:39:14,817 - INFO - This is log message number 3111
2025-04-26 00:39:14,817 - INFO - This is log message number 3112
2025-04-26 00:39:14,817 - INFO - This is log message number 3113
2025-04-26 00:39:14,817 - INFO - This is log message number 3114
2025-04-26 00:39:14,817 - INFO - This is log message number 3115
2025-04-26 00:39:14,819 - INFO - This is log message number 3116
2025-04-26 00:39:14,819 - INFO - This is log message number 3117
2025-04-26 00:39:14,819 - INFO - This is log message number 3118
2025-04-26 00:39:14,819 - INFO - This is log message number 3119
2025-04-26 00:39:14,819 - INFO - This is log message number 3120
2025-04-26 00:39:14,820 - INFO - This is log message number 3121
2025-04-26 00:39:14,820 - INFO - This is log message number 3122
2025-04-26 00:39:14,820 - INFO - This is log message number 3123
2025-04-26 00:39:14,820 - INFO - This is log message number 3124
2025-04-26 00:39:14,820 - INFO - This is log message number 3125
2025-04-26 00:39:14,821 - INFO - This is log message number 3126
2025-04-26 00:39:14,821 - INFO - This is log message number 3127
2025-04-26 00:39:14,821 - INFO - This is log message number 3128
2025-04-26 00:39:14,821 - INFO - This is log message number 3129
2025-04-26 00:39:14,821 - INFO - This is log message number 3130
2025-04-26 00:39:14,822 - INFO - This is log message number 3131
2025-04-26 00:39:14,822 - INFO - This is log message number 3132
2025-04-26 00:39:14,822 - INFO - This is log message number 3133
2025-04-26 00:39:14,822 - INFO - This is log message number 3134
2025-04-26 00:39:14,822 - INFO - This is log message number 3135
2025-04-26 00:39:14,824 - INFO - This is log message number 3136
2025-04-26 00:39:14,824 - INFO - This is log message number 3137
2025-04-26 00:39:14,824 - INFO - This is log message number 3138
2025-04-26 00:39:14,824 - INFO - This is log message number 3139
2025-04-26 00:39:14,824 - INFO - This is log message number 3140
2025-04-26 00:39:14,825 - INFO - This is log message number 3141
2025-04-26 00:39:14,825 - INFO - This is log message number 3142
2025-04-26 00:39:14,825 - INFO - This is log message number 3143
2025-04-26 00:39:14,825 - INFO - This is log message number 3144
2025-04-26 00:39:14,825 - INFO - This is log message number 3145
2025-04-26 00:39:14,825 - INFO - This is log message number 3146
2025-04-26 00:39:14,826 - INFO - This is log message number 3147
2025-04-26 00:39:14,826 - INFO - This is log message number 3148
2025-04-26 00:39:14,826 - INFO - This is log message number 3149
2025-04-26 00:39:14,826 - INFO - This is log message number 3150
2025-04-26 00:39:14,826 - INFO - This is log message number 3151
2025-04-26 00:39:14,826 - INFO - This is log message number 3152
2025-04-26 00:39:14,827 - INFO - This is log message number 3153
2025-04-26 00:39:14,827 - INFO - This is log message number 3154
2025-04-26 00:39:14,827 - INFO - This is log message number 3155
2025-04-26 00:39:14,827 - INFO - This is log message number 3156
2025-04-26 00:39:14,827 - INFO - This is log message number 3157
2025-04-26 00:39:14,827 - INFO - This is log message number 3158
2025-04-26 00:39:14,828 - INFO - This is log message number 3159
2025-04-26 00:39:14,828 - INFO - This is log message number 3160
2025-04-26 00:39:14,828 - INFO - This is log message number 3161
2025-04-26 00:39:14,828 - INFO - This is log message number 3162
2025-04-26 00:39:14,828 - INFO - This is log message number 3163
2025-04-26 00:39:14,828 - INFO - This is log message number 3164
2025-04-26 00:39:14,828 - INFO - This is log message number 3165
2025-04-26 00:39:14,829 - INFO - This is log message number 3166
2025-04-26 00:39:14,829 - INFO - This is log message number 3167
2025-04-26 00:39:14,829 - INFO - This is log message number 3168
2025-04-26 00:39:14,829 - INFO - This is log message number 3169
2025-04-26 00:39:14,829 - INFO - This is log message number 3170
2025-04-26 00:39:14,829 - INFO - This is log message number 3171
2025-04-26 00:39:14,830 - INFO - This is log message number 3172
2025-04-26 00:39:14,830 - INFO - This is log message number 3173
2025-04-26 00:39:14,830 - INFO - This is log message number 3174
2025-04-26 00:39:14,830 - INFO - This is log message number 3175
2025-04-26 00:39:14,830 - INFO - This is log message number 3176
2025-04-26 00:39:14,830 - INFO - This is log message number 3177
2025-04-26 00:39:14,830 - INFO - This is log message number 3178
2025-04-26 00:39:14,831 - INFO - This is log message number 3179
2025-04-26 00:39:14,831 - INFO - This is log message number 3180
2025-04-26 00:39:14,831 - INFO - This is log message number 3181
2025-04-26 00:39:14,831 - INFO - This is log message number 3182
2025-04-26 00:39:14,831 - INFO - This is log message number 3183
2025-04-26 00:39:14,831 - INFO - This is log message number 3184
2025-04-26 00:39:14,832 - INFO - This is log message number 3185
2025-04-26 00:39:14,832 - INFO - This is log message number 3186
2025-04-26 00:39:14,832 - INFO - This is log message number 3187
2025-04-26 00:39:14,832 - INFO - This is log message number 3188
2025-04-26 00:39:14,832 - INFO - This is log message number 3189
2025-04-26 00:39:14,832 - INFO - This is log message number 3190
2025-04-26 00:39:14,833 - INFO - This is log message number 3191
2025-04-26 00:39:14,833 - INFO - This is log message number 3192
2025-04-26 00:39:14,833 - INFO - This is log message number 3193
2025-04-26 00:39:14,833 - INFO - This is log message number 3194
2025-04-26 00:39:14,833 - INFO - This is log message number 3195
2025-04-26 00:39:14,833 - INFO - This is log message number 3196
2025-04-26 00:39:14,834 - INFO - This is log message number 3197
2025-04-26 00:39:14,834 - INFO - This is log message number 3198
2025-04-26 00:39:14,834 - INFO - This is log message number 3199
2025-04-26 00:39:14,834 - INFO - This is log message number 3200
2025-04-26 00:39:14,834 - INFO - This is log message number 3201
2025-04-26 00:39:14,834 - INFO - This is log message number 3202
2025-04-26 00:39:14,835 - INFO - This is log message number 3203
2025-04-26 00:39:14,835 - INFO - This is log message number 3204
2025-04-26 00:39:14,835 - INFO - This is log message number 3205
2025-04-26 00:39:14,835 - INFO - This is log message number 3206
2025-04-26 00:39:14,835 - INFO - This is log message number 3207
2025-04-26 00:39:14,835 - INFO - This is log message number 3208
2025-04-26 00:39:14,837 - INFO - This is log message number 3209
2025-04-26 00:39:14,837 - INFO - This is log message number 3210
2025-04-26 00:39:14,837 - INFO - This is log message number 3211
2025-04-26 00:39:14,837 - INFO - This is log message number 3212
2025-04-26 00:39:14,838 - INFO - This is log message number 3213
2025-04-26 00:39:14,838 - INFO - This is log message number 3214
2025-04-26 00:39:14,838 - INFO - This is log message number 3215
2025-04-26 00:39:14,838 - INFO - This is log message number 3216
2025-04-26 00:39:14,838 - INFO - This is log message number 3217
2025-04-26 00:39:14,839 - INFO - This is log message number 3218
2025-04-26 00:39:14,839 - INFO - This is log message number 3219
2025-04-26 00:39:14,839 - INFO - This is log message number 3220
2025-04-26 00:39:14,839 - INFO - This is log message number 3221
2025-04-26 00:39:14,839 - INFO - This is log message number 3222
2025-04-26 00:39:14,839 - INFO - This is log message number 3223
2025-04-26 00:39:14,839 - INFO - This is log message number 3224
2025-04-26 00:39:14,839 - INFO - This is log message number 3225
2025-04-26 00:39:14,840 - INFO - This is log message number 3226
2025-04-26 00:39:14,840 - INFO - This is log message number 3227
2025-04-26 00:39:14,840 - INFO - This is log message number 3228
2025-04-26 00:39:14,840 - INFO - This is log message number 3229
2025-04-26 00:39:14,840 - INFO - This is log message number 3230
2025-04-26 00:39:14,841 - INFO - This is log message number 3231
2025-04-26 00:39:14,841 - INFO - This is log message number 3232
2025-04-26 00:39:14,841 - INFO - This is log message number 3233
2025-04-26 00:39:14,841 - INFO - This is log message number 3234
2025-04-26 00:39:14,841 - INFO - This is log message number 3235
2025-04-26 00:39:14,843 - INFO - This is log message number 3236
2025-04-26 00:39:14,843 - INFO - This is log message number 3237
2025-04-26 00:39:14,843 - INFO - This is log message number 3238
2025-04-26 00:39:14,843 - INFO - This is log message number 3239
2025-04-26 00:39:14,843 - INFO - This is log message number 3240
2025-04-26 00:39:14,843 - INFO - This is log message number 3241
2025-04-26 00:39:14,844 - INFO - This is log message number 3242
2025-04-26 00:39:14,844 - INFO - This is log message number 3243
2025-04-26 00:39:14,844 - INFO - This is log message number 3244
2025-04-26 00:39:14,844 - INFO - This is log message number 3245
2025-04-26 00:39:14,844 - INFO - This is log message number 3246
2025-04-26 00:39:14,845 - INFO - This is log message number 3247
2025-04-26 00:39:14,845 - INFO - This is log message number 3248
2025-04-26 00:39:14,845 - INFO - This is log message number 3249
2025-04-26 00:39:14,845 - INFO - This is log message number 3250
2025-04-26 00:39:14,845 - INFO - This is log message number 3251
2025-04-26 00:39:14,846 - INFO - This is log message number 3252
2025-04-26 00:39:14,846 - INFO - This is log message number 3253
2025-04-26 00:39:14,846 - INFO - This is log message number 3254
2025-04-26 00:39:14,846 - INFO - This is log message number 3255
2025-04-26 00:39:14,846 - INFO - This is log message number 3256
2025-04-26 00:39:14,846 - INFO - This is log message number 3257
2025-04-26 00:39:14,847 - INFO - This is log message number 3258
2025-04-26 00:39:14,847 - INFO - This is log message number 3259
2025-04-26 00:39:14,847 - INFO - This is log message number 3260
2025-04-26 00:39:14,847 - INFO - This is log message number 3261
2025-04-26 00:39:14,848 - INFO - This is log message number 3262
2025-04-26 00:39:14,848 - INFO - This is log message number 3263
2025-04-26 00:39:14,848 - INFO - This is log message number 3264
2025-04-26 00:39:14,848 - INFO - This is log message number 3265
2025-04-26 00:39:14,848 - INFO - This is log message number 3266
2025-04-26 00:39:14,848 - INFO - This is log message number 3267
2025-04-26 00:39:14,848 - INFO - This is log message number 3268
2025-04-26 00:39:14,848 - INFO - This is log message number 3269
2025-04-26 00:39:14,849 - INFO - This is log message number 3270
2025-04-26 00:39:14,849 - INFO - This is log message number 3271
2025-04-26 00:39:14,849 - INFO - This is log message number 3272
2025-04-26 00:39:14,849 - INFO - This is log message number 3273
2025-04-26 00:39:14,849 - INFO - This is log message number 3274
2025-04-26 00:39:14,849 - INFO - This is log message number 3275
2025-04-26 00:39:14,850 - INFO - This is log message number 3276
2025-04-26 00:39:14,850 - INFO - This is log message number 3277
2025-04-26 00:39:14,850 - INFO - This is log message number 3278
2025-04-26 00:39:14,850 - INFO - This is log message number 3279
2025-04-26 00:39:14,850 - INFO - This is log message number 3280
2025-04-26 00:39:14,851 - INFO - This is log message number 3281
2025-04-26 00:39:14,851 - INFO - This is log message number 3282
2025-04-26 00:39:14,851 - INFO - This is log message number 3283
2025-04-26 00:39:14,851 - INFO - This is log message number 3284
2025-04-26 00:39:14,851 - INFO - This is log message number 3285
2025-04-26 00:39:14,851 - INFO - This is log message number 3286
2025-04-26 00:39:14,852 - INFO - This is log message number 3287
2025-04-26 00:39:14,852 - INFO - This is log message number 3288
2025-04-26 00:39:14,852 - INFO - This is log message number 3289
2025-04-26 00:39:14,852 - INFO - This is log message number 3290
2025-04-26 00:39:14,853 - INFO - This is log message number 3291
2025-04-26 00:39:14,853 - INFO - This is log message number 3292
2025-04-26 00:39:14,853 - INFO - This is log message number 3293
2025-04-26 00:39:14,853 - INFO - This is log message number 3294
2025-04-26 00:39:14,854 - INFO - This is log message number 3295
2025-04-26 00:39:14,854 - INFO - This is log message number 3296
2025-04-26 00:39:14,854 - INFO - This is log message number 3297
2025-04-26 00:39:14,854 - INFO - This is log message number 3298
2025-04-26 00:39:14,854 - INFO - This is log message number 3299
2025-04-26 00:39:14,854 - INFO - This is log message number 3300
2025-04-26 00:39:14,856 - INFO - This is log message number 3301
2025-04-26 00:39:14,856 - INFO - This is log message number 3302
2025-04-26 00:39:14,856 - INFO - This is log message number 3303
2025-04-26 00:39:14,856 - INFO - This is log message number 3304
2025-04-26 00:39:14,857 - INFO - This is log message number 3305
2025-04-26 00:39:14,857 - INFO - This is log message number 3306
2025-04-26 00:39:14,857 - INFO - This is log message number 3307
2025-04-26 00:39:14,858 - INFO - This is log message number 3308
2025-04-26 00:39:14,858 - INFO - This is log message number 3309
2025-04-26 00:39:14,858 - INFO - This is log message number 3310
2025-04-26 00:39:14,858 - INFO - This is log message number 3311
2025-04-26 00:39:14,858 - INFO - This is log message number 3312
2025-04-26 00:39:14,859 - INFO - This is log message number 3313
2025-04-26 00:39:14,859 - INFO - This is log message number 3314
2025-04-26 00:39:14,859 - INFO - This is log message number 3315
2025-04-26 00:39:14,859 - INFO - This is log message number 3316
2025-04-26 00:39:14,859 - INFO - This is log message number 3317
2025-04-26 00:39:14,860 - INFO - This is log message number 3318
2025-04-26 00:39:14,860 - INFO - This is log message number 3319
2025-04-26 00:39:14,860 - INFO - This is log message number 3320
2025-04-26 00:39:14,860 - INFO - This is log message number 3321
2025-04-26 00:39:14,860 - INFO - This is log message number 3322
2025-04-26 00:39:14,861 - INFO - This is log message number 3323
2025-04-26 00:39:14,861 - INFO - This is log message number 3324
2025-04-26 00:39:14,861 - INFO - This is log message number 3325
2025-04-26 00:39:14,861 - INFO - This is log message number 3326
2025-04-26 00:39:14,861 - INFO - This is log message number 3327
2025-04-26 00:39:14,861 - INFO - This is log message number 3328
2025-04-26 00:39:14,862 - INFO - This is log message number 3329
2025-04-26 00:39:14,862 - INFO - This is log message number 3330
2025-04-26 00:39:14,862 - INFO - This is log message number 3331
2025-04-26 00:39:14,862 - INFO - This is log message number 3332
2025-04-26 00:39:14,862 - INFO - This is log message number 3333
2025-04-26 00:39:14,862 - INFO - This is log message number 3334
2025-04-26 00:39:14,863 - INFO - This is log message number 3335
2025-04-26 00:39:14,863 - INFO - This is log message number 3336
2025-04-26 00:39:14,863 - INFO - This is log message number 3337
2025-04-26 00:39:14,863 - INFO - This is log message number 3338
2025-04-26 00:39:14,863 - INFO - This is log message number 3339
2025-04-26 00:39:14,863 - INFO - This is log message number 3340
2025-04-26 00:39:14,864 - INFO - This is log message number 3341
2025-04-26 00:39:14,864 - INFO - This is log message number 3342
2025-04-26 00:39:14,864 - INFO - This is log message number 3343
2025-04-26 00:39:14,864 - INFO - This is log message number 3344
2025-04-26 00:39:14,864 - INFO - This is log message number 3345
2025-04-26 00:39:14,864 - INFO - This is log message number 3346
2025-04-26 00:39:14,864 - INFO - This is log message number 3347
2025-04-26 00:39:14,864 - INFO - This is log message number 3348
2025-04-26 00:39:14,866 - INFO - This is log message number 3349
2025-04-26 00:39:14,866 - INFO - This is log message number 3350
2025-04-26 00:39:14,866 - INFO - This is log message number 3351
2025-04-26 00:39:14,866 - INFO - This is log message number 3352
2025-04-26 00:39:14,866 - INFO - This is log message number 3353
2025-04-26 00:39:14,867 - INFO - This is log message number 3354
2025-04-26 00:39:14,867 - INFO - This is log message number 3355
2025-04-26 00:39:14,867 - INFO - This is log message number 3356
2025-04-26 00:39:14,867 - INFO - This is log message number 3357
2025-04-26 00:39:14,867 - INFO - This is log message number 3358
2025-04-26 00:39:14,867 - INFO - This is log message number 3359
2025-04-26 00:39:14,868 - INFO - This is log message number 3360
2025-04-26 00:39:14,868 - INFO - This is log message number 3361
2025-04-26 00:39:14,868 - INFO - This is log message number 3362
2025-04-26 00:39:14,868 - INFO - This is log message number 3363
2025-04-26 00:39:14,868 - INFO - This is log message number 3364
2025-04-26 00:39:14,868 - INFO - This is log message number 3365
2025-04-26 00:39:14,868 - INFO - This is log message number 3366
2025-04-26 00:39:14,869 - INFO - This is log message number 3367
2025-04-26 00:39:14,869 - INFO - This is log message number 3368
2025-04-26 00:39:14,869 - INFO - This is log message number 3369
2025-04-26 00:39:14,869 - INFO - This is log message number 3370
2025-04-26 00:39:14,870 - INFO - This is log message number 3371
2025-04-26 00:39:14,870 - INFO - This is log message number 3372
2025-04-26 00:39:14,870 - INFO - This is log message number 3373
2025-04-26 00:39:14,870 - INFO - This is log message number 3374
2025-04-26 00:39:14,870 - INFO - This is log message number 3375
2025-04-26 00:39:14,871 - INFO - This is log message number 3376
2025-04-26 00:39:14,871 - INFO - This is log message number 3377
2025-04-26 00:39:14,871 - INFO - This is log message number 3378
2025-04-26 00:39:14,871 - INFO - This is log message number 3379
2025-04-26 00:39:14,871 - INFO - This is log message number 3380
2025-04-26 00:39:14,872 - INFO - This is log message number 3381
2025-04-26 00:39:14,872 - INFO - This is log message number 3382
2025-04-26 00:39:14,872 - INFO - This is log message number 3383
2025-04-26 00:39:14,872 - INFO - This is log message number 3384
2025-04-26 00:39:14,873 - INFO - This is log message number 3385
2025-04-26 00:39:14,873 - INFO - This is log message number 3386
2025-04-26 00:39:14,873 - INFO - This is log message number 3387
2025-04-26 00:39:14,874 - INFO - This is log message number 3388
2025-04-26 00:39:14,874 - INFO - This is log message number 3389
2025-04-26 00:39:14,875 - INFO - This is log message number 3390
2025-04-26 00:39:14,875 - INFO - This is log message number 3391
2025-04-26 00:39:14,875 - INFO - This is log message number 3392
2025-04-26 00:39:14,875 - INFO - This is log message number 3393
2025-04-26 00:39:14,875 - INFO - This is log message number 3394
2025-04-26 00:39:14,876 - INFO - This is log message number 3395
2025-04-26 00:39:14,876 - INFO - This is log message number 3396
2025-04-26 00:39:14,876 - INFO - This is log message number 3397
2025-04-26 00:39:14,876 - INFO - This is log message number 3398
2025-04-26 00:39:14,876 - INFO - This is log message number 3399
2025-04-26 00:39:14,877 - INFO - This is log message number 3400
2025-04-26 00:39:14,877 - INFO - This is log message number 3401
2025-04-26 00:39:14,877 - INFO - This is log message number 3402
2025-04-26 00:39:14,877 - INFO - This is log message number 3403
2025-04-26 00:39:14,877 - INFO - This is log message number 3404
2025-04-26 00:39:14,877 - INFO - This is log message number 3405
2025-04-26 00:39:14,878 - INFO - This is log message number 3406
2025-04-26 00:39:14,878 - INFO - This is log message number 3407
2025-04-26 00:39:14,878 - INFO - This is log message number 3408
2025-04-26 00:39:14,878 - INFO - This is log message number 3409
2025-04-26 00:39:14,878 - INFO - This is log message number 3410
2025-04-26 00:39:14,879 - INFO - This is log message number 3411
2025-04-26 00:39:14,879 - INFO - This is log message number 3412
2025-04-26 00:39:14,879 - INFO - This is log message number 3413
2025-04-26 00:39:14,879 - INFO - This is log message number 3414
2025-04-26 00:39:14,879 - INFO - This is log message number 3415
2025-04-26 00:39:14,879 - INFO - This is log message number 3416
2025-04-26 00:39:14,880 - INFO - This is log message number 3417
2025-04-26 00:39:14,880 - INFO - This is log message number 3418
2025-04-26 00:39:14,880 - INFO - This is log message number 3419
2025-04-26 00:39:14,880 - INFO - This is log message number 3420
2025-04-26 00:39:14,880 - INFO - This is log message number 3421
2025-04-26 00:39:14,881 - INFO - This is log message number 3422
2025-04-26 00:39:14,881 - INFO - This is log message number 3423
2025-04-26 00:39:14,881 - INFO - This is log message number 3424
2025-04-26 00:39:14,881 - INFO - This is log message number 3425
2025-04-26 00:39:14,881 - INFO - This is log message number 3426
2025-04-26 00:39:14,882 - INFO - This is log message number 3427
2025-04-26 00:39:14,882 - INFO - This is log message number 3428
2025-04-26 00:39:14,882 - INFO - This is log message number 3429
2025-04-26 00:39:14,882 - INFO - This is log message number 3430
2025-04-26 00:39:14,882 - INFO - This is log message number 3431
2025-04-26 00:39:14,882 - INFO - This is log message number 3432
2025-04-26 00:39:14,884 - INFO - This is log message number 3433
2025-04-26 00:39:14,884 - INFO - This is log message number 3434
2025-04-26 00:39:14,884 - INFO - This is log message number 3435
2025-04-26 00:39:14,884 - INFO - This is log message number 3436
2025-04-26 00:39:14,884 - INFO - This is log message number 3437
2025-04-26 00:39:14,884 - INFO - This is log message number 3438
2025-04-26 00:39:14,885 - INFO - This is log message number 3439
2025-04-26 00:39:14,885 - INFO - This is log message number 3440
2025-04-26 00:39:14,885 - INFO - This is log message number 3441
2025-04-26 00:39:14,885 - INFO - This is log message number 3442
2025-04-26 00:39:14,885 - INFO - This is log message number 3443
2025-04-26 00:39:14,885 - INFO - This is log message number 3444
2025-04-26 00:39:14,885 - INFO - This is log message number 3445
2025-04-26 00:39:14,886 - INFO - This is log message number 3446
2025-04-26 00:39:14,886 - INFO - This is log message number 3447
2025-04-26 00:39:14,886 - INFO - This is log message number 3448
2025-04-26 00:39:14,887 - INFO - This is log message number 3449
2025-04-26 00:39:14,887 - INFO - This is log message number 3450
2025-04-26 00:39:14,887 - INFO - This is log message number 3451
2025-04-26 00:39:14,887 - INFO - This is log message number 3452
2025-04-26 00:39:14,888 - INFO - This is log message number 3453
2025-04-26 00:39:14,888 - INFO - This is log message number 3454
2025-04-26 00:39:14,888 - INFO - This is log message number 3455
2025-04-26 00:39:14,888 - INFO - This is log message number 3456
2025-04-26 00:39:14,888 - INFO - This is log message number 3457
2025-04-26 00:39:14,889 - INFO - This is log message number 3458
2025-04-26 00:39:14,889 - INFO - This is log message number 3459
2025-04-26 00:39:14,889 - INFO - This is log message number 3460
2025-04-26 00:39:14,889 - INFO - This is log message number 3461
2025-04-26 00:39:14,889 - INFO - This is log message number 3462
2025-04-26 00:39:14,889 - INFO - This is log message number 3463
2025-04-26 00:39:14,889 - INFO - This is log message number 3464
2025-04-26 00:39:14,890 - INFO - This is log message number 3465
2025-04-26 00:39:14,890 - INFO - This is log message number 3466
2025-04-26 00:39:14,890 - INFO - This is log message number 3467
2025-04-26 00:39:14,890 - INFO - This is log message number 3468
2025-04-26 00:39:14,890 - INFO - This is log message number 3469
2025-04-26 00:39:14,891 - INFO - This is log message number 3470
2025-04-26 00:39:14,891 - INFO - This is log message number 3471
2025-04-26 00:39:14,891 - INFO - This is log message number 3472
2025-04-26 00:39:14,891 - INFO - This is log message number 3473
2025-04-26 00:39:14,891 - INFO - This is log message number 3474
2025-04-26 00:39:14,891 - INFO - This is log message number 3475
2025-04-26 00:39:14,892 - INFO - This is log message number 3476
2025-04-26 00:39:14,892 - INFO - This is log message number 3477
2025-04-26 00:39:14,892 - INFO - This is log message number 3478
2025-04-26 00:39:14,892 - INFO - This is log message number 3479
2025-04-26 00:39:14,892 - INFO - This is log message number 3480
2025-04-26 00:39:14,894 - INFO - This is log message number 3481
2025-04-26 00:39:14,894 - INFO - This is log message number 3482
2025-04-26 00:39:14,894 - INFO - This is log message number 3483
2025-04-26 00:39:14,894 - INFO - This is log message number 3484
2025-04-26 00:39:14,894 - INFO - This is log message number 3485
2025-04-26 00:39:14,895 - INFO - This is log message number 3486
2025-04-26 00:39:14,895 - INFO - This is log message number 3487
2025-04-26 00:39:14,895 - INFO - This is log message number 3488
2025-04-26 00:39:14,895 - INFO - This is log message number 3489
2025-04-26 00:39:14,895 - INFO - This is log message number 3490
2025-04-26 00:39:14,896 - INFO - This is log message number 3491
2025-04-26 00:39:14,896 - INFO - This is log message number 3492
2025-04-26 00:39:14,896 - INFO - This is log message number 3493
2025-04-26 00:39:14,896 - INFO - This is log message number 3494
2025-04-26 00:39:14,896 - INFO - This is log message number 3495
2025-04-26 00:39:14,897 - INFO - This is log message number 3496
2025-04-26 00:39:14,897 - INFO - This is log message number 3497
2025-04-26 00:39:14,897 - INFO - This is log message number 3498
2025-04-26 00:39:14,897 - INFO - This is log message number 3499
2025-04-26 00:39:14,897 - INFO - This is log message number 3500
2025-04-26 00:39:14,897 - INFO - This is log message number 3501
2025-04-26 00:39:14,897 - INFO - This is log message number 3502
2025-04-26 00:39:14,897 - INFO - This is log message number 3503
2025-04-26 00:39:14,897 - INFO - This is log message number 3504
2025-04-26 00:39:14,898 - INFO - This is log message number 3505
2025-04-26 00:39:14,898 - INFO - This is log message number 3506
2025-04-26 00:39:14,898 - INFO - This is log message number 3507
2025-04-26 00:39:14,898 - INFO - This is log message number 3508
2025-04-26 00:39:14,898 - INFO - This is log message number 3509
2025-04-26 00:39:14,898 - INFO - This is log message number 3510
2025-04-26 00:39:14,899 - INFO - This is log message number 3511
2025-04-26 00:39:14,899 - INFO - This is log message number 3512
2025-04-26 00:39:14,899 - INFO - This is log message number 3513
2025-04-26 00:39:14,899 - INFO - This is log message number 3514
2025-04-26 00:39:14,899 - INFO - This is log message number 3515
2025-04-26 00:39:14,899 - INFO - This is log message number 3516
2025-04-26 00:39:14,899 - INFO - This is log message number 3517
2025-04-26 00:39:14,899 - INFO - This is log message number 3518
2025-04-26 00:39:14,899 - INFO - This is log message number 3519
2025-04-26 00:39:14,901 - INFO - This is log message number 3520
2025-04-26 00:39:14,901 - INFO - This is log message number 3521
2025-04-26 00:39:14,901 - INFO - This is log message number 3522
2025-04-26 00:39:14,901 - INFO - This is log message number 3523
2025-04-26 00:39:14,902 - INFO - This is log message number 3524
2025-04-26 00:39:14,902 - INFO - This is log message number 3525
2025-04-26 00:39:14,902 - INFO - This is log message number 3526
2025-04-26 00:39:14,902 - INFO - This is log message number 3527
2025-04-26 00:39:14,902 - INFO - This is log message number 3528
2025-04-26 00:39:14,902 - INFO - This is log message number 3529
2025-04-26 00:39:14,903 - INFO - This is log message number 3530
2025-04-26 00:39:14,903 - INFO - This is log message number 3531
2025-04-26 00:39:14,903 - INFO - This is log message number 3532
2025-04-26 00:39:14,903 - INFO - This is log message number 3533
2025-04-26 00:39:14,903 - INFO - This is log message number 3534
2025-04-26 00:39:14,904 - INFO - This is log message number 3535
2025-04-26 00:39:14,904 - INFO - This is log message number 3536
2025-04-26 00:39:14,904 - INFO - This is log message number 3537
2025-04-26 00:39:14,904 - INFO - This is log message number 3538
2025-04-26 00:39:14,904 - INFO - This is log message number 3539
2025-04-26 00:39:14,906 - INFO - This is log message number 3540
2025-04-26 00:39:14,906 - INFO - This is log message number 3541
2025-04-26 00:39:14,906 - INFO - This is log message number 3542
2025-04-26 00:39:14,906 - INFO - This is log message number 3543
2025-04-26 00:39:14,906 - INFO - This is log message number 3544
2025-04-26 00:39:14,907 - INFO - This is log message number 3545
2025-04-26 00:39:14,907 - INFO - This is log message number 3546
2025-04-26 00:39:14,907 - INFO - This is log message number 3547
2025-04-26 00:39:14,907 - INFO - This is log message number 3548
2025-04-26 00:39:14,907 - INFO - This is log message number 3549
2025-04-26 00:39:14,907 - INFO - This is log message number 3550
2025-04-26 00:39:14,908 - INFO - This is log message number 3551
2025-04-26 00:39:14,908 - INFO - This is log message number 3552
2025-04-26 00:39:14,908 - INFO - This is log message number 3553
2025-04-26 00:39:14,908 - INFO - This is log message number 3554
2025-04-26 00:39:14,908 - INFO - This is log message number 3555
2025-04-26 00:39:14,909 - INFO - This is log message number 3556
2025-04-26 00:39:14,909 - INFO - This is log message number 3557
2025-04-26 00:39:14,909 - INFO - This is log message number 3558
2025-04-26 00:39:14,909 - INFO - This is log message number 3559
2025-04-26 00:39:14,909 - INFO - This is log message number 3560
2025-04-26 00:39:14,910 - INFO - This is log message number 3561
2025-04-26 00:39:14,910 - INFO - This is log message number 3562
2025-04-26 00:39:14,910 - INFO - This is log message number 3563
2025-04-26 00:39:14,910 - INFO - This is log message number 3564
2025-04-26 00:39:14,910 - INFO - This is log message number 3565
2025-04-26 00:39:14,911 - INFO - This is log message number 3566
2025-04-26 00:39:14,911 - INFO - This is log message number 3567
2025-04-26 00:39:14,911 - INFO - This is log message number 3568
2025-04-26 00:39:14,911 - INFO - This is log message number 3569
2025-04-26 00:39:14,911 - INFO - This is log message number 3570
2025-04-26 00:39:14,911 - INFO - This is log message number 3571
2025-04-26 00:39:14,912 - INFO - This is log message number 3572
2025-04-26 00:39:14,912 - INFO - This is log message number 3573
2025-04-26 00:39:14,912 - INFO - This is log message number 3574
2025-04-26 00:39:14,912 - INFO - This is log message number 3575
2025-04-26 00:39:14,912 - INFO - This is log message number 3576
2025-04-26 00:39:14,912 - INFO - This is log message number 3577
2025-04-26 00:39:14,912 - INFO - This is log message number 3578
2025-04-26 00:39:14,913 - INFO - This is log message number 3579
2025-04-26 00:39:14,913 - INFO - This is log message number 3580
2025-04-26 00:39:14,913 - INFO - This is log message number 3581
2025-04-26 00:39:14,913 - INFO - This is log message number 3582
2025-04-26 00:39:14,914 - INFO - This is log message number 3583
2025-04-26 00:39:14,914 - INFO - This is log message number 3584
2025-04-26 00:39:14,914 - INFO - This is log message number 3585
2025-04-26 00:39:14,914 - INFO - This is log message number 3586
2025-04-26 00:39:14,914 - INFO - This is log message number 3587
2025-04-26 00:39:14,915 - INFO - This is log message number 3588
2025-04-26 00:39:14,915 - INFO - This is log message number 3589
2025-04-26 00:39:14,915 - INFO - This is log message number 3590
2025-04-26 00:39:14,915 - INFO - This is log message number 3591
2025-04-26 00:39:14,915 - INFO - This is log message number 3592
2025-04-26 00:39:14,916 - INFO - This is log message number 3593
2025-04-26 00:39:14,916 - INFO - This is log message number 3594
2025-04-26 00:39:14,916 - INFO - This is log message number 3595
2025-04-26 00:39:14,916 - INFO - This is log message number 3596
2025-04-26 00:39:14,916 - INFO - This is log message number 3597
2025-04-26 00:39:14,917 - INFO - This is log message number 3598
2025-04-26 00:39:14,917 - INFO - This is log message number 3599
2025-04-26 00:39:14,917 - INFO - This is log message number 3600
2025-04-26 00:39:14,917 - INFO - This is log message number 3601
2025-04-26 00:39:14,917 - INFO - This is log message number 3602
2025-04-26 00:39:14,917 - INFO - This is log message number 3603
2025-04-26 00:39:14,918 - INFO - This is log message number 3604
2025-04-26 00:39:14,918 - INFO - This is log message number 3605
2025-04-26 00:39:14,918 - INFO - This is log message number 3606
2025-04-26 00:39:14,918 - INFO - This is log message number 3607
2025-04-26 00:39:14,918 - INFO - This is log message number 3608
2025-04-26 00:39:14,918 - INFO - This is log message number 3609
2025-04-26 00:39:14,918 - INFO - This is log message number 3610
2025-04-26 00:39:14,919 - INFO - This is log message number 3611
2025-04-26 00:39:14,919 - INFO - This is log message number 3612
2025-04-26 00:39:14,919 - INFO - This is log message number 3613
2025-04-26 00:39:14,919 - INFO - This is log message number 3614
2025-04-26 00:39:14,919 - INFO - This is log message number 3615
2025-04-26 00:39:14,919 - INFO - This is log message number 3616
2025-04-26 00:39:14,921 - INFO - This is log message number 3617
2025-04-26 00:39:14,921 - INFO - This is log message number 3618
2025-04-26 00:39:14,921 - INFO - This is log message number 3619
2025-04-26 00:39:14,921 - INFO - This is log message number 3620
2025-04-26 00:39:14,921 - INFO - This is log message number 3621
2025-04-26 00:39:14,921 - INFO - This is log message number 3622
2025-04-26 00:39:14,922 - INFO - This is log message number 3623
2025-04-26 00:39:14,922 - INFO - This is log message number 3624
2025-04-26 00:39:14,922 - INFO - This is log message number 3625
2025-04-26 00:39:14,922 - INFO - This is log message number 3626
2025-04-26 00:39:14,922 - INFO - This is log message number 3627
2025-04-26 00:39:14,922 - INFO - This is log message number 3628
2025-04-26 00:39:14,924 - INFO - This is log message number 3629
2025-04-26 00:39:14,924 - INFO - This is log message number 3630
2025-04-26 00:39:14,924 - INFO - This is log message number 3631
2025-04-26 00:39:14,924 - INFO - This is log message number 3632
2025-04-26 00:39:14,924 - INFO - This is log message number 3633
2025-04-26 00:39:14,925 - INFO - This is log message number 3634
2025-04-26 00:39:14,925 - INFO - This is log message number 3635
2025-04-26 00:39:14,925 - INFO - This is log message number 3636
2025-04-26 00:39:14,925 - INFO - This is log message number 3637
2025-04-26 00:39:14,925 - INFO - This is log message number 3638
2025-04-26 00:39:14,925 - INFO - This is log message number 3639
2025-04-26 00:39:14,926 - INFO - This is log message number 3640
2025-04-26 00:39:14,926 - INFO - This is log message number 3641
2025-04-26 00:39:14,926 - INFO - This is log message number 3642
2025-04-26 00:39:14,926 - INFO - This is log message number 3643
2025-04-26 00:39:14,926 - INFO - This is log message number 3644
2025-04-26 00:39:14,927 - INFO - This is log message number 3645
2025-04-26 00:39:14,927 - INFO - This is log message number 3646
2025-04-26 00:39:14,927 - INFO - This is log message number 3647
2025-04-26 00:39:14,927 - INFO - This is log message number 3648
2025-04-26 00:39:14,927 - INFO - This is log message number 3649
2025-04-26 00:39:14,927 - INFO - This is log message number 3650
2025-04-26 00:39:14,928 - INFO - This is log message number 3651
2025-04-26 00:39:14,928 - INFO - This is log message number 3652
2025-04-26 00:39:14,928 - INFO - This is log message number 3653
2025-04-26 00:39:14,928 - INFO - This is log message number 3654
2025-04-26 00:39:14,928 - INFO - This is log message number 3655
2025-04-26 00:39:14,928 - INFO - This is log message number 3656
2025-04-26 00:39:14,929 - INFO - This is log message number 3657
2025-04-26 00:39:14,929 - INFO - This is log message number 3658
2025-04-26 00:39:14,929 - INFO - This is log message number 3659
2025-04-26 00:39:14,929 - INFO - This is log message number 3660
2025-04-26 00:39:14,929 - INFO - This is log message number 3661
2025-04-26 00:39:14,929 - INFO - This is log message number 3662
2025-04-26 00:39:14,930 - INFO - This is log message number 3663
2025-04-26 00:39:14,930 - INFO - This is log message number 3664
2025-04-26 00:39:14,930 - INFO - This is log message number 3665
2025-04-26 00:39:14,930 - INFO - This is log message number 3666
2025-04-26 00:39:14,930 - INFO - This is log message number 3667
2025-04-26 00:39:14,930 - INFO - This is log message number 3668
2025-04-26 00:39:14,931 - INFO - This is log message number 3669
2025-04-26 00:39:14,931 - INFO - This is log message number 3670
2025-04-26 00:39:14,931 - INFO - This is log message number 3671
2025-04-26 00:39:14,931 - INFO - This is log message number 3672
2025-04-26 00:39:14,931 - INFO - This is log message number 3673
2025-04-26 00:39:14,931 - INFO - This is log message number 3674
2025-04-26 00:39:14,932 - INFO - This is log message number 3675
2025-04-26 00:39:14,932 - INFO - This is log message number 3676
2025-04-26 00:39:14,932 - INFO - This is log message number 3677
2025-04-26 00:39:14,932 - INFO - This is log message number 3678
2025-04-26 00:39:14,932 - INFO - This is log message number 3679
2025-04-26 00:39:14,933 - INFO - This is log message number 3680
2025-04-26 00:39:14,933 - INFO - This is log message number 3681
2025-04-26 00:39:14,933 - INFO - This is log message number 3682
2025-04-26 00:39:14,933 - INFO - This is log message number 3683
2025-04-26 00:39:14,934 - INFO - This is log message number 3684
2025-04-26 00:39:14,934 - INFO - This is log message number 3685
2025-04-26 00:39:14,934 - INFO - This is log message number 3686
2025-04-26 00:39:14,934 - INFO - This is log message number 3687
2025-04-26 00:39:14,934 - INFO - This is log message number 3688
2025-04-26 00:39:14,934 - INFO - This is log message number 3689
2025-04-26 00:39:14,934 - INFO - This is log message number 3690
2025-04-26 00:39:14,935 - INFO - This is log message number 3691
2025-04-26 00:39:14,935 - INFO - This is log message number 3692
2025-04-26 00:39:14,935 - INFO - This is log message number 3693
2025-04-26 00:39:14,935 - INFO - This is log message number 3694
2025-04-26 00:39:14,936 - INFO - This is log message number 3695
2025-04-26 00:39:14,936 - INFO - This is log message number 3696
2025-04-26 00:39:14,936 - INFO - This is log message number 3697
2025-04-26 00:39:14,936 - INFO - This is log message number 3698
2025-04-26 00:39:14,936 - INFO - This is log message number 3699
2025-04-26 00:39:14,936 - INFO - This is log message number 3700
2025-04-26 00:39:14,938 - INFO - This is log message number 3701
2025-04-26 00:39:14,938 - INFO - This is log message number 3702
2025-04-26 00:39:14,938 - INFO - This is log message number 3703
2025-04-26 00:39:14,938 - INFO - This is log message number 3704
2025-04-26 00:39:14,938 - INFO - This is log message number 3705
2025-04-26 00:39:14,938 - INFO - This is log message number 3706
2025-04-26 00:39:14,938 - INFO - This is log message number 3707
2025-04-26 00:39:14,939 - INFO - This is log message number 3708
2025-04-26 00:39:14,939 - INFO - This is log message number 3709
2025-04-26 00:39:14,939 - INFO - This is log message number 3710
2025-04-26 00:39:14,939 - INFO - This is log message number 3711
2025-04-26 00:39:14,939 - INFO - This is log message number 3712
2025-04-26 00:39:14,939 - INFO - This is log message number 3713
2025-04-26 00:39:14,939 - INFO - This is log message number 3714
2025-04-26 00:39:14,939 - INFO - This is log message number 3715
2025-04-26 00:39:14,941 - INFO - This is log message number 3716
2025-04-26 00:39:14,941 - INFO - This is log message number 3717
2025-04-26 00:39:14,941 - INFO - This is log message number 3718
2025-04-26 00:39:14,941 - INFO - This is log message number 3719
2025-04-26 00:39:14,942 - INFO - This is log message number 3720
2025-04-26 00:39:14,942 - INFO - This is log message number 3721
2025-04-26 00:39:14,942 - INFO - This is log message number 3722
2025-04-26 00:39:14,942 - INFO - This is log message number 3723
2025-04-26 00:39:14,942 - INFO - This is log message number 3724
2025-04-26 00:39:14,943 - INFO - This is log message number 3725
2025-04-26 00:39:14,943 - INFO - This is log message number 3726
2025-04-26 00:39:14,943 - INFO - This is log message number 3727
2025-04-26 00:39:14,943 - INFO - This is log message number 3728
2025-04-26 00:39:14,943 - INFO - This is log message number 3729
2025-04-26 00:39:14,943 - INFO - This is log message number 3730
2025-04-26 00:39:14,943 - INFO - This is log message number 3731
2025-04-26 00:39:14,943 - INFO - This is log message number 3732
2025-04-26 00:39:14,944 - INFO - This is log message number 3733
2025-04-26 00:39:14,944 - INFO - This is log message number 3734
2025-04-26 00:39:14,944 - INFO - This is log message number 3735
2025-04-26 00:39:14,944 - INFO - This is log message number 3736
2025-04-26 00:39:14,944 - INFO - This is log message number 3737
2025-04-26 00:39:14,945 - INFO - This is log message number 3738
2025-04-26 00:39:14,945 - INFO - This is log message number 3739
2025-04-26 00:39:14,945 - INFO - This is log message number 3740
2025-04-26 00:39:14,945 - INFO - This is log message number 3741
2025-04-26 00:39:14,945 - INFO - This is log message number 3742
2025-04-26 00:39:14,945 - INFO - This is log message number 3743
2025-04-26 00:39:14,945 - INFO - This is log message number 3744
2025-04-26 00:39:14,947 - INFO - This is log message number 3745
2025-04-26 00:39:14,947 - INFO - This is log message number 3746
2025-04-26 00:39:14,947 - INFO - This is log message number 3747
2025-04-26 00:39:14,947 - INFO - This is log message number 3748
2025-04-26 00:39:14,947 - INFO - This is log message number 3749
2025-04-26 00:39:14,947 - INFO - This is log message number 3750
2025-04-26 00:39:14,948 - INFO - This is log message number 3751
2025-04-26 00:39:14,948 - INFO - This is log message number 3752
2025-04-26 00:39:14,948 - INFO - This is log message number 3753
2025-04-26 00:39:14,948 - INFO - This is log message number 3754
2025-04-26 00:39:14,948 - INFO - This is log message number 3755
2025-04-26 00:39:14,948 - INFO - This is log message number 3756
2025-04-26 00:39:14,949 - INFO - This is log message number 3757
2025-04-26 00:39:14,949 - INFO - This is log message number 3758
2025-04-26 00:39:14,949 - INFO - This is log message number 3759
2025-04-26 00:39:14,949 - INFO - This is log message number 3760
2025-04-26 00:39:14,949 - INFO - This is log message number 3761
2025-04-26 00:39:14,949 - INFO - This is log message number 3762
2025-04-26 00:39:14,949 - INFO - This is log message number 3763
2025-04-26 00:39:14,950 - INFO - This is log message number 3764
2025-04-26 00:39:14,950 - INFO - This is log message number 3765
2025-04-26 00:39:14,950 - INFO - This is log message number 3766
2025-04-26 00:39:14,950 - INFO - This is log message number 3767
2025-04-26 00:39:14,950 - INFO - This is log message number 3768
2025-04-26 00:39:14,950 - INFO - This is log message number 3769
2025-04-26 00:39:14,950 - INFO - This is log message number 3770
2025-04-26 00:39:14,952 - INFO - This is log message number 3771
2025-04-26 00:39:14,952 - INFO - This is log message number 3772
2025-04-26 00:39:14,952 - INFO - This is log message number 3773
2025-04-26 00:39:14,952 - INFO - This is log message number 3774
2025-04-26 00:39:14,952 - INFO - This is log message number 3775
2025-04-26 00:39:14,953 - INFO - This is log message number 3776
2025-04-26 00:39:14,953 - INFO - This is log message number 3777
2025-04-26 00:39:14,953 - INFO - This is log message number 3778
2025-04-26 00:39:14,953 - INFO - This is log message number 3779
2025-04-26 00:39:14,953 - INFO - This is log message number 3780
2025-04-26 00:39:14,954 - INFO - This is log message number 3781
2025-04-26 00:39:14,954 - INFO - This is log message number 3782
2025-04-26 00:39:14,954 - INFO - This is log message number 3783
2025-04-26 00:39:14,954 - INFO - This is log message number 3784
2025-04-26 00:39:14,954 - INFO - This is log message number 3785
2025-04-26 00:39:14,954 - INFO - This is log message number 3786
2025-04-26 00:39:14,956 - INFO - This is log message number 3787
2025-04-26 00:39:14,956 - INFO - This is log message number 3788
2025-04-26 00:39:14,956 - INFO - This is log message number 3789
2025-04-26 00:39:14,956 - INFO - This is log message number 3790
2025-04-26 00:39:14,956 - INFO - This is log message number 3791
2025-04-26 00:39:14,956 - INFO - This is log message number 3792
2025-04-26 00:39:14,956 - INFO - This is log message number 3793
2025-04-26 00:39:14,957 - INFO - This is log message number 3794
2025-04-26 00:39:14,957 - INFO - This is log message number 3795
2025-04-26 00:39:14,957 - INFO - This is log message number 3796
2025-04-26 00:39:14,957 - INFO - This is log message number 3797
2025-04-26 00:39:14,957 - INFO - This is log message number 3798
2025-04-26 00:39:14,958 - INFO - This is log message number 3799
2025-04-26 00:39:14,958 - INFO - This is log message number 3800
2025-04-26 00:39:14,958 - INFO - This is log message number 3801
2025-04-26 00:39:14,958 - INFO - This is log message number 3802
2025-04-26 00:39:14,959 - INFO - This is log message number 3803
2025-04-26 00:39:14,959 - INFO - This is log message number 3804
2025-04-26 00:39:14,959 - INFO - This is log message number 3805
2025-04-26 00:39:14,959 - INFO - This is log message number 3806
2025-04-26 00:39:14,959 - INFO - This is log message number 3807
2025-04-26 00:39:14,960 - INFO - This is log message number 3808
2025-04-26 00:39:14,960 - INFO - This is log message number 3809
2025-04-26 00:39:14,960 - INFO - This is log message number 3810
2025-04-26 00:39:14,960 - INFO - This is log message number 3811
2025-04-26 00:39:14,960 - INFO - This is log message number 3812
2025-04-26 00:39:14,961 - INFO - This is log message number 3813
2025-04-26 00:39:14,961 - INFO - This is log message number 3814
2025-04-26 00:39:14,961 - INFO - This is log message number 3815
2025-04-26 00:39:14,961 - INFO - This is log message number 3816
2025-04-26 00:39:14,961 - INFO - This is log message number 3817
2025-04-26 00:39:14,962 - INFO - This is log message number 3818
2025-04-26 00:39:14,962 - INFO - This is log message number 3819
2025-04-26 00:39:14,962 - INFO - This is log message number 3820
2025-04-26 00:39:14,962 - INFO - This is log message number 3821
2025-04-26 00:39:14,962 - INFO - This is log message number 3822
2025-04-26 00:39:14,962 - INFO - This is log message number 3823
2025-04-26 00:39:14,962 - INFO - This is log message number 3824
2025-04-26 00:39:14,963 - INFO - This is log message number 3825
2025-04-26 00:39:14,963 - INFO - This is log message number 3826
2025-04-26 00:39:14,963 - INFO - This is log message number 3827
2025-04-26 00:39:14,963 - INFO - This is log message number 3828
2025-04-26 00:39:14,963 - INFO - This is log message number 3829
2025-04-26 00:39:14,965 - INFO - This is log message number 3830
2025-04-26 00:39:14,965 - INFO - This is log message number 3831
2025-04-26 00:39:14,965 - INFO - This is log message number 3832
2025-04-26 00:39:14,965 - INFO - This is log message number 3833
2025-04-26 00:39:14,965 - INFO - This is log message number 3834
2025-04-26 00:39:14,965 - INFO - This is log message number 3835
2025-04-26 00:39:14,966 - INFO - This is log message number 3836
2025-04-26 00:39:14,966 - INFO - This is log message number 3837
2025-04-26 00:39:14,966 - INFO - This is log message number 3838
2025-04-26 00:39:14,966 - INFO - This is log message number 3839
2025-04-26 00:39:14,966 - INFO - This is log message number 3840
2025-04-26 00:39:14,966 - INFO - This is log message number 3841
2025-04-26 00:39:14,967 - INFO - This is log message number 3842
2025-04-26 00:39:14,967 - INFO - This is log message number 3843
2025-04-26 00:39:14,967 - INFO - This is log message number 3844
2025-04-26 00:39:14,967 - INFO - This is log message number 3845
2025-04-26 00:39:14,967 - INFO - This is log message number 3846
2025-04-26 00:39:14,968 - INFO - This is log message number 3847
2025-04-26 00:39:14,968 - INFO - This is log message number 3848
2025-04-26 00:39:14,968 - INFO - This is log message number 3849
2025-04-26 00:39:14,968 - INFO - This is log message number 3850
2025-04-26 00:39:14,968 - INFO - This is log message number 3851
2025-04-26 00:39:14,969 - INFO - This is log message number 3852
2025-04-26 00:39:14,969 - INFO - This is log message number 3853
2025-04-26 00:39:14,969 - INFO - This is log message number 3854
2025-04-26 00:39:14,969 - INFO - This is log message number 3855
2025-04-26 00:39:14,970 - INFO - This is log message number 3856
2025-04-26 00:39:14,970 - INFO - This is log message number 3857
2025-04-26 00:39:14,970 - INFO - This is log message number 3858
2025-04-26 00:39:14,970 - INFO - This is log message number 3859
2025-04-26 00:39:14,970 - INFO - This is log message number 3860
2025-04-26 00:39:14,972 - INFO - This is log message number 3861
2025-04-26 00:39:14,972 - INFO - This is log message number 3862
2025-04-26 00:39:14,972 - INFO - This is log message number 3863
2025-04-26 00:39:14,972 - INFO - This is log message number 3864
2025-04-26 00:39:14,973 - INFO - This is log message number 3865
2025-04-26 00:39:14,973 - INFO - This is log message number 3866
2025-04-26 00:39:14,973 - INFO - This is log message number 3867
2025-04-26 00:39:14,973 - INFO - This is log message number 3868
2025-04-26 00:39:14,974 - INFO - This is log message number 3869
2025-04-26 00:39:14,974 - INFO - This is log message number 3870
2025-04-26 00:39:14,974 - INFO - This is log message number 3871
2025-04-26 00:39:14,974 - INFO - This is log message number 3872
2025-04-26 00:39:14,974 - INFO - This is log message number 3873
2025-04-26 00:39:14,975 - INFO - This is log message number 3874
2025-04-26 00:39:14,975 - INFO - This is log message number 3875
2025-04-26 00:39:14,975 - INFO - This is log message number 3876
2025-04-26 00:39:14,975 - INFO - This is log message number 3877
2025-04-26 00:39:14,976 - INFO - This is log message number 3878
2025-04-26 00:39:14,976 - INFO - This is log message number 3879
2025-04-26 00:39:14,976 - INFO - This is log message number 3880
2025-04-26 00:39:14,976 - INFO - This is log message number 3881
2025-04-26 00:39:14,976 - INFO - This is log message number 3882
2025-04-26 00:39:14,977 - INFO - This is log message number 3883
2025-04-26 00:39:14,977 - INFO - This is log message number 3884
2025-04-26 00:39:14,977 - INFO - This is log message number 3885
2025-04-26 00:39:14,977 - INFO - This is log message number 3886
2025-04-26 00:39:14,977 - INFO - This is log message number 3887
2025-04-26 00:39:14,977 - INFO - This is log message number 3888
2025-04-26 00:39:14,978 - INFO - This is log message number 3889
2025-04-26 00:39:14,978 - INFO - This is log message number 3890
2025-04-26 00:39:14,978 - INFO - This is log message number 3891
2025-04-26 00:39:14,978 - INFO - This is log message number 3892
2025-04-26 00:39:14,978 - INFO - This is log message number 3893
2025-04-26 00:39:14,978 - INFO - This is log message number 3894
2025-04-26 00:39:14,979 - INFO - This is log message number 3895
2025-04-26 00:39:14,979 - INFO - This is log message number 3896
2025-04-26 00:39:14,979 - INFO - This is log message number 3897
2025-04-26 00:39:14,979 - INFO - This is log message number 3898
2025-04-26 00:39:14,979 - INFO - This is log message number 3899
2025-04-26 00:39:14,979 - INFO - This is log message number 3900
2025-04-26 00:39:14,979 - INFO - This is log message number 3901
2025-04-26 00:39:14,980 - INFO - This is log message number 3902
2025-04-26 00:39:14,980 - INFO - This is log message number 3903
2025-04-26 00:39:14,980 - INFO - This is log message number 3904
2025-04-26 00:39:14,980 - INFO - This is log message number 3905
2025-04-26 00:39:14,980 - INFO - This is log message number 3906
2025-04-26 00:39:14,982 - INFO - This is log message number 3907
2025-04-26 00:39:14,982 - INFO - This is log message number 3908
2025-04-26 00:39:14,982 - INFO - This is log message number 3909
2025-04-26 00:39:14,982 - INFO - This is log message number 3910
2025-04-26 00:39:14,982 - INFO - This is log message number 3911
2025-04-26 00:39:14,982 - INFO - This is log message number 3912
2025-04-26 00:39:14,982 - INFO - This is log message number 3913
2025-04-26 00:39:14,983 - INFO - This is log message number 3914
2025-04-26 00:39:14,983 - INFO - This is log message number 3915
2025-04-26 00:39:14,983 - INFO - This is log message number 3916
2025-04-26 00:39:14,983 - INFO - This is log message number 3917
2025-04-26 00:39:14,984 - INFO - This is log message number 3918
2025-04-26 00:39:14,984 - INFO - This is log message number 3919
2025-04-26 00:39:14,984 - INFO - This is log message number 3920
2025-04-26 00:39:14,984 - INFO - This is log message number 3921
2025-04-26 00:39:14,984 - INFO - This is log message number 3922
2025-04-26 00:39:14,985 - INFO - This is log message number 3923
2025-04-26 00:39:14,985 - INFO - This is log message number 3924
2025-04-26 00:39:14,985 - INFO - This is log message number 3925
2025-04-26 00:39:14,985 - INFO - This is log message number 3926
2025-04-26 00:39:14,985 - INFO - This is log message number 3927
2025-04-26 00:39:14,985 - INFO - This is log message number 3928
2025-04-26 00:39:14,986 - INFO - This is log message number 3929
2025-04-26 00:39:14,986 - INFO - This is log message number 3930
2025-04-26 00:39:14,986 - INFO - This is log message number 3931
2025-04-26 00:39:14,986 - INFO - This is log message number 3932
2025-04-26 00:39:14,986 - INFO - This is log message number 3933
2025-04-26 00:39:14,987 - INFO - This is log message number 3934
2025-04-26 00:39:14,987 - INFO - This is log message number 3935
2025-04-26 00:39:14,987 - INFO - This is log message number 3936
2025-04-26 00:39:14,987 - INFO - This is log message number 3937
2025-04-26 00:39:14,988 - INFO - This is log message number 3938
2025-04-26 00:39:14,988 - INFO - This is log message number 3939
2025-04-26 00:39:14,988 - INFO - This is log message number 3940
2025-04-26 00:39:14,988 - INFO - This is log message number 3941
2025-04-26 00:39:14,989 - INFO - This is log message number 3942
2025-04-26 00:39:14,989 - INFO - This is log message number 3943
2025-04-26 00:39:14,989 - INFO - This is log message number 3944
2025-04-26 00:39:14,989 - INFO - This is log message number 3945
2025-04-26 00:39:14,990 - INFO - This is log message number 3946
2025-04-26 00:39:14,990 - INFO - This is log message number 3947
2025-04-26 00:39:14,990 - INFO - This is log message number 3948
2025-04-26 00:39:14,990 - INFO - This is log message number 3949
2025-04-26 00:39:14,990 - INFO - This is log message number 3950
2025-04-26 00:39:14,991 - INFO - This is log message number 3951
2025-04-26 00:39:14,991 - INFO - This is log message number 3952
2025-04-26 00:39:14,991 - INFO - This is log message number 3953
2025-04-26 00:39:14,991 - INFO - This is log message number 3954
2025-04-26 00:39:14,991 - INFO - This is log message number 3955
2025-04-26 00:39:14,992 - INFO - This is log message number 3956
2025-04-26 00:39:14,992 - INFO - This is log message number 3957
2025-04-26 00:39:14,992 - INFO - This is log message number 3958
2025-04-26 00:39:14,992 - INFO - This is log message number 3959
2025-04-26 00:39:14,992 - INFO - This is log message number 3960
2025-04-26 00:39:14,993 - INFO - This is log message number 3961
2025-04-26 00:39:14,993 - INFO - This is log message number 3962
2025-04-26 00:39:14,993 - INFO - This is log message number 3963
2025-04-26 00:39:14,993 - INFO - This is log message number 3964
2025-04-26 00:39:14,993 - INFO - This is log message number 3965
2025-04-26 00:39:14,994 - INFO - This is log message number 3966
2025-04-26 00:39:14,994 - INFO - This is log message number 3967
2025-04-26 00:39:14,994 - INFO - This is log message number 3968
2025-04-26 00:39:14,994 - INFO - This is log message number 3969
2025-04-26 00:39:14,994 - INFO - This is log message number 3970
2025-04-26 00:39:14,994 - INFO - This is log message number 3971
2025-04-26 00:39:14,994 - INFO - This is log message number 3972
2025-04-26 00:39:14,995 - INFO - This is log message number 3973
2025-04-26 00:39:14,995 - INFO - This is log message number 3974
2025-04-26 00:39:14,995 - INFO - This is log message number 3975
2025-04-26 00:39:14,995 - INFO - This is log message number 3976
2025-04-26 00:39:14,995 - INFO - This is log message number 3977
2025-04-26 00:39:14,995 - INFO - This is log message number 3978
2025-04-26 00:39:14,995 - INFO - This is log message number 3979
2025-04-26 00:39:14,997 - INFO - This is log message number 3980
2025-04-26 00:39:14,997 - INFO - This is log message number 3981
2025-04-26 00:39:14,997 - INFO - This is log message number 3982
2025-04-26 00:39:14,997 - INFO - This is log message number 3983
2025-04-26 00:39:14,998 - INFO - This is log message number 3984
2025-04-26 00:39:14,998 - INFO - This is log message number 3985
2025-04-26 00:39:14,998 - INFO - This is log message number 3986
2025-04-26 00:39:14,998 - INFO - This is log message number 3987
2025-04-26 00:39:14,998 - INFO - This is log message number 3988
2025-04-26 00:39:14,999 - INFO - This is log message number 3989
2025-04-26 00:39:14,999 - INFO - This is log message number 3990
2025-04-26 00:39:14,999 - INFO - This is log message number 3991
2025-04-26 00:39:14,999 - INFO - This is log message number 3992
2025-04-26 00:39:14,999 - INFO - This is log message number 3993
2025-04-26 00:39:14,999 - INFO - This is log message number 3994
2025-04-26 00:39:14,999 - INFO - This is log message number 3995
2025-04-26 00:39:15,000 - INFO - This is log message number 3996
2025-04-26 00:39:15,000 - INFO - This is log message number 3997
2025-04-26 00:39:15,000 - INFO - This is log message number 3998
2025-04-26 00:39:15,000 - INFO - This is log message number 3999
2025-04-26 00:39:15,000 - INFO - This is log message number 4000
2025-04-26 00:39:15,000 - INFO - This is log message number 4001
2025-04-26 00:39:15,001 - INFO - This is log message number 4002
2025-04-26 00:39:15,001 - INFO - This is log message number 4003
2025-04-26 00:39:15,001 - INFO - This is log message number 4004
2025-04-26 00:39:15,001 - INFO - This is log message number 4005
2025-04-26 00:39:15,001 - INFO - This is log message number 4006
2025-04-26 00:39:15,002 - INFO - This is log message number 4007
2025-04-26 00:39:15,002 - INFO - This is log message number 4008
2025-04-26 00:39:15,002 - INFO - This is log message number 4009
2025-04-26 00:39:15,002 - INFO - This is log message number 4010
2025-04-26 00:39:15,003 - INFO - This is log message number 4011
2025-04-26 00:39:15,003 - INFO - This is log message number 4012
2025-04-26 00:39:15,003 - INFO - This is log message number 4013
2025-04-26 00:39:15,003 - INFO - This is log message number 4014
2025-04-26 00:39:15,003 - INFO - This is log message number 4015
2025-04-26 00:39:15,005 - INFO - This is log message number 4016
2025-04-26 00:39:15,005 - INFO - This is log message number 4017
2025-04-26 00:39:15,005 - INFO - This is log message number 4018
2025-04-26 00:39:15,005 - INFO - This is log message number 4019
2025-04-26 00:39:15,005 - INFO - This is log message number 4020
2025-04-26 00:39:15,006 - INFO - This is log message number 4021
2025-04-26 00:39:15,006 - INFO - This is log message number 4022
2025-04-26 00:39:15,006 - INFO - This is log message number 4023
2025-04-26 00:39:15,006 - INFO - This is log message number 4024
2025-04-26 00:39:15,006 - INFO - This is log message number 4025
2025-04-26 00:39:15,006 - INFO - This is log message number 4026
2025-04-26 00:39:15,007 - INFO - This is log message number 4027
2025-04-26 00:39:15,007 - INFO - This is log message number 4028
2025-04-26 00:39:15,007 - INFO - This is log message number 4029
2025-04-26 00:39:15,007 - INFO - This is log message number 4030
2025-04-26 00:39:15,007 - INFO - This is log message number 4031
2025-04-26 00:39:15,009 - INFO - This is log message number 4032
2025-04-26 00:39:15,009 - INFO - This is log message number 4033
2025-04-26 00:39:15,009 - INFO - This is log message number 4034
2025-04-26 00:39:15,009 - INFO - This is log message number 4035
2025-04-26 00:39:15,009 - INFO - This is log message number 4036
2025-04-26 00:39:15,009 - INFO - This is log message number 4037
2025-04-26 00:39:15,010 - INFO - This is log message number 4038
2025-04-26 00:39:15,010 - INFO - This is log message number 4039
2025-04-26 00:39:15,010 - INFO - This is log message number 4040
2025-04-26 00:39:15,010 - INFO - This is log message number 4041
2025-04-26 00:39:15,010 - INFO - This is log message number 4042
2025-04-26 00:39:15,010 - INFO - This is log message number 4043
2025-04-26 00:39:15,010 - INFO - This is log message number 4044
2025-04-26 00:39:15,011 - INFO - This is log message number 4045
2025-04-26 00:39:15,011 - INFO - This is log message number 4046
2025-04-26 00:39:15,011 - INFO - This is log message number 4047
2025-04-26 00:39:15,011 - INFO - This is log message number 4048
2025-04-26 00:39:15,011 - INFO - This is log message number 4049
2025-04-26 00:39:15,011 - INFO - This is log message number 4050
2025-04-26 00:39:15,012 - INFO - This is log message number 4051
2025-04-26 00:39:15,012 - INFO - This is log message number 4052
2025-04-26 00:39:15,012 - INFO - This is log message number 4053
2025-04-26 00:39:15,012 - INFO - This is log message number 4054
2025-04-26 00:39:15,014 - INFO - This is log message number 4055
2025-04-26 00:39:15,014 - INFO - This is log message number 4056
2025-04-26 00:39:15,014 - INFO - This is log message number 4057
2025-04-26 00:39:15,014 - INFO - This is log message number 4058
2025-04-26 00:39:15,014 - INFO - This is log message number 4059
2025-04-26 00:39:15,014 - INFO - This is log message number 4060
2025-04-26 00:39:15,015 - INFO - This is log message number 4061
2025-04-26 00:39:15,015 - INFO - This is log message number 4062
2025-04-26 00:39:15,015 - INFO - This is log message number 4063
2025-04-26 00:39:15,015 - INFO - This is log message number 4064
2025-04-26 00:39:15,015 - INFO - This is log message number 4065
2025-04-26 00:39:15,016 - INFO - This is log message number 4066
2025-04-26 00:39:15,016 - INFO - This is log message number 4067
2025-04-26 00:39:15,016 - INFO - This is log message number 4068
2025-04-26 00:39:15,016 - INFO - This is log message number 4069
2025-04-26 00:39:15,016 - INFO - This is log message number 4070
2025-04-26 00:39:15,016 - INFO - This is log message number 4071
2025-04-26 00:39:15,017 - INFO - This is log message number 4072
2025-04-26 00:39:15,017 - INFO - This is log message number 4073
2025-04-26 00:39:15,017 - INFO - This is log message number 4074
2025-04-26 00:39:15,017 - INFO - This is log message number 4075
2025-04-26 00:39:15,017 - INFO - This is log message number 4076
2025-04-26 00:39:15,018 - INFO - This is log message number 4077
2025-04-26 00:39:15,018 - INFO - This is log message number 4078
2025-04-26 00:39:15,018 - INFO - This is log message number 4079
2025-04-26 00:39:15,018 - INFO - This is log message number 4080
2025-04-26 00:39:15,018 - INFO - This is log message number 4081
2025-04-26 00:39:15,018 - INFO - This is log message number 4082
2025-04-26 00:39:15,019 - INFO - This is log message number 4083
2025-04-26 00:39:15,019 - INFO - This is log message number 4084
2025-04-26 00:39:15,019 - INFO - This is log message number 4085
2025-04-26 00:39:15,019 - INFO - This is log message number 4086
2025-04-26 00:39:15,019 - INFO - This is log message number 4087
2025-04-26 00:39:15,019 - INFO - This is log message number 4088
2025-04-26 00:39:15,020 - INFO - This is log message number 4089
2025-04-26 00:39:15,020 - INFO - This is log message number 4090
2025-04-26 00:39:15,020 - INFO - This is log message number 4091
2025-04-26 00:39:15,020 - INFO - This is log message number 4092
2025-04-26 00:39:15,020 - INFO - This is log message number 4093
2025-04-26 00:39:15,021 - INFO - This is log message number 4094
2025-04-26 00:39:15,021 - INFO - This is log message number 4095
2025-04-26 00:39:15,021 - INFO - This is log message number 4096
2025-04-26 00:39:15,022 - INFO - This is log message number 4097
2025-04-26 00:39:15,022 - INFO - This is log message number 4098
2025-04-26 00:39:15,022 - INFO - This is log message number 4099
2025-04-26 00:39:15,022 - INFO - This is log message number 4100
2025-04-26 00:39:15,023 - INFO - This is log message number 4101
2025-04-26 00:39:15,023 - INFO - This is log message number 4102
2025-04-26 00:39:15,023 - INFO - This is log message number 4103
2025-04-26 00:39:15,023 - INFO - This is log message number 4104
2025-04-26 00:39:15,024 - INFO - This is log message number 4105
2025-04-26 00:39:15,024 - INFO - This is log message number 4106
2025-04-26 00:39:15,024 - INFO - This is log message number 4107
2025-04-26 00:39:15,024 - INFO - This is log message number 4108
2025-04-26 00:39:15,024 - INFO - This is log message number 4109
2025-04-26 00:39:15,024 - INFO - This is log message number 4110
2025-04-26 00:39:15,026 - INFO - This is log message number 4111
2025-04-26 00:39:15,026 - INFO - This is log message number 4112
2025-04-26 00:39:15,026 - INFO - This is log message number 4113
2025-04-26 00:39:15,026 - INFO - This is log message number 4114
2025-04-26 00:39:15,026 - INFO - This is log message number 4115
2025-04-26 00:39:15,026 - INFO - This is log message number 4116
2025-04-26 00:39:15,027 - INFO - This is log message number 4117
2025-04-26 00:39:15,027 - INFO - This is log message number 4118
2025-04-26 00:39:15,027 - INFO - This is log message number 4119
2025-04-26 00:39:15,027 - INFO - This is log message number 4120
2025-04-26 00:39:15,027 - INFO - This is log message number 4121
2025-04-26 00:39:15,027 - INFO - This is log message number 4122
2025-04-26 00:39:15,028 - INFO - This is log message number 4123
2025-04-26 00:39:15,028 - INFO - This is log message number 4124
2025-04-26 00:39:15,028 - INFO - This is log message number 4125
2025-04-26 00:39:15,028 - INFO - This is log message number 4126
2025-04-26 00:39:15,028 - INFO - This is log message number 4127
2025-04-26 00:39:15,029 - INFO - This is log message number 4128
2025-04-26 00:39:15,029 - INFO - This is log message number 4129
2025-04-26 00:39:15,029 - INFO - This is log message number 4130
2025-04-26 00:39:15,029 - INFO - This is log message number 4131
2025-04-26 00:39:15,030 - INFO - This is log message number 4132
2025-04-26 00:39:15,030 - INFO - This is log message number 4133
2025-04-26 00:39:15,030 - INFO - This is log message number 4134
2025-04-26 00:39:15,030 - INFO - This is log message number 4135
2025-04-26 00:39:15,030 - INFO - This is log message number 4136
2025-04-26 00:39:15,030 - INFO - This is log message number 4137
2025-04-26 00:39:15,031 - INFO - This is log message number 4138
2025-04-26 00:39:15,031 - INFO - This is log message number 4139
2025-04-26 00:39:15,031 - INFO - This is log message number 4140
2025-04-26 00:39:15,031 - INFO - This is log message number 4141
2025-04-26 00:39:15,031 - INFO - This is log message number 4142
2025-04-26 00:39:15,031 - INFO - This is log message number 4143
2025-04-26 00:39:15,031 - INFO - This is log message number 4144
2025-04-26 00:39:15,031 - INFO - This is log message number 4145
2025-04-26 00:39:15,033 - INFO - This is log message number 4146
2025-04-26 00:39:15,033 - INFO - This is log message number 4147
2025-04-26 00:39:15,033 - INFO - This is log message number 4148
2025-04-26 00:39:15,033 - INFO - This is log message number 4149
2025-04-26 00:39:15,033 - INFO - This is log message number 4150
2025-04-26 00:39:15,033 - INFO - This is log message number 4151
2025-04-26 00:39:15,033 - INFO - This is log message number 4152
2025-04-26 00:39:15,034 - INFO - This is log message number 4153
2025-04-26 00:39:15,034 - INFO - This is log message number 4154
2025-04-26 00:39:15,034 - INFO - This is log message number 4155
2025-04-26 00:39:15,034 - INFO - This is log message number 4156
2025-04-26 00:39:15,034 - INFO - This is log message number 4157
2025-04-26 00:39:15,034 - INFO - This is log message number 4158
2025-04-26 00:39:15,034 - INFO - This is log message number 4159
2025-04-26 00:39:15,035 - INFO - This is log message number 4160
2025-04-26 00:39:15,035 - INFO - This is log message number 4161
2025-04-26 00:39:15,035 - INFO - This is log message number 4162
2025-04-26 00:39:15,035 - INFO - This is log message number 4163
2025-04-26 00:39:15,035 - INFO - This is log message number 4164
2025-04-26 00:39:15,035 - INFO - This is log message number 4165
2025-04-26 00:39:15,037 - INFO - This is log message number 4166
2025-04-26 00:39:15,037 - INFO - This is log message number 4167
2025-04-26 00:39:15,037 - INFO - This is log message number 4168
2025-04-26 00:39:15,037 - INFO - This is log message number 4169
2025-04-26 00:39:15,037 - INFO - This is log message number 4170
2025-04-26 00:39:15,038 - INFO - This is log message number 4171
2025-04-26 00:39:15,038 - INFO - This is log message number 4172
2025-04-26 00:39:15,038 - INFO - This is log message number 4173
2025-04-26 00:39:15,038 - INFO - This is log message number 4174
2025-04-26 00:39:15,038 - INFO - This is log message number 4175
2025-04-26 00:39:15,038 - INFO - This is log message number 4176
2025-04-26 00:39:15,039 - INFO - This is log message number 4177
2025-04-26 00:39:15,039 - INFO - This is log message number 4178
2025-04-26 00:39:15,039 - INFO - This is log message number 4179
2025-04-26 00:39:15,039 - INFO - This is log message number 4180
2025-04-26 00:39:15,040 - INFO - This is log message number 4181
2025-04-26 00:39:15,040 - INFO - This is log message number 4182
2025-04-26 00:39:15,040 - INFO - This is log message number 4183
2025-04-26 00:39:15,040 - INFO - This is log message number 4184
2025-04-26 00:39:15,040 - INFO - This is log message number 4185
2025-04-26 00:39:15,040 - INFO - This is log message number 4186
2025-04-26 00:39:15,040 - INFO - This is log message number 4187
2025-04-26 00:39:15,040 - INFO - This is log message number 4188
2025-04-26 00:39:15,040 - INFO - This is log message number 4189
2025-04-26 00:39:15,042 - INFO - This is log message number 4190
2025-04-26 00:39:15,042 - INFO - This is log message number 4191
2025-04-26 00:39:15,042 - INFO - This is log message number 4192
2025-04-26 00:39:15,042 - INFO - This is log message number 4193
2025-04-26 00:39:15,042 - INFO - This is log message number 4194
2025-04-26 00:39:15,042 - INFO - This is log message number 4195
2025-04-26 00:39:15,043 - INFO - This is log message number 4196
2025-04-26 00:39:15,043 - INFO - This is log message number 4197
2025-04-26 00:39:15,043 - INFO - This is log message number 4198
2025-04-26 00:39:15,043 - INFO - This is log message number 4199
2025-04-26 00:39:15,043 - INFO - This is log message number 4200
2025-04-26 00:39:15,044 - INFO - This is log message number 4201
2025-04-26 00:39:15,044 - INFO - This is log message number 4202
2025-04-26 00:39:15,045 - INFO - This is log message number 4203
2025-04-26 00:39:15,045 - INFO - This is log message number 4204
2025-04-26 00:39:15,045 - INFO - This is log message number 4205
2025-04-26 00:39:15,045 - INFO - This is log message number 4206
2025-04-26 00:39:15,045 - INFO - This is log message number 4207
2025-04-26 00:39:15,046 - INFO - This is log message number 4208
2025-04-26 00:39:15,046 - INFO - This is log message number 4209
2025-04-26 00:39:15,046 - INFO - This is log message number 4210
2025-04-26 00:39:15,046 - INFO - This is log message number 4211
2025-04-26 00:39:15,046 - INFO - This is log message number 4212
2025-04-26 00:39:15,046 - INFO - This is log message number 4213
2025-04-26 00:39:15,046 - INFO - This is log message number 4214
2025-04-26 00:39:15,046 - INFO - This is log message number 4215
2025-04-26 00:39:15,048 - INFO - This is log message number 4216
2025-04-26 00:39:15,048 - INFO - This is log message number 4217
2025-04-26 00:39:15,048 - INFO - This is log message number 4218
2025-04-26 00:39:15,048 - INFO - This is log message number 4219
2025-04-26 00:39:15,048 - INFO - This is log message number 4220
2025-04-26 00:39:15,048 - INFO - This is log message number 4221
2025-04-26 00:39:15,048 - INFO - This is log message number 4222
2025-04-26 00:39:15,049 - INFO - This is log message number 4223
2025-04-26 00:39:15,049 - INFO - This is log message number 4224
2025-04-26 00:39:15,049 - INFO - This is log message number 4225
2025-04-26 00:39:15,049 - INFO - This is log message number 4226
2025-04-26 00:39:15,049 - INFO - This is log message number 4227
2025-04-26 00:39:15,049 - INFO - This is log message number 4228
2025-04-26 00:39:15,050 - INFO - This is log message number 4229
2025-04-26 00:39:15,050 - INFO - This is log message number 4230
2025-04-26 00:39:15,050 - INFO - This is log message number 4231
2025-04-26 00:39:15,050 - INFO - This is log message number 4232
2025-04-26 00:39:15,050 - INFO - This is log message number 4233
2025-04-26 00:39:15,050 - INFO - This is log message number 4234
2025-04-26 00:39:15,052 - INFO - This is log message number 4235
2025-04-26 00:39:15,052 - INFO - This is log message number 4236
2025-04-26 00:39:15,052 - INFO - This is log message number 4237
2025-04-26 00:39:15,052 - INFO - This is log message number 4238
2025-04-26 00:39:15,053 - INFO - This is log message number 4239
2025-04-26 00:39:15,053 - INFO - This is log message number 4240
2025-04-26 00:39:15,053 - INFO - This is log message number 4241
2025-04-26 00:39:15,054 - INFO - This is log message number 4242
2025-04-26 00:39:15,054 - INFO - This is log message number 4243
2025-04-26 00:39:15,054 - INFO - This is log message number 4244
2025-04-26 00:39:15,054 - INFO - This is log message number 4245
2025-04-26 00:39:15,054 - INFO - This is log message number 4246
2025-04-26 00:39:15,055 - INFO - This is log message number 4247
2025-04-26 00:39:15,055 - INFO - This is log message number 4248
2025-04-26 00:39:15,055 - INFO - This is log message number 4249
2025-04-26 00:39:15,055 - INFO - This is log message number 4250
2025-04-26 00:39:15,057 - INFO - This is log message number 4251
2025-04-26 00:39:15,057 - INFO - This is log message number 4252
2025-04-26 00:39:15,057 - INFO - This is log message number 4253
2025-04-26 00:39:15,057 - INFO - This is log message number 4254
2025-04-26 00:39:15,057 - INFO - This is log message number 4255
2025-04-26 00:39:15,057 - INFO - This is log message number 4256
2025-04-26 00:39:15,058 - INFO - This is log message number 4257
2025-04-26 00:39:15,058 - INFO - This is log message number 4258
2025-04-26 00:39:15,058 - INFO - This is log message number 4259
2025-04-26 00:39:15,058 - INFO - This is log message number 4260
2025-04-26 00:39:15,059 - INFO - This is log message number 4261
2025-04-26 00:39:15,059 - INFO - This is log message number 4262
2025-04-26 00:39:15,059 - INFO - This is log message number 4263
2025-04-26 00:39:15,059 - INFO - This is log message number 4264
2025-04-26 00:39:15,059 - INFO - This is log message number 4265
2025-04-26 00:39:15,060 - INFO - This is log message number 4266
2025-04-26 00:39:15,060 - INFO - This is log message number 4267
2025-04-26 00:39:15,060 - INFO - This is log message number 4268
2025-04-26 00:39:15,060 - INFO - This is log message number 4269
2025-04-26 00:39:15,062 - INFO - This is log message number 4270
2025-04-26 00:39:15,062 - INFO - This is log message number 4271
2025-04-26 00:39:15,062 - INFO - This is log message number 4272
2025-04-26 00:39:15,062 - INFO - This is log message number 4273
2025-04-26 00:39:15,062 - INFO - This is log message number 4274
2025-04-26 00:39:15,063 - INFO - This is log message number 4275
2025-04-26 00:39:15,063 - INFO - This is log message number 4276
2025-04-26 00:39:15,063 - INFO - This is log message number 4277
2025-04-26 00:39:15,063 - INFO - This is log message number 4278
2025-04-26 00:39:15,063 - INFO - This is log message number 4279
2025-04-26 00:39:15,064 - INFO - This is log message number 4280
2025-04-26 00:39:15,064 - INFO - This is log message number 4281
2025-04-26 00:39:15,064 - INFO - This is log message number 4282
2025-04-26 00:39:15,064 - INFO - This is log message number 4283
2025-04-26 00:39:15,065 - INFO - This is log message number 4284
2025-04-26 00:39:15,065 - INFO - This is log message number 4285
2025-04-26 00:39:15,065 - INFO - This is log message number 4286
2025-04-26 00:39:15,065 - INFO - This is log message number 4287
2025-04-26 00:39:15,065 - INFO - This is log message number 4288
2025-04-26 00:39:15,066 - INFO - This is log message number 4289
2025-04-26 00:39:15,066 - INFO - This is log message number 4290
2025-04-26 00:39:15,066 - INFO - This is log message number 4291
2025-04-26 00:39:15,066 - INFO - This is log message number 4292
2025-04-26 00:39:15,066 - INFO - This is log message number 4293
2025-04-26 00:39:15,066 - INFO - This is log message number 4294
2025-04-26 00:39:15,067 - INFO - This is log message number 4295
2025-04-26 00:39:15,067 - INFO - This is log message number 4296
2025-04-26 00:39:15,067 - INFO - This is log message number 4297
2025-04-26 00:39:15,067 - INFO - This is log message number 4298
2025-04-26 00:39:15,067 - INFO - This is log message number 4299
2025-04-26 00:39:15,068 - INFO - This is log message number 4300
2025-04-26 00:39:15,068 - INFO - This is log message number 4301
2025-04-26 00:39:15,068 - INFO - This is log message number 4302
2025-04-26 00:39:15,068 - INFO - This is log message number 4303
2025-04-26 00:39:15,068 - INFO - This is log message number 4304
2025-04-26 00:39:15,069 - INFO - This is log message number 4305
2025-04-26 00:39:15,069 - INFO - This is log message number 4306
2025-04-26 00:39:15,069 - INFO - This is log message number 4307
2025-04-26 00:39:15,069 - INFO - This is log message number 4308
2025-04-26 00:39:15,070 - INFO - This is log message number 4309
2025-04-26 00:39:15,070 - INFO - This is log message number 4310
2025-04-26 00:39:15,070 - INFO - This is log message number 4311
2025-04-26 00:39:15,070 - INFO - This is log message number 4312
2025-04-26 00:39:15,070 - INFO - This is log message number 4313
2025-04-26 00:39:15,071 - INFO - This is log message number 4314
2025-04-26 00:39:15,071 - INFO - This is log message number 4315
2025-04-26 00:39:15,071 - INFO - This is log message number 4316
2025-04-26 00:39:15,071 - INFO - This is log message number 4317
2025-04-26 00:39:15,072 - INFO - This is log message number 4318
2025-04-26 00:39:15,072 - INFO - This is log message number 4319
2025-04-26 00:39:15,072 - INFO - This is log message number 4320
2025-04-26 00:39:15,072 - INFO - This is log message number 4321
2025-04-26 00:39:15,072 - INFO - This is log message number 4322
2025-04-26 00:39:15,073 - INFO - This is log message number 4323
2025-04-26 00:39:15,073 - INFO - This is log message number 4324
2025-04-26 00:39:15,073 - INFO - This is log message number 4325
2025-04-26 00:39:15,074 - INFO - This is log message number 4326
2025-04-26 00:39:15,074 - INFO - This is log message number 4327
2025-04-26 00:39:15,074 - INFO - This is log message number 4328
2025-04-26 00:39:15,074 - INFO - This is log message number 4329
2025-04-26 00:39:15,076 - INFO - This is log message number 4330
2025-04-26 00:39:15,076 - INFO - This is log message number 4331
2025-04-26 00:39:15,076 - INFO - This is log message number 4332
2025-04-26 00:39:15,076 - INFO - This is log message number 4333
2025-04-26 00:39:15,076 - INFO - This is log message number 4334
2025-04-26 00:39:15,077 - INFO - This is log message number 4335
2025-04-26 00:39:15,077 - INFO - This is log message number 4336
2025-04-26 00:39:15,077 - INFO - This is log message number 4337
2025-04-26 00:39:15,077 - INFO - This is log message number 4338
2025-04-26 00:39:15,077 - INFO - This is log message number 4339
2025-04-26 00:39:15,077 - INFO - This is log message number 4340
2025-04-26 00:39:15,077 - INFO - This is log message number 4341
2025-04-26 00:39:15,077 - INFO - This is log message number 4342
2025-04-26 00:39:15,077 - INFO - This is log message number 4343
2025-04-26 00:39:15,078 - INFO - This is log message number 4344
2025-04-26 00:39:15,078 - INFO - This is log message number 4345
2025-04-26 00:39:15,078 - INFO - This is log message number 4346
2025-04-26 00:39:15,078 - INFO - This is log message number 4347
2025-04-26 00:39:15,078 - INFO - This is log message number 4348
2025-04-26 00:39:15,078 - INFO - This is log message number 4349
2025-04-26 00:39:15,078 - INFO - This is log message number 4350
2025-04-26 00:39:15,078 - INFO - This is log message number 4351
2025-04-26 00:39:15,080 - INFO - This is log message number 4352
2025-04-26 00:39:15,080 - INFO - This is log message number 4353
2025-04-26 00:39:15,080 - INFO - This is log message number 4354
2025-04-26 00:39:15,080 - INFO - This is log message number 4355
2025-04-26 00:39:15,080 - INFO - This is log message number 4356
2025-04-26 00:39:15,081 - INFO - This is log message number 4357
2025-04-26 00:39:15,081 - INFO - This is log message number 4358
2025-04-26 00:39:15,081 - INFO - This is log message number 4359
2025-04-26 00:39:15,081 - INFO - This is log message number 4360
2025-04-26 00:39:15,081 - INFO - This is log message number 4361
2025-04-26 00:39:15,081 - INFO - This is log message number 4362
2025-04-26 00:39:15,081 - INFO - This is log message number 4363
2025-04-26 00:39:15,082 - INFO - This is log message number 4364
2025-04-26 00:39:15,082 - INFO - This is log message number 4365
2025-04-26 00:39:15,082 - INFO - This is log message number 4366
2025-04-26 00:39:15,082 - INFO - This is log message number 4367
2025-04-26 00:39:15,082 - INFO - This is log message number 4368
2025-04-26 00:39:15,082 - INFO - This is log message number 4369
2025-04-26 00:39:15,083 - INFO - This is log message number 4370
2025-04-26 00:39:15,083 - INFO - This is log message number 4371
2025-04-26 00:39:15,083 - INFO - This is log message number 4372
2025-04-26 00:39:15,083 - INFO - This is log message number 4373
2025-04-26 00:39:15,083 - INFO - This is log message number 4374
2025-04-26 00:39:15,084 - INFO - This is log message number 4375
2025-04-26 00:39:15,084 - INFO - This is log message number 4376
2025-04-26 00:39:15,084 - INFO - This is log message number 4377
2025-04-26 00:39:15,084 - INFO - This is log message number 4378
2025-04-26 00:39:15,085 - INFO - This is log message number 4379
2025-04-26 00:39:15,085 - INFO - This is log message number 4380
2025-04-26 00:39:15,085 - INFO - This is log message number 4381
2025-04-26 00:39:15,085 - INFO - This is log message number 4382
2025-04-26 00:39:15,085 - INFO - This is log message number 4383
2025-04-26 00:39:15,085 - INFO - This is log message number 4384
2025-04-26 00:39:15,086 - INFO - This is log message number 4385
2025-04-26 00:39:15,086 - INFO - This is log message number 4386
2025-04-26 00:39:15,086 - INFO - This is log message number 4387
2025-04-26 00:39:15,086 - INFO - This is log message number 4388
2025-04-26 00:39:15,086 - INFO - This is log message number 4389
2025-04-26 00:39:15,087 - INFO - This is log message number 4390
2025-04-26 00:39:15,087 - INFO - This is log message number 4391
2025-04-26 00:39:15,087 - INFO - This is log message number 4392
2025-04-26 00:39:15,087 - INFO - This is log message number 4393
2025-04-26 00:39:15,088 - INFO - This is log message number 4394
2025-04-26 00:39:15,088 - INFO - This is log message number 4395
2025-04-26 00:39:15,088 - INFO - This is log message number 4396
2025-04-26 00:39:15,088 - INFO - This is log message number 4397
2025-04-26 00:39:15,089 - INFO - This is log message number 4398
2025-04-26 00:39:15,089 - INFO - This is log message number 4399
2025-04-26 00:39:15,089 - INFO - This is log message number 4400
2025-04-26 00:39:15,089 - INFO - This is log message number 4401
2025-04-26 00:39:15,089 - INFO - This is log message number 4402
2025-04-26 00:39:15,090 - INFO - This is log message number 4403
2025-04-26 00:39:15,090 - INFO - This is log message number 4404
2025-04-26 00:39:15,090 - INFO - This is log message number 4405
2025-04-26 00:39:15,090 - INFO - This is log message number 4406
2025-04-26 00:39:15,090 - INFO - This is log message number 4407
2025-04-26 00:39:15,090 - INFO - This is log message number 4408
2025-04-26 00:39:15,091 - INFO - This is log message number 4409
2025-04-26 00:39:15,091 - INFO - This is log message number 4410
2025-04-26 00:39:15,091 - INFO - This is log message number 4411
2025-04-26 00:39:15,091 - INFO - This is log message number 4412
2025-04-26 00:39:15,091 - INFO - This is log message number 4413
2025-04-26 00:39:15,092 - INFO - This is log message number 4414
2025-04-26 00:39:15,092 - INFO - This is log message number 4415
2025-04-26 00:39:15,092 - INFO - This is log message number 4416
2025-04-26 00:39:15,092 - INFO - This is log message number 4417
2025-04-26 00:39:15,092 - INFO - This is log message number 4418
2025-04-26 00:39:15,092 - INFO - This is log message number 4419
2025-04-26 00:39:15,092 - INFO - This is log message number 4420
2025-04-26 00:39:15,094 - INFO - This is log message number 4421
2025-04-26 00:39:15,094 - INFO - This is log message number 4422
2025-04-26 00:39:15,094 - INFO - This is log message number 4423
2025-04-26 00:39:15,094 - INFO - This is log message number 4424
2025-04-26 00:39:15,094 - INFO - This is log message number 4425
2025-04-26 00:39:15,094 - INFO - This is log message number 4426
2025-04-26 00:39:15,095 - INFO - This is log message number 4427
2025-04-26 00:39:15,095 - INFO - This is log message number 4428
2025-04-26 00:39:15,095 - INFO - This is log message number 4429
2025-04-26 00:39:15,095 - INFO - This is log message number 4430
2025-04-26 00:39:15,095 - INFO - This is log message number 4431
2025-04-26 00:39:15,096 - INFO - This is log message number 4432
2025-04-26 00:39:15,096 - INFO - This is log message number 4433
2025-04-26 00:39:15,096 - INFO - This is log message number 4434
2025-04-26 00:39:15,096 - INFO - This is log message number 4435
2025-04-26 00:39:15,096 - INFO - This is log message number 4436
2025-04-26 00:39:15,096 - INFO - This is log message number 4437
2025-04-26 00:39:15,097 - INFO - This is log message number 4438
2025-04-26 00:39:15,097 - INFO - This is log message number 4439
2025-04-26 00:39:15,097 - INFO - This is log message number 4440
2025-04-26 00:39:15,097 - INFO - This is log message number 4441
2025-04-26 00:39:15,097 - INFO - This is log message number 4442
2025-04-26 00:39:15,097 - INFO - This is log message number 4443
2025-04-26 00:39:15,098 - INFO - This is log message number 4444
2025-04-26 00:39:15,098 - INFO - This is log message number 4445
2025-04-26 00:39:15,098 - INFO - This is log message number 4446
2025-04-26 00:39:15,098 - INFO - This is log message number 4447
2025-04-26 00:39:15,098 - INFO - This is log message number 4448
2025-04-26 00:39:15,099 - INFO - This is log message number 4449
2025-04-26 00:39:15,099 - INFO - This is log message number 4450
2025-04-26 00:39:15,099 - INFO - This is log message number 4451
2025-04-26 00:39:15,099 - INFO - This is log message number 4452
2025-04-26 00:39:15,099 - INFO - This is log message number 4453
2025-04-26 00:39:15,099 - INFO - This is log message number 4454
2025-04-26 00:39:15,100 - INFO - This is log message number 4455
2025-04-26 00:39:15,100 - INFO - This is log message number 4456
2025-04-26 00:39:15,100 - INFO - This is log message number 4457
2025-04-26 00:39:15,100 - INFO - This is log message number 4458
2025-04-26 00:39:15,100 - INFO - This is log message number 4459
2025-04-26 00:39:15,100 - INFO - This is log message number 4460
2025-04-26 00:39:15,100 - INFO - This is log message number 4461
2025-04-26 00:39:15,101 - INFO - This is log message number 4462
2025-04-26 00:39:15,101 - INFO - This is log message number 4463
2025-04-26 00:39:15,101 - INFO - This is log message number 4464
2025-04-26 00:39:15,101 - INFO - This is log message number 4465
2025-04-26 00:39:15,101 - INFO - This is log message number 4466
2025-04-26 00:39:15,101 - INFO - This is log message number 4467
2025-04-26 00:39:15,103 - INFO - This is log message number 4468
2025-04-26 00:39:15,103 - INFO - This is log message number 4469
2025-04-26 00:39:15,103 - INFO - This is log message number 4470
2025-04-26 00:39:15,103 - INFO - This is log message number 4471
2025-04-26 00:39:15,104 - INFO - This is log message number 4472
2025-04-26 00:39:15,104 - INFO - This is log message number 4473
2025-04-26 00:39:15,104 - INFO - This is log message number 4474
2025-04-26 00:39:15,104 - INFO - This is log message number 4475
2025-04-26 00:39:15,105 - INFO - This is log message number 4476
2025-04-26 00:39:15,105 - INFO - This is log message number 4477
2025-04-26 00:39:15,105 - INFO - This is log message number 4478
2025-04-26 00:39:15,105 - INFO - This is log message number 4479
2025-04-26 00:39:15,105 - INFO - This is log message number 4480
2025-04-26 00:39:15,106 - INFO - This is log message number 4481
2025-04-26 00:39:15,106 - INFO - This is log message number 4482
2025-04-26 00:39:15,106 - INFO - This is log message number 4483
2025-04-26 00:39:15,106 - INFO - This is log message number 4484
2025-04-26 00:39:15,107 - INFO - This is log message number 4485
2025-04-26 00:39:15,107 - INFO - This is log message number 4486
2025-04-26 00:39:15,107 - INFO - This is log message number 4487
2025-04-26 00:39:15,107 - INFO - This is log message number 4488
2025-04-26 00:39:15,107 - INFO - This is log message number 4489
2025-04-26 00:39:15,108 - INFO - This is log message number 4490
2025-04-26 00:39:15,108 - INFO - This is log message number 4491
2025-04-26 00:39:15,108 - INFO - This is log message number 4492
2025-04-26 00:39:15,108 - INFO - This is log message number 4493
2025-04-26 00:39:15,108 - INFO - This is log message number 4494
2025-04-26 00:39:15,108 - INFO - This is log message number 4495
2025-04-26 00:39:15,108 - INFO - This is log message number 4496
2025-04-26 00:39:15,109 - INFO - This is log message number 4497
2025-04-26 00:39:15,109 - INFO - This is log message number 4498
2025-04-26 00:39:15,109 - INFO - This is log message number 4499
2025-04-26 00:39:15,109 - INFO - This is log message number 4500
2025-04-26 00:39:15,109 - INFO - This is log message number 4501
2025-04-26 00:39:15,110 - INFO - This is log message number 4502
2025-04-26 00:39:15,110 - INFO - This is log message number 4503
2025-04-26 00:39:15,110 - INFO - This is log message number 4504
2025-04-26 00:39:15,110 - INFO - This is log message number 4505
2025-04-26 00:39:15,110 - INFO - This is log message number 4506
2025-04-26 00:39:15,111 - INFO - This is log message number 4507
2025-04-26 00:39:15,111 - INFO - This is log message number 4508
2025-04-26 00:39:15,111 - INFO - This is log message number 4509
2025-04-26 00:39:15,111 - INFO - This is log message number 4510
2025-04-26 00:39:15,111 - INFO - This is log message number 4511
2025-04-26 00:39:15,112 - INFO - This is log message number 4512
2025-04-26 00:39:15,112 - INFO - This is log message number 4513
2025-04-26 00:39:15,112 - INFO - This is log message number 4514
2025-04-26 00:39:15,112 - INFO - This is log message number 4515
2025-04-26 00:39:15,112 - INFO - This is log message number 4516
2025-04-26 00:39:15,112 - INFO - This is log message number 4517
2025-04-26 00:39:15,113 - INFO - This is log message number 4518
2025-04-26 00:39:15,113 - INFO - This is log message number 4519
2025-04-26 00:39:15,113 - INFO - This is log message number 4520
2025-04-26 00:39:15,113 - INFO - This is log message number 4521
2025-04-26 00:39:15,113 - INFO - This is log message number 4522
2025-04-26 00:39:15,114 - INFO - This is log message number 4523
2025-04-26 00:39:15,114 - INFO - This is log message number 4524
2025-04-26 00:39:15,114 - INFO - This is log message number 4525
2025-04-26 00:39:15,114 - INFO - This is log message number 4526
2025-04-26 00:39:15,114 - INFO - This is log message number 4527
2025-04-26 00:39:15,115 - INFO - This is log message number 4528
2025-04-26 00:39:15,115 - INFO - This is log message number 4529
2025-04-26 00:39:15,115 - INFO - This is log message number 4530
2025-04-26 00:39:15,115 - INFO - This is log message number 4531
2025-04-26 00:39:15,115 - INFO - This is log message number 4532
2025-04-26 00:39:15,115 - INFO - This is log message number 4533
2025-04-26 00:39:15,115 - INFO - This is log message number 4534
2025-04-26 00:39:15,117 - INFO - This is log message number 4535
2025-04-26 00:39:15,117 - INFO - This is log message number 4536
2025-04-26 00:39:15,117 - INFO - This is log message number 4537
2025-04-26 00:39:15,117 - INFO - This is log message number 4538
2025-04-26 00:39:15,117 - INFO - This is log message number 4539
2025-04-26 00:39:15,117 - INFO - This is log message number 4540
2025-04-26 00:39:15,118 - INFO - This is log message number 4541
2025-04-26 00:39:15,118 - INFO - This is log message number 4542
2025-04-26 00:39:15,118 - INFO - This is log message number 4543
2025-04-26 00:39:15,118 - INFO - This is log message number 4544
2025-04-26 00:39:15,118 - INFO - This is log message number 4545
2025-04-26 00:39:15,119 - INFO - This is log message number 4546
2025-04-26 00:39:15,119 - INFO - This is log message number 4547
2025-04-26 00:39:15,119 - INFO - This is log message number 4548
2025-04-26 00:39:15,119 - INFO - This is log message number 4549
2025-04-26 00:39:15,119 - INFO - This is log message number 4550
2025-04-26 00:39:15,119 - INFO - This is log message number 4551
2025-04-26 00:39:15,119 - INFO - This is log message number 4552
2025-04-26 00:39:15,120 - INFO - This is log message number 4553
2025-04-26 00:39:15,120 - INFO - This is log message number 4554
2025-04-26 00:39:15,120 - INFO - This is log message number 4555
2025-04-26 00:39:15,120 - INFO - This is log message number 4556
2025-04-26 00:39:15,121 - INFO - This is log message number 4557
2025-04-26 00:39:15,121 - INFO - This is log message number 4558
2025-04-26 00:39:15,121 - INFO - This is log message number 4559
2025-04-26 00:39:15,121 - INFO - This is log message number 4560
2025-04-26 00:39:15,122 - INFO - This is log message number 4561
2025-04-26 00:39:15,122 - INFO - This is log message number 4562
2025-04-26 00:39:15,122 - INFO - This is log message number 4563
2025-04-26 00:39:15,122 - INFO - This is log message number 4564
2025-04-26 00:39:15,122 - INFO - This is log message number 4565
2025-04-26 00:39:15,123 - INFO - This is log message number 4566
2025-04-26 00:39:15,123 - INFO - This is log message number 4567
2025-04-26 00:39:15,123 - INFO - This is log message number 4568
2025-04-26 00:39:15,123 - INFO - This is log message number 4569
2025-04-26 00:39:15,123 - INFO - This is log message number 4570
2025-04-26 00:39:15,124 - INFO - This is log message number 4571
2025-04-26 00:39:15,124 - INFO - This is log message number 4572
2025-04-26 00:39:15,124 - INFO - This is log message number 4573
2025-04-26 00:39:15,124 - INFO - This is log message number 4574
2025-04-26 00:39:15,124 - INFO - This is log message number 4575
2025-04-26 00:39:15,124 - INFO - This is log message number 4576
2025-04-26 00:39:15,125 - INFO - This is log message number 4577
2025-04-26 00:39:15,125 - INFO - This is log message number 4578
2025-04-26 00:39:15,125 - INFO - This is log message number 4579
2025-04-26 00:39:15,125 - INFO - This is log message number 4580
2025-04-26 00:39:15,125 - INFO - This is log message number 4581
2025-04-26 00:39:15,125 - INFO - This is log message number 4582
2025-04-26 00:39:15,125 - INFO - This is log message number 4583
2025-04-26 00:39:15,127 - INFO - This is log message number 4584
2025-04-26 00:39:15,127 - INFO - This is log message number 4585
2025-04-26 00:39:15,127 - INFO - This is log message number 4586
2025-04-26 00:39:15,127 - INFO - This is log message number 4587
2025-04-26 00:39:15,127 - INFO - This is log message number 4588
2025-04-26 00:39:15,128 - INFO - This is log message number 4589
2025-04-26 00:39:15,128 - INFO - This is log message number 4590
2025-04-26 00:39:15,128 - INFO - This is log message number 4591
2025-04-26 00:39:15,128 - INFO - This is log message number 4592
2025-04-26 00:39:15,128 - INFO - This is log message number 4593
2025-04-26 00:39:15,129 - INFO - This is log message number 4594
2025-04-26 00:39:15,129 - INFO - This is log message number 4595
2025-04-26 00:39:15,129 - INFO - This is log message number 4596
2025-04-26 00:39:15,129 - INFO - This is log message number 4597
2025-04-26 00:39:15,129 - INFO - This is log message number 4598
2025-04-26 00:39:15,129 - INFO - This is log message number 4599
2025-04-26 00:39:15,130 - INFO - This is log message number 4600
2025-04-26 00:39:15,130 - INFO - This is log message number 4601
2025-04-26 00:39:15,130 - INFO - This is log message number 4602
2025-04-26 00:39:15,130 - INFO - This is log message number 4603
2025-04-26 00:39:15,130 - INFO - This is log message number 4604
2025-04-26 00:39:15,130 - INFO - This is log message number 4605
2025-04-26 00:39:15,130 - INFO - This is log message number 4606
2025-04-26 00:39:15,131 - INFO - This is log message number 4607
2025-04-26 00:39:15,131 - INFO - This is log message number 4608
2025-04-26 00:39:15,131 - INFO - This is log message number 4609
2025-04-26 00:39:15,131 - INFO - This is log message number 4610
2025-04-26 00:39:15,131 - INFO - This is log message number 4611
2025-04-26 00:39:15,131 - INFO - This is log message number 4612
2025-04-26 00:39:15,131 - INFO - This is log message number 4613
2025-04-26 00:39:15,132 - INFO - This is log message number 4614
2025-04-26 00:39:15,132 - INFO - This is log message number 4615
2025-04-26 00:39:15,132 - INFO - This is log message number 4616
2025-04-26 00:39:15,132 - INFO - This is log message number 4617
2025-04-26 00:39:15,132 - INFO - This is log message number 4618
2025-04-26 00:39:15,133 - INFO - This is log message number 4619
2025-04-26 00:39:15,133 - INFO - This is log message number 4620
2025-04-26 00:39:15,133 - INFO - This is log message number 4621
2025-04-26 00:39:15,133 - INFO - This is log message number 4622
2025-04-26 00:39:15,133 - INFO - This is log message number 4623
2025-04-26 00:39:15,133 - INFO - This is log message number 4624
2025-04-26 00:39:15,133 - INFO - This is log message number 4625
2025-04-26 00:39:15,133 - INFO - This is log message number 4626
2025-04-26 00:39:15,134 - INFO - This is log message number 4627
2025-04-26 00:39:15,134 - INFO - This is log message number 4628
2025-04-26 00:39:15,134 - INFO - This is log message number 4629
2025-04-26 00:39:15,134 - INFO - This is log message number 4630
2025-04-26 00:39:15,134 - INFO - This is log message number 4631
2025-04-26 00:39:15,134 - INFO - This is log message number 4632
2025-04-26 00:39:15,135 - INFO - This is log message number 4633
2025-04-26 00:39:15,135 - INFO - This is log message number 4634
2025-04-26 00:39:15,135 - INFO - This is log message number 4635
2025-04-26 00:39:15,135 - INFO - This is log message number 4636
2025-04-26 00:39:15,135 - INFO - This is log message number 4637
2025-04-26 00:39:15,136 - INFO - This is log message number 4638
2025-04-26 00:39:15,136 - INFO - This is log message number 4639
2025-04-26 00:39:15,136 - INFO - This is log message number 4640
2025-04-26 00:39:15,136 - INFO - This is log message number 4641
2025-04-26 00:39:15,137 - INFO - This is log message number 4642
2025-04-26 00:39:15,137 - INFO - This is log message number 4643
2025-04-26 00:39:15,137 - INFO - This is log message number 4644
2025-04-26 00:39:15,137 - INFO - This is log message number 4645
2025-04-26 00:39:15,139 - INFO - This is log message number 4646
2025-04-26 00:39:15,139 - INFO - This is log message number 4647
2025-04-26 00:39:15,139 - INFO - This is log message number 4648
2025-04-26 00:39:15,139 - INFO - This is log message number 4649
2025-04-26 00:39:15,139 - INFO - This is log message number 4650
2025-04-26 00:39:15,139 - INFO - This is log message number 4651
2025-04-26 00:39:15,140 - INFO - This is log message number 4652
2025-04-26 00:39:15,140 - INFO - This is log message number 4653
2025-04-26 00:39:15,140 - INFO - This is log message number 4654
2025-04-26 00:39:15,140 - INFO - This is log message number 4655
2025-04-26 00:39:15,140 - INFO - This is log message number 4656
2025-04-26 00:39:15,141 - INFO - This is log message number 4657
2025-04-26 00:39:15,141 - INFO - This is log message number 4658
2025-04-26 00:39:15,141 - INFO - This is log message number 4659
2025-04-26 00:39:15,141 - INFO - This is log message number 4660
2025-04-26 00:39:15,141 - INFO - This is log message number 4661
2025-04-26 00:39:15,142 - INFO - This is log message number 4662
2025-04-26 00:39:15,142 - INFO - This is log message number 4663
2025-04-26 00:39:15,142 - INFO - This is log message number 4664
2025-04-26 00:39:15,142 - INFO - This is log message number 4665
2025-04-26 00:39:15,142 - INFO - This is log message number 4666
2025-04-26 00:39:15,143 - INFO - This is log message number 4667
2025-04-26 00:39:15,143 - INFO - This is log message number 4668
2025-04-26 00:39:15,143 - INFO - This is log message number 4669
2025-04-26 00:39:15,143 - INFO - This is log message number 4670
2025-04-26 00:39:15,143 - INFO - This is log message number 4671
2025-04-26 00:39:15,143 - INFO - This is log message number 4672
2025-04-26 00:39:15,143 - INFO - This is log message number 4673
2025-04-26 00:39:15,143 - INFO - This is log message number 4674
2025-04-26 00:39:15,144 - INFO - This is log message number 4675
2025-04-26 00:39:15,144 - INFO - This is log message number 4676
2025-04-26 00:39:15,144 - INFO - This is log message number 4677
2025-04-26 00:39:15,144 - INFO - This is log message number 4678
2025-04-26 00:39:15,144 - INFO - This is log message number 4679
2025-04-26 00:39:15,144 - INFO - This is log message number 4680
2025-04-26 00:39:15,145 - INFO - This is log message number 4681
2025-04-26 00:39:15,145 - INFO - This is log message number 4682
2025-04-26 00:39:15,145 - INFO - This is log message number 4683
2025-04-26 00:39:15,145 - INFO - This is log message number 4684
2025-04-26 00:39:15,146 - INFO - This is log message number 4685
2025-04-26 00:39:15,146 - INFO - This is log message number 4686
2025-04-26 00:39:15,146 - INFO - This is log message number 4687
2025-04-26 00:39:15,146 - INFO - This is log message number 4688
2025-04-26 00:39:15,146 - INFO - This is log message number 4689
2025-04-26 00:39:15,147 - INFO - This is log message number 4690
2025-04-26 00:39:15,147 - INFO - This is log message number 4691
2025-04-26 00:39:15,147 - INFO - This is log message number 4692
2025-04-26 00:39:15,147 - INFO - This is log message number 4693
2025-04-26 00:39:15,147 - INFO - This is log message number 4694
2025-04-26 00:39:15,148 - INFO - This is log message number 4695
2025-04-26 00:39:15,148 - INFO - This is log message number 4696
2025-04-26 00:39:15,148 - INFO - This is log message number 4697
2025-04-26 00:39:15,148 - INFO - This is log message number 4698
2025-04-26 00:39:15,148 - INFO - This is log message number 4699
2025-04-26 00:39:15,149 - INFO - This is log message number 4700
2025-04-26 00:39:15,149 - INFO - This is log message number 4701
2025-04-26 00:39:15,149 - INFO - This is log message number 4702
2025-04-26 00:39:15,149 - INFO - This is log message number 4703
2025-04-26 00:39:15,150 - INFO - This is log message number 4704
2025-04-26 00:39:15,150 - INFO - This is log message number 4705
2025-04-26 00:39:15,150 - INFO - This is log message number 4706
2025-04-26 00:39:15,150 - INFO - This is log message number 4707
2025-04-26 00:39:15,150 - INFO - This is log message number 4708
2025-04-26 00:39:15,150 - INFO - This is log message number 4709
2025-04-26 00:39:15,150 - INFO - This is log message number 4710
2025-04-26 00:39:15,152 - INFO - This is log message number 4711
2025-04-26 00:39:15,152 - INFO - This is log message number 4712
2025-04-26 00:39:15,152 - INFO - This is log message number 4713
2025-04-26 00:39:15,152 - INFO - This is log message number 4714
2025-04-26 00:39:15,153 - INFO - This is log message number 4715
2025-04-26 00:39:15,153 - INFO - This is log message number 4716
2025-04-26 00:39:15,153 - INFO - This is log message number 4717
2025-04-26 00:39:15,153 - INFO - This is log message number 4718
2025-04-26 00:39:15,153 - INFO - This is log message number 4719
2025-04-26 00:39:15,154 - INFO - This is log message number 4720
2025-04-26 00:39:15,154 - INFO - This is log message number 4721
2025-04-26 00:39:15,154 - INFO - This is log message number 4722
2025-04-26 00:39:15,154 - INFO - This is log message number 4723
2025-04-26 00:39:15,154 - INFO - This is log message number 4724
2025-04-26 00:39:15,155 - INFO - This is log message number 4725
2025-04-26 00:39:15,155 - INFO - This is log message number 4726
2025-04-26 00:39:15,155 - INFO - This is log message number 4727
2025-04-26 00:39:15,155 - INFO - This is log message number 4728
2025-04-26 00:39:15,155 - INFO - This is log message number 4729
2025-04-26 00:39:15,155 - INFO - This is log message number 4730
2025-04-26 00:39:15,157 - INFO - This is log message number 4731
2025-04-26 00:39:15,157 - INFO - This is log message number 4732
2025-04-26 00:39:15,157 - INFO - This is log message number 4733
2025-04-26 00:39:15,157 - INFO - This is log message number 4734
2025-04-26 00:39:15,157 - INFO - This is log message number 4735
2025-04-26 00:39:15,158 - INFO - This is log message number 4736
2025-04-26 00:39:15,158 - INFO - This is log message number 4737
2025-04-26 00:39:15,158 - INFO - This is log message number 4738
2025-04-26 00:39:15,158 - INFO - This is log message number 4739
2025-04-26 00:39:15,158 - INFO - This is log message number 4740
2025-04-26 00:39:15,159 - INFO - This is log message number 4741
2025-04-26 00:39:15,159 - INFO - This is log message number 4742
2025-04-26 00:39:15,159 - INFO - This is log message number 4743
2025-04-26 00:39:15,159 - INFO - This is log message number 4744
2025-04-26 00:39:15,159 - INFO - This is log message number 4745
2025-04-26 00:39:15,159 - INFO - This is log message number 4746
2025-04-26 00:39:15,159 - INFO - This is log message number 4747
2025-04-26 00:39:15,160 - INFO - This is log message number 4748
2025-04-26 00:39:15,160 - INFO - This is log message number 4749
2025-04-26 00:39:15,160 - INFO - This is log message number 4750
2025-04-26 00:39:15,160 - INFO - This is log message number 4751
2025-04-26 00:39:15,160 - INFO - This is log message number 4752
2025-04-26 00:39:15,160 - INFO - This is log message number 4753
2025-04-26 00:39:15,161 - INFO - This is log message number 4754
2025-04-26 00:39:15,161 - INFO - This is log message number 4755
2025-04-26 00:39:15,161 - INFO - This is log message number 4756
2025-04-26 00:39:15,161 - INFO - This is log message number 4757
2025-04-26 00:39:15,161 - INFO - This is log message number 4758
2025-04-26 00:39:15,161 - INFO - This is log message number 4759
2025-04-26 00:39:15,162 - INFO - This is log message number 4760
2025-04-26 00:39:15,162 - INFO - This is log message number 4761
2025-04-26 00:39:15,162 - INFO - This is log message number 4762
2025-04-26 00:39:15,162 - INFO - This is log message number 4763
2025-04-26 00:39:15,162 - INFO - This is log message number 4764
2025-04-26 00:39:15,162 - INFO - This is log message number 4765
2025-04-26 00:39:15,162 - INFO - This is log message number 4766
2025-04-26 00:39:15,162 - INFO - This is log message number 4767
2025-04-26 00:39:15,163 - INFO - This is log message number 4768
2025-04-26 00:39:15,163 - INFO - This is log message number 4769
2025-04-26 00:39:15,163 - INFO - This is log message number 4770
2025-04-26 00:39:15,163 - INFO - This is log message number 4771
2025-04-26 00:39:15,163 - INFO - This is log message number 4772
2025-04-26 00:39:15,163 - INFO - This is log message number 4773
2025-04-26 00:39:15,164 - INFO - This is log message number 4774
2025-04-26 00:39:15,164 - INFO - This is log message number 4775
2025-04-26 00:39:15,164 - INFO - This is log message number 4776
2025-04-26 00:39:15,164 - INFO - This is log message number 4777
2025-04-26 00:39:15,164 - INFO - This is log message number 4778
2025-04-26 00:39:15,165 - INFO - This is log message number 4779
2025-04-26 00:39:15,165 - INFO - This is log message number 4780
2025-04-26 00:39:15,165 - INFO - This is log message number 4781
2025-04-26 00:39:15,165 - INFO - This is log message number 4782
2025-04-26 00:39:15,165 - INFO - This is log message number 4783
2025-04-26 00:39:15,165 - INFO - This is log message number 4784
2025-04-26 00:39:15,167 - INFO - This is log message number 4785
2025-04-26 00:39:15,167 - INFO - This is log message number 4786
2025-04-26 00:39:15,167 - INFO - This is log message number 4787
2025-04-26 00:39:15,167 - INFO - This is log message number 4788
2025-04-26 00:39:15,168 - INFO - This is log message number 4789
2025-04-26 00:39:15,168 - INFO - This is log message number 4790
2025-04-26 00:39:15,168 - INFO - This is log message number 4791
2025-04-26 00:39:15,168 - INFO - This is log message number 4792
2025-04-26 00:39:15,168 - INFO - This is log message number 4793
2025-04-26 00:39:15,168 - INFO - This is log message number 4794
2025-04-26 00:39:15,169 - INFO - This is log message number 4795
2025-04-26 00:39:15,169 - INFO - This is log message number 4796
2025-04-26 00:39:15,169 - INFO - This is log message number 4797
2025-04-26 00:39:15,169 - INFO - This is log message number 4798
2025-04-26 00:39:15,169 - INFO - This is log message number 4799
2025-04-26 00:39:15,170 - INFO - This is log message number 4800
2025-04-26 00:39:15,170 - INFO - This is log message number 4801
2025-04-26 00:39:15,170 - INFO - This is log message number 4802
2025-04-26 00:39:15,170 - INFO - This is log message number 4803
2025-04-26 00:39:15,170 - INFO - This is log message number 4804
2025-04-26 00:39:15,171 - INFO - This is log message number 4805
2025-04-26 00:39:15,171 - INFO - This is log message number 4806
2025-04-26 00:39:15,171 - INFO - This is log message number 4807
2025-04-26 00:39:15,171 - INFO - This is log message number 4808
2025-04-26 00:39:15,172 - INFO - This is log message number 4809
2025-04-26 00:39:15,172 - INFO - This is log message number 4810
2025-04-26 00:39:15,172 - INFO - This is log message number 4811
2025-04-26 00:39:15,172 - INFO - This is log message number 4812
2025-04-26 00:39:15,172 - INFO - This is log message number 4813
2025-04-26 00:39:15,173 - INFO - This is log message number 4814
2025-04-26 00:39:15,173 - INFO - This is log message number 4815
2025-04-26 00:39:15,173 - INFO - This is log message number 4816
2025-04-26 00:39:15,173 - INFO - This is log message number 4817
2025-04-26 00:39:15,173 - INFO - This is log message number 4818
2025-04-26 00:39:15,174 - INFO - This is log message number 4819
2025-04-26 00:39:15,174 - INFO - This is log message number 4820
2025-04-26 00:39:15,174 - INFO - This is log message number 4821
2025-04-26 00:39:15,174 - INFO - This is log message number 4822
2025-04-26 00:39:15,174 - INFO - This is log message number 4823
2025-04-26 00:39:15,175 - INFO - This is log message number 4824
2025-04-26 00:39:15,175 - INFO - This is log message number 4825
2025-04-26 00:39:15,175 - INFO - This is log message number 4826
2025-04-26 00:39:15,176 - INFO - This is log message number 4827
2025-04-26 00:39:15,176 - INFO - This is log message number 4828
2025-04-26 00:39:15,176 - INFO - This is log message number 4829
2025-04-26 00:39:15,178 - INFO - This is log message number 4830
2025-04-26 00:39:15,178 - INFO - This is log message number 4831
2025-04-26 00:39:15,178 - INFO - This is log message number 4832
2025-04-26 00:39:15,178 - INFO - This is log message number 4833
2025-04-26 00:39:15,178 - INFO - This is log message number 4834
2025-04-26 00:39:15,179 - INFO - This is log message number 4835
2025-04-26 00:39:15,179 - INFO - This is log message number 4836
2025-04-26 00:39:15,179 - INFO - This is log message number 4837
2025-04-26 00:39:15,179 - INFO - This is log message number 4838
2025-04-26 00:39:15,179 - INFO - This is log message number 4839
2025-04-26 00:39:15,180 - INFO - This is log message number 4840
2025-04-26 00:39:15,180 - INFO - This is log message number 4841
2025-04-26 00:39:15,180 - INFO - This is log message number 4842
2025-04-26 00:39:15,181 - INFO - This is log message number 4843
2025-04-26 00:39:15,181 - INFO - This is log message number 4844
2025-04-26 00:39:15,181 - INFO - This is log message number 4845
2025-04-26 00:39:15,181 - INFO - This is log message number 4846
2025-04-26 00:39:15,181 - INFO - This is log message number 4847
2025-04-26 00:39:15,182 - INFO - This is log message number 4848
2025-04-26 00:39:15,182 - INFO - This is log message number 4849
2025-04-26 00:39:15,182 - INFO - This is log message number 4850
2025-04-26 00:39:15,182 - INFO - This is log message number 4851
2025-04-26 00:39:15,182 - INFO - This is log message number 4852
2025-04-26 00:39:15,183 - INFO - This is log message number 4853
2025-04-26 00:39:15,183 - INFO - This is log message number 4854
2025-04-26 00:39:15,183 - INFO - This is log message number 4855
2025-04-26 00:39:15,183 - INFO - This is log message number 4856
2025-04-26 00:39:15,184 - INFO - This is log message number 4857
2025-04-26 00:39:15,184 - INFO - This is log message number 4858
2025-04-26 00:39:15,184 - INFO - This is log message number 4859
2025-04-26 00:39:15,184 - INFO - This is log message number 4860
2025-04-26 00:39:15,184 - INFO - This is log message number 4861
2025-04-26 00:39:15,185 - INFO - This is log message number 4862
2025-04-26 00:39:15,185 - INFO - This is log message number 4863
2025-04-26 00:39:15,185 - INFO - This is log message number 4864
2025-04-26 00:39:15,185 - INFO - This is log message number 4865
2025-04-26 00:39:15,185 - INFO - This is log message number 4866
2025-04-26 00:39:15,185 - INFO - This is log message number 4867
2025-04-26 00:39:15,185 - INFO - This is log message number 4868
2025-04-26 00:39:15,187 - INFO - This is log message number 4869
2025-04-26 00:39:15,187 - INFO - This is log message number 4870
2025-04-26 00:39:15,187 - INFO - This is log message number 4871
2025-04-26 00:39:15,188 - INFO - This is log message number 4872
2025-04-26 00:39:15,188 - INFO - This is log message number 4873
2025-04-26 00:39:15,188 - INFO - This is log message number 4874
2025-04-26 00:39:15,188 - INFO - This is log message number 4875
2025-04-26 00:39:15,188 - INFO - This is log message number 4876
2025-04-26 00:39:15,189 - INFO - This is log message number 4877
2025-04-26 00:39:15,189 - INFO - This is log message number 4878
2025-04-26 00:39:15,189 - INFO - This is log message number 4879
2025-04-26 00:39:15,189 - INFO - This is log message number 4880
2025-04-26 00:39:15,189 - INFO - This is log message number 4881
2025-04-26 00:39:15,190 - INFO - This is log message number 4882
2025-04-26 00:39:15,190 - INFO - This is log message number 4883
2025-04-26 00:39:15,190 - INFO - This is log message number 4884
2025-04-26 00:39:15,190 - INFO - This is log message number 4885
2025-04-26 00:39:15,190 - INFO - This is log message number 4886
2025-04-26 00:39:15,191 - INFO - This is log message number 4887
2025-04-26 00:39:15,191 - INFO - This is log message number 4888
2025-04-26 00:39:15,191 - INFO - This is log message number 4889
2025-04-26 00:39:15,192 - INFO - This is log message number 4890
2025-04-26 00:39:15,192 - INFO - This is log message number 4891
2025-04-26 00:39:15,192 - INFO - This is log message number 4892
2025-04-26 00:39:15,192 - INFO - This is log message number 4893
2025-04-26 00:39:15,192 - INFO - This is log message number 4894
2025-04-26 00:39:15,192 - INFO - This is log message number 4895
2025-04-26 00:39:15,193 - INFO - This is log message number 4896
2025-04-26 00:39:15,193 - INFO - This is log message number 4897
2025-04-26 00:39:15,193 - INFO - This is log message number 4898
2025-04-26 00:39:15,193 - INFO - This is log message number 4899
2025-04-26 00:39:15,194 - INFO - This is log message number 4900
2025-04-26 00:39:15,194 - INFO - This is log message number 4901
2025-04-26 00:39:15,194 - INFO - This is log message number 4902
2025-04-26 00:39:15,194 - INFO - This is log message number 4903
2025-04-26 00:39:15,194 - INFO - This is log message number 4904
2025-04-26 00:39:15,195 - INFO - This is log message number 4905
2025-04-26 00:39:15,195 - INFO - This is log message number 4906
2025-04-26 00:39:15,195 - INFO - This is log message number 4907
2025-04-26 00:39:15,195 - INFO - This is log message number 4908
2025-04-26 00:39:15,195 - INFO - This is log message number 4909
2025-04-26 00:39:15,195 - INFO - This is log message number 4910
2025-04-26 00:39:15,195 - INFO - This is log message number 4911
2025-04-26 00:39:15,195 - INFO - This is log message number 4912
2025-04-26 00:39:15,196 - INFO - This is log message number 4913
2025-04-26 00:39:15,196 - INFO - This is log message number 4914
2025-04-26 00:39:15,196 - INFO - This is log message number 4915
2025-04-26 00:39:15,196 - INFO - This is log message number 4916
2025-04-26 00:39:15,196 - INFO - This is log message number 4917
2025-04-26 00:39:15,196 - INFO - This is log message number 4918
2025-04-26 00:39:15,196 - INFO - This is log message number 4919
2025-04-26 00:39:15,198 - INFO - This is log message number 4920
2025-04-26 00:39:15,198 - INFO - This is log message number 4921
2025-04-26 00:39:15,198 - INFO - This is log message number 4922
2025-04-26 00:39:15,198 - INFO - This is log message number 4923
2025-04-26 00:39:15,198 - INFO - This is log message number 4924
2025-04-26 00:39:15,198 - INFO - This is log message number 4925
2025-04-26 00:39:15,198 - INFO - This is log message number 4926
2025-04-26 00:39:15,198 - INFO - This is log message number 4927
2025-04-26 00:39:15,199 - INFO - This is log message number 4928
2025-04-26 00:39:15,199 - INFO - This is log message number 4929
2025-04-26 00:39:15,199 - INFO - This is log message number 4930
2025-04-26 00:39:15,199 - INFO - This is log message number 4931
2025-04-26 00:39:15,199 - INFO - This is log message number 4932
2025-04-26 00:39:15,200 - INFO - This is log message number 4933
2025-04-26 00:39:15,200 - INFO - This is log message number 4934
2025-04-26 00:39:15,200 - INFO - This is log message number 4935
2025-04-26 00:39:15,200 - INFO - This is log message number 4936
2025-04-26 00:39:15,200 - INFO - This is log message number 4937
2025-04-26 00:39:15,201 - INFO - This is log message number 4938
2025-04-26 00:39:15,201 - INFO - This is log message number 4939
2025-04-26 00:39:15,201 - INFO - This is log message number 4940
2025-04-26 00:39:15,201 - INFO - This is log message number 4941
2025-04-26 00:39:15,201 - INFO - This is log message number 4942
2025-04-26 00:39:15,201 - INFO - This is log message number 4943
2025-04-26 00:39:15,202 - INFO - This is log message number 4944
2025-04-26 00:39:15,202 - INFO - This is log message number 4945
2025-04-26 00:39:15,202 - INFO - This is log message number 4946
2025-04-26 00:39:15,202 - INFO - This is log message number 4947
2025-04-26 00:39:15,203 - INFO - This is log message number 4948
2025-04-26 00:39:15,203 - INFO - This is log message number 4949
2025-04-26 00:39:15,203 - INFO - This is log message number 4950
2025-04-26 00:39:15,203 - INFO - This is log message number 4951
2025-04-26 00:39:15,203 - INFO - This is log message number 4952
2025-04-26 00:39:15,203 - INFO - This is log message number 4953
2025-04-26 00:39:15,205 - INFO - This is log message number 4954
2025-04-26 00:39:15,205 - INFO - This is log message number 4955
2025-04-26 00:39:15,205 - INFO - This is log message number 4956
2025-04-26 00:39:15,205 - INFO - This is log message number 4957
2025-04-26 00:39:15,206 - INFO - This is log message number 4958
2025-04-26 00:39:15,206 - INFO - This is log message number 4959
2025-04-26 00:39:15,206 - INFO - This is log message number 4960
2025-04-26 00:39:15,206 - INFO - This is log message number 4961
2025-04-26 00:39:15,207 - INFO - This is log message number 4962
2025-04-26 00:39:15,207 - INFO - This is log message number 4963
2025-04-26 00:39:15,207 - INFO - This is log message number 4964
2025-04-26 00:39:15,207 - INFO - This is log message number 4965
2025-04-26 00:39:15,207 - INFO - This is log message number 4966
2025-04-26 00:39:15,207 - INFO - This is log message number 4967
2025-04-26 00:39:15,207 - INFO - This is log message number 4968
2025-04-26 00:39:15,208 - INFO - This is log message number 4969
2025-04-26 00:39:15,208 - INFO - This is log message number 4970
2025-04-26 00:39:15,208 - INFO - This is log message number 4971
2025-04-26 00:39:15,208 - INFO - This is log message number 4972
2025-04-26 00:39:15,208 - INFO - This is log message number 4973
2025-04-26 00:39:15,208 - INFO - This is log message number 4974
2025-04-26 00:39:15,208 - INFO - This is log message number 4975
2025-04-26 00:39:15,209 - INFO - This is log message number 4976
2025-04-26 00:39:15,209 - INFO - This is log message number 4977
2025-04-26 00:39:15,209 - INFO - This is log message number 4978
2025-04-26 00:39:15,209 - INFO - This is log message number 4979
2025-04-26 00:39:15,209 - INFO - This is log message number 4980
2025-04-26 00:39:15,209 - INFO - This is log message number 4981
2025-04-26 00:39:15,209 - INFO - This is log message number 4982
2025-04-26 00:39:15,209 - INFO - This is log message number 4983
2025-04-26 00:39:15,211 - INFO - This is log message number 4984
2025-04-26 00:39:15,211 - INFO - This is log message number 4985
2025-04-26 00:39:15,211 - INFO - This is log message number 4986
2025-04-26 00:39:15,211 - INFO - This is log message number 4987
2025-04-26 00:39:15,211 - INFO - This is log message number 4988
2025-04-26 00:39:15,211 - INFO - This is log message number 4989
2025-04-26 00:39:15,212 - INFO - This is log message number 4990
2025-04-26 00:39:15,212 - INFO - This is log message number 4991
2025-04-26 00:39:15,212 - INFO - This is log message number 4992
2025-04-26 00:39:15,212 - INFO - This is log message number 4993
2025-04-26 00:39:15,212 - INFO - This is log message number 4994
2025-04-26 00:39:15,212 - INFO - This is log message number 4995
2025-04-26 00:39:15,213 - INFO - This is log message number 4996
2025-04-26 00:39:15,213 - INFO - This is log message number 4997
2025-04-26 00:39:15,213 - INFO - This is log message number 4998
2025-04-26 00:39:15,213 - INFO - This is log message number 4999
2025-04-26 00:39:15,213 - INFO - This is log message number 5000
2025-04-26 00:39:15,213 - INFO - This is log message number 5001
2025-04-26 00:39:15,214 - INFO - This is log message number 5002
2025-04-26 00:39:15,214 - INFO - This is log message number 5003
2025-04-26 00:39:15,214 - INFO - This is log message number 5004
2025-04-26 00:39:15,214 - INFO - This is log message number 5005
2025-04-26 00:39:15,214 - INFO - This is log message number 5006
2025-04-26 00:39:15,214 - INFO - This is log message number 5007
2025-04-26 00:39:15,215 - INFO - This is log message number 5008
2025-04-26 00:39:15,215 - INFO - This is log message number 5009
2025-04-26 00:39:15,215 - INFO - This is log message number 5010
2025-04-26 00:39:15,215 - INFO - This is log message number 5011
2025-04-26 00:39:15,215 - INFO - This is log message number 5012
2025-04-26 00:39:15,215 - INFO - This is log message number 5013
2025-04-26 00:39:15,216 - INFO - This is log message number 5014
2025-04-26 00:39:15,216 - INFO - This is log message number 5015
2025-04-26 00:39:15,216 - INFO - This is log message number 5016
2025-04-26 00:39:15,216 - INFO - This is log message number 5017
2025-04-26 00:39:15,216 - INFO - This is log message number 5018
2025-04-26 00:39:15,216 - INFO - This is log message number 5019
2025-04-26 00:39:15,217 - INFO - This is log message number 5020
2025-04-26 00:39:15,217 - INFO - This is log message number 5021
2025-04-26 00:39:15,217 - INFO - This is log message number 5022
2025-04-26 00:39:15,217 - INFO - This is log message number 5023
2025-04-26 00:39:15,217 - INFO - This is log message number 5024
2025-04-26 00:39:15,217 - INFO - This is log message number 5025
2025-04-26 00:39:15,217 - INFO - This is log message number 5026
2025-04-26 00:39:15,218 - INFO - This is log message number 5027
2025-04-26 00:39:15,218 - INFO - This is log message number 5028
2025-04-26 00:39:15,218 - INFO - This is log message number 5029
2025-04-26 00:39:15,218 - INFO - This is log message number 5030
2025-04-26 00:39:15,218 - INFO - This is log message number 5031
2025-04-26 00:39:15,218 - INFO - This is log message number 5032
2025-04-26 00:39:15,220 - INFO - This is log message number 5033
2025-04-26 00:39:15,220 - INFO - This is log message number 5034
2025-04-26 00:39:15,220 - INFO - This is log message number 5035
2025-04-26 00:39:15,220 - INFO - This is log message number 5036
2025-04-26 00:39:15,221 - INFO - This is log message number 5037
2025-04-26 00:39:15,221 - INFO - This is log message number 5038
2025-04-26 00:39:15,221 - INFO - This is log message number 5039
2025-04-26 00:39:15,222 - INFO - This is log message number 5040
2025-04-26 00:39:15,222 - INFO - This is log message number 5041
2025-04-26 00:39:15,222 - INFO - This is log message number 5042
2025-04-26 00:39:15,222 - INFO - This is log message number 5043
2025-04-26 00:39:15,223 - INFO - This is log message number 5044
2025-04-26 00:39:15,223 - INFO - This is log message number 5045
2025-04-26 00:39:15,223 - INFO - This is log message number 5046
2025-04-26 00:39:15,223 - INFO - This is log message number 5047
2025-04-26 00:39:15,223 - INFO - This is log message number 5048
2025-04-26 00:39:15,224 - INFO - This is log message number 5049
2025-04-26 00:39:15,224 - INFO - This is log message number 5050
2025-04-26 00:39:15,224 - INFO - This is log message number 5051
2025-04-26 00:39:15,224 - INFO - This is log message number 5052
2025-04-26 00:39:15,224 - INFO - This is log message number 5053
2025-04-26 00:39:15,224 - INFO - This is log message number 5054
2025-04-26 00:39:15,225 - INFO - This is log message number 5055
2025-04-26 00:39:15,225 - INFO - This is log message number 5056
2025-04-26 00:39:15,225 - INFO - This is log message number 5057
2025-04-26 00:39:15,225 - INFO - This is log message number 5058
2025-04-26 00:39:15,226 - INFO - This is log message number 5059
2025-04-26 00:39:15,226 - INFO - This is log message number 5060
2025-04-26 00:39:15,226 - INFO - This is log message number 5061
2025-04-26 00:39:15,226 - INFO - This is log message number 5062
2025-04-26 00:39:15,227 - INFO - This is log message number 5063
2025-04-26 00:39:15,227 - INFO - This is log message number 5064
2025-04-26 00:39:15,227 - INFO - This is log message number 5065
2025-04-26 00:39:15,227 - INFO - This is log message number 5066
2025-04-26 00:39:15,228 - INFO - This is log message number 5067
2025-04-26 00:39:15,228 - INFO - This is log message number 5068
2025-04-26 00:39:15,228 - INFO - This is log message number 5069
2025-04-26 00:39:15,229 - INFO - This is log message number 5070
2025-04-26 00:39:15,229 - INFO - This is log message number 5071
2025-04-26 00:39:15,229 - INFO - This is log message number 5072
2025-04-26 00:39:15,229 - INFO - This is log message number 5073
2025-04-26 00:39:15,229 - INFO - This is log message number 5074
2025-04-26 00:39:15,229 - INFO - This is log message number 5075
2025-04-26 00:39:15,230 - INFO - This is log message number 5076
2025-04-26 00:39:15,230 - INFO - This is log message number 5077
2025-04-26 00:39:15,230 - INFO - This is log message number 5078
2025-04-26 00:39:15,230 - INFO - This is log message number 5079
2025-04-26 00:39:15,230 - INFO - This is log message number 5080
2025-04-26 00:39:15,230 - INFO - This is log message number 5081
2025-04-26 00:39:15,230 - INFO - This is log message number 5082
2025-04-26 00:39:15,231 - INFO - This is log message number 5083
2025-04-26 00:39:15,231 - INFO - This is log message number 5084
2025-04-26 00:39:15,231 - INFO - This is log message number 5085
2025-04-26 00:39:15,231 - INFO - This is log message number 5086
2025-04-26 00:39:15,231 - INFO - This is log message number 5087
2025-04-26 00:39:15,231 - INFO - This is log message number 5088
2025-04-26 00:39:15,233 - INFO - This is log message number 5089
2025-04-26 00:39:15,233 - INFO - This is log message number 5090
2025-04-26 00:39:15,233 - INFO - This is log message number 5091
2025-04-26 00:39:15,233 - INFO - This is log message number 5092
2025-04-26 00:39:15,233 - INFO - This is log message number 5093
2025-04-26 00:39:15,234 - INFO - This is log message number 5094
2025-04-26 00:39:15,234 - INFO - This is log message number 5095
2025-04-26 00:39:15,234 - INFO - This is log message number 5096
2025-04-26 00:39:15,234 - INFO - This is log message number 5097
2025-04-26 00:39:15,234 - INFO - This is log message number 5098
2025-04-26 00:39:15,234 - INFO - This is log message number 5099
2025-04-26 00:39:15,235 - INFO - This is log message number 5100
2025-04-26 00:39:15,235 - INFO - This is log message number 5101
2025-04-26 00:39:15,235 - INFO - This is log message number 5102
2025-04-26 00:39:15,235 - INFO - This is log message number 5103
2025-04-26 00:39:15,236 - INFO - This is log message number 5104
2025-04-26 00:39:15,236 - INFO - This is log message number 5105
2025-04-26 00:39:15,236 - INFO - This is log message number 5106
2025-04-26 00:39:15,237 - INFO - This is log message number 5107
2025-04-26 00:39:15,237 - INFO - This is log message number 5108
2025-04-26 00:39:15,238 - INFO - This is log message number 5109
2025-04-26 00:39:15,238 - INFO - This is log message number 5110
2025-04-26 00:39:15,238 - INFO - This is log message number 5111
2025-04-26 00:39:15,238 - INFO - This is log message number 5112
2025-04-26 00:39:15,240 - INFO - This is log message number 5113
2025-04-26 00:39:15,240 - INFO - This is log message number 5114
2025-04-26 00:39:15,240 - INFO - This is log message number 5115
2025-04-26 00:39:15,240 - INFO - This is log message number 5116
2025-04-26 00:39:15,241 - INFO - This is log message number 5117
2025-04-26 00:39:15,241 - INFO - This is log message number 5118
2025-04-26 00:39:15,241 - INFO - This is log message number 5119
2025-04-26 00:39:15,241 - INFO - This is log message number 5120
2025-04-26 00:39:15,241 - INFO - This is log message number 5121
2025-04-26 00:39:15,241 - INFO - This is log message number 5122
2025-04-26 00:39:15,242 - INFO - This is log message number 5123
2025-04-26 00:39:15,242 - INFO - This is log message number 5124
2025-04-26 00:39:15,242 - INFO - This is log message number 5125
2025-04-26 00:39:15,242 - INFO - This is log message number 5126
2025-04-26 00:39:15,242 - INFO - This is log message number 5127
2025-04-26 00:39:15,242 - INFO - This is log message number 5128
2025-04-26 00:39:15,243 - INFO - This is log message number 5129
2025-04-26 00:39:15,243 - INFO - This is log message number 5130
2025-04-26 00:39:15,243 - INFO - This is log message number 5131
2025-04-26 00:39:15,243 - INFO - This is log message number 5132
2025-04-26 00:39:15,243 - INFO - This is log message number 5133
2025-04-26 00:39:15,244 - INFO - This is log message number 5134
2025-04-26 00:39:15,244 - INFO - This is log message number 5135
2025-04-26 00:39:15,244 - INFO - This is log message number 5136
2025-04-26 00:39:15,244 - INFO - This is log message number 5137
2025-04-26 00:39:15,244 - INFO - This is log message number 5138
2025-04-26 00:39:15,244 - INFO - This is log message number 5139
2025-04-26 00:39:15,244 - INFO - This is log message number 5140
2025-04-26 00:39:15,245 - INFO - This is log message number 5141
2025-04-26 00:39:15,245 - INFO - This is log message number 5142
2025-04-26 00:39:15,245 - INFO - This is log message number 5143
2025-04-26 00:39:15,245 - INFO - This is log message number 5144
2025-04-26 00:39:15,246 - INFO - This is log message number 5145
2025-04-26 00:39:15,246 - INFO - This is log message number 5146
2025-04-26 00:39:15,246 - INFO - This is log message number 5147
2025-04-26 00:39:15,246 - INFO - This is log message number 5148
2025-04-26 00:39:15,246 - INFO - This is log message number 5149
2025-04-26 00:39:15,247 - INFO - This is log message number 5150
2025-04-26 00:39:15,247 - INFO - This is log message number 5151
2025-04-26 00:39:15,247 - INFO - This is log message number 5152
2025-04-26 00:39:15,247 - INFO - This is log message number 5153
2025-04-26 00:39:15,247 - INFO - This is log message number 5154
2025-04-26 00:39:15,247 - INFO - This is log message number 5155
2025-04-26 00:39:15,247 - INFO - This is log message number 5156
2025-04-26 00:39:15,248 - INFO - This is log message number 5157
2025-04-26 00:39:15,248 - INFO - This is log message number 5158
2025-04-26 00:39:15,248 - INFO - This is log message number 5159
2025-04-26 00:39:15,248 - INFO - This is log message number 5160
2025-04-26 00:39:15,248 - INFO - This is log message number 5161
2025-04-26 00:39:15,249 - INFO - This is log message number 5162
2025-04-26 00:39:15,249 - INFO - This is log message number 5163
2025-04-26 00:39:15,249 - INFO - This is log message number 5164
2025-04-26 00:39:15,249 - INFO - This is log message number 5165
2025-04-26 00:39:15,249 - INFO - This is log message number 5166
2025-04-26 00:39:15,249 - INFO - This is log message number 5167
2025-04-26 00:39:15,251 - INFO - This is log message number 5168
2025-04-26 00:39:15,251 - INFO - This is log message number 5169
2025-04-26 00:39:15,251 - INFO - This is log message number 5170
2025-04-26 00:39:15,251 - INFO - This is log message number 5171
2025-04-26 00:39:15,251 - INFO - This is log message number 5172
2025-04-26 00:39:15,251 - INFO - This is log message number 5173
2025-04-26 00:39:15,252 - INFO - This is log message number 5174
2025-04-26 00:39:15,252 - INFO - This is log message number 5175
2025-04-26 00:39:15,252 - INFO - This is log message number 5176
2025-04-26 00:39:15,252 - INFO - This is log message number 5177
2025-04-26 00:39:15,252 - INFO - This is log message number 5178
2025-04-26 00:39:15,252 - INFO - This is log message number 5179
2025-04-26 00:39:15,253 - INFO - This is log message number 5180
2025-04-26 00:39:15,253 - INFO - This is log message number 5181
2025-04-26 00:39:15,253 - INFO - This is log message number 5182
2025-04-26 00:39:15,254 - INFO - This is log message number 5183
2025-04-26 00:39:15,254 - INFO - This is log message number 5184
2025-04-26 00:39:15,254 - INFO - This is log message number 5185
2025-04-26 00:39:15,255 - INFO - This is log message number 5186
2025-04-26 00:39:15,255 - INFO - This is log message number 5187
2025-04-26 00:39:15,255 - INFO - This is log message number 5188
2025-04-26 00:39:15,255 - INFO - This is log message number 5189
2025-04-26 00:39:15,256 - INFO - This is log message number 5190
2025-04-26 00:39:15,256 - INFO - This is log message number 5191
2025-04-26 00:39:15,256 - INFO - This is log message number 5192
2025-04-26 00:39:15,256 - INFO - This is log message number 5193
2025-04-26 00:39:15,257 - INFO - This is log message number 5194
2025-04-26 00:39:15,257 - INFO - This is log message number 5195
2025-04-26 00:39:15,257 - INFO - This is log message number 5196
2025-04-26 00:39:15,257 - INFO - This is log message number 5197
2025-04-26 00:39:15,257 - INFO - This is log message number 5198
2025-04-26 00:39:15,257 - INFO - This is log message number 5199
2025-04-26 00:39:15,258 - INFO - This is log message number 5200
2025-04-26 00:39:15,258 - INFO - This is log message number 5201
2025-04-26 00:39:15,258 - INFO - This is log message number 5202
2025-04-26 00:39:15,258 - INFO - This is log message number 5203
2025-04-26 00:39:15,258 - INFO - This is log message number 5204
2025-04-26 00:39:15,258 - INFO - This is log message number 5205
2025-04-26 00:39:15,258 - INFO - This is log message number 5206
2025-04-26 00:39:15,258 - INFO - This is log message number 5207
2025-04-26 00:39:15,258 - INFO - This is log message number 5208
2025-04-26 00:39:15,259 - INFO - This is log message number 5209
2025-04-26 00:39:15,259 - INFO - This is log message number 5210
2025-04-26 00:39:15,259 - INFO - This is log message number 5211
2025-04-26 00:39:15,259 - INFO - This is log message number 5212
2025-04-26 00:39:15,259 - INFO - This is log message number 5213
2025-04-26 00:39:15,259 - INFO - This is log message number 5214
2025-04-26 00:39:15,259 - INFO - This is log message number 5215
2025-04-26 00:39:15,259 - INFO - This is log message number 5216
2025-04-26 00:39:15,261 - INFO - This is log message number 5217
2025-04-26 00:39:15,261 - INFO - This is log message number 5218
2025-04-26 00:39:15,261 - INFO - This is log message number 5219
2025-04-26 00:39:15,261 - INFO - This is log message number 5220
2025-04-26 00:39:15,261 - INFO - This is log message number 5221
2025-04-26 00:39:15,262 - INFO - This is log message number 5222
2025-04-26 00:39:15,262 - INFO - This is log message number 5223
2025-04-26 00:39:15,262 - INFO - This is log message number 5224
2025-04-26 00:39:15,262 - INFO - This is log message number 5225
2025-04-26 00:39:15,262 - INFO - This is log message number 5226
2025-04-26 00:39:15,262 - INFO - This is log message number 5227
2025-04-26 00:39:15,263 - INFO - This is log message number 5228
2025-04-26 00:39:15,263 - INFO - This is log message number 5229
2025-04-26 00:39:15,263 - INFO - This is log message number 5230
2025-04-26 00:39:15,263 - INFO - This is log message number 5231
2025-04-26 00:39:15,263 - INFO - This is log message number 5232
2025-04-26 00:39:15,263 - INFO - This is log message number 5233
2025-04-26 00:39:15,263 - INFO - This is log message number 5234
2025-04-26 00:39:15,264 - INFO - This is log message number 5235
2025-04-26 00:39:15,264 - INFO - This is log message number 5236
2025-04-26 00:39:15,264 - INFO - This is log message number 5237
2025-04-26 00:39:15,264 - INFO - This is log message number 5238
2025-04-26 00:39:15,264 - INFO - This is log message number 5239
2025-04-26 00:39:15,264 - INFO - This is log message number 5240
2025-04-26 00:39:15,264 - INFO - This is log message number 5241
2025-04-26 00:39:15,264 - INFO - This is log message number 5242
2025-04-26 00:39:15,266 - INFO - This is log message number 5243
2025-04-26 00:39:15,266 - INFO - This is log message number 5244
2025-04-26 00:39:15,266 - INFO - This is log message number 5245
2025-04-26 00:39:15,266 - INFO - This is log message number 5246
2025-04-26 00:39:15,266 - INFO - This is log message number 5247
2025-04-26 00:39:15,266 - INFO - This is log message number 5248
2025-04-26 00:39:15,267 - INFO - This is log message number 5249
2025-04-26 00:39:15,267 - INFO - This is log message number 5250
2025-04-26 00:39:15,267 - INFO - This is log message number 5251
2025-04-26 00:39:15,267 - INFO - This is log message number 5252
2025-04-26 00:39:15,267 - INFO - This is log message number 5253
2025-04-26 00:39:15,267 - INFO - This is log message number 5254
2025-04-26 00:39:15,268 - INFO - This is log message number 5255
2025-04-26 00:39:15,268 - INFO - This is log message number 5256
2025-04-26 00:39:15,268 - INFO - This is log message number 5257
2025-04-26 00:39:15,268 - INFO - This is log message number 5258
2025-04-26 00:39:15,268 - INFO - This is log message number 5259
2025-04-26 00:39:15,268 - INFO - This is log message number 5260
2025-04-26 00:39:15,268 - INFO - This is log message number 5261
2025-04-26 00:39:15,268 - INFO - This is log message number 5262
2025-04-26 00:39:15,268 - INFO - This is log message number 5263
2025-04-26 00:39:15,269 - INFO - This is log message number 5264
2025-04-26 00:39:15,270 - INFO - This is log message number 5265
2025-04-26 00:39:15,270 - INFO - This is log message number 5266
2025-04-26 00:39:15,270 - INFO - This is log message number 5267
2025-04-26 00:39:15,271 - INFO - This is log message number 5268
2025-04-26 00:39:15,271 - INFO - This is log message number 5269
2025-04-26 00:39:15,271 - INFO - This is log message number 5270
2025-04-26 00:39:15,271 - INFO - This is log message number 5271
2025-04-26 00:39:15,272 - INFO - This is log message number 5272
2025-04-26 00:39:15,272 - INFO - This is log message number 5273
2025-04-26 00:39:15,272 - INFO - This is log message number 5274
2025-04-26 00:39:15,272 - INFO - This is log message number 5275
2025-04-26 00:39:15,272 - INFO - This is log message number 5276
2025-04-26 00:39:15,272 - INFO - This is log message number 5277
2025-04-26 00:39:15,272 - INFO - This is log message number 5278
2025-04-26 00:39:15,274 - INFO - This is log message number 5279
2025-04-26 00:39:15,274 - INFO - This is log message number 5280
2025-04-26 00:39:15,274 - INFO - This is log message number 5281
2025-04-26 00:39:15,274 - INFO - This is log message number 5282
2025-04-26 00:39:15,274 - INFO - This is log message number 5283
2025-04-26 00:39:15,274 - INFO - This is log message number 5284
2025-04-26 00:39:15,275 - INFO - This is log message number 5285
2025-04-26 00:39:15,275 - INFO - This is log message number 5286
2025-04-26 00:39:15,275 - INFO - This is log message number 5287
2025-04-26 00:39:15,275 - INFO - This is log message number 5288
2025-04-26 00:39:15,275 - INFO - This is log message number 5289
2025-04-26 00:39:15,276 - INFO - This is log message number 5290
2025-04-26 00:39:15,276 - INFO - This is log message number 5291
2025-04-26 00:39:15,276 - INFO - This is log message number 5292
2025-04-26 00:39:15,276 - INFO - This is log message number 5293
2025-04-26 00:39:15,276 - INFO - This is log message number 5294
2025-04-26 00:39:15,276 - INFO - This is log message number 5295
2025-04-26 00:39:15,277 - INFO - This is log message number 5296
2025-04-26 00:39:15,277 - INFO - This is log message number 5297
2025-04-26 00:39:15,277 - INFO - This is log message number 5298
2025-04-26 00:39:15,277 - INFO - This is log message number 5299
2025-04-26 00:39:15,277 - INFO - This is log message number 5300
2025-04-26 00:39:15,278 - INFO - This is log message number 5301
2025-04-26 00:39:15,278 - INFO - This is log message number 5302
2025-04-26 00:39:15,278 - INFO - This is log message number 5303
2025-04-26 00:39:15,278 - INFO - This is log message number 5304
2025-04-26 00:39:15,278 - INFO - This is log message number 5305
2025-04-26 00:39:15,279 - INFO - This is log message number 5306
2025-04-26 00:39:15,279 - INFO - This is log message number 5307
2025-04-26 00:39:15,279 - INFO - This is log message number 5308
2025-04-26 00:39:15,279 - INFO - This is log message number 5309
2025-04-26 00:39:15,279 - INFO - This is log message number 5310
2025-04-26 00:39:15,280 - INFO - This is log message number 5311
2025-04-26 00:39:15,280 - INFO - This is log message number 5312
2025-04-26 00:39:15,280 - INFO - This is log message number 5313
2025-04-26 00:39:15,280 - INFO - This is log message number 5314
2025-04-26 00:39:15,280 - INFO - This is log message number 5315
2025-04-26 00:39:15,280 - INFO - This is log message number 5316
2025-04-26 00:39:15,280 - INFO - This is log message number 5317
2025-04-26 00:39:15,282 - INFO - This is log message number 5318
2025-04-26 00:39:15,282 - INFO - This is log message number 5319
2025-04-26 00:39:15,282 - INFO - This is log message number 5320
2025-04-26 00:39:15,282 - INFO - This is log message number 5321
2025-04-26 00:39:15,282 - INFO - This is log message number 5322
2025-04-26 00:39:15,283 - INFO - This is log message number 5323
2025-04-26 00:39:15,283 - INFO - This is log message number 5324
2025-04-26 00:39:15,283 - INFO - This is log message number 5325
2025-04-26 00:39:15,283 - INFO - This is log message number 5326
2025-04-26 00:39:15,283 - INFO - This is log message number 5327
2025-04-26 00:39:15,283 - INFO - This is log message number 5328
2025-04-26 00:39:15,284 - INFO - This is log message number 5329
2025-04-26 00:39:15,284 - INFO - This is log message number 5330
2025-04-26 00:39:15,284 - INFO - This is log message number 5331
2025-04-26 00:39:15,284 - INFO - This is log message number 5332
2025-04-26 00:39:15,284 - INFO - This is log message number 5333
2025-04-26 00:39:15,284 - INFO - This is log message number 5334
2025-04-26 00:39:15,284 - INFO - This is log message number 5335
2025-04-26 00:39:15,284 - INFO - This is log message number 5336
2025-04-26 00:39:15,285 - INFO - This is log message number 5337
2025-04-26 00:39:15,285 - INFO - This is log message number 5338
2025-04-26 00:39:15,285 - INFO - This is log message number 5339
2025-04-26 00:39:15,285 - INFO - This is log message number 5340
2025-04-26 00:39:15,286 - INFO - This is log message number 5341
2025-04-26 00:39:15,286 - INFO - This is log message number 5342
2025-04-26 00:39:15,286 - INFO - This is log message number 5343
2025-04-26 00:39:15,286 - INFO - This is log message number 5344
2025-04-26 00:39:15,286 - INFO - This is log message number 5345
2025-04-26 00:39:15,287 - INFO - This is log message number 5346
2025-04-26 00:39:15,287 - INFO - This is log message number 5347
2025-04-26 00:39:15,287 - INFO - This is log message number 5348
2025-04-26 00:39:15,287 - INFO - This is log message number 5349
2025-04-26 00:39:15,287 - INFO - This is log message number 5350
2025-04-26 00:39:15,287 - INFO - This is log message number 5351
2025-04-26 00:39:15,289 - INFO - This is log message number 5352
2025-04-26 00:39:15,289 - INFO - This is log message number 5353
2025-04-26 00:39:15,289 - INFO - This is log message number 5354
2025-04-26 00:39:15,289 - INFO - This is log message number 5355
2025-04-26 00:39:15,289 - INFO - This is log message number 5356
2025-04-26 00:39:15,290 - INFO - This is log message number 5357
2025-04-26 00:39:15,290 - INFO - This is log message number 5358
2025-04-26 00:39:15,290 - INFO - This is log message number 5359
2025-04-26 00:39:15,290 - INFO - This is log message number 5360
2025-04-26 00:39:15,291 - INFO - This is log message number 5361
2025-04-26 00:39:15,291 - INFO - This is log message number 5362
2025-04-26 00:39:15,291 - INFO - This is log message number 5363
2025-04-26 00:39:15,291 - INFO - This is log message number 5364
2025-04-26 00:39:15,291 - INFO - This is log message number 5365
2025-04-26 00:39:15,292 - INFO - This is log message number 5366
2025-04-26 00:39:15,292 - INFO - This is log message number 5367
2025-04-26 00:39:15,292 - INFO - This is log message number 5368
2025-04-26 00:39:15,292 - INFO - This is log message number 5369
2025-04-26 00:39:15,292 - INFO - This is log message number 5370
2025-04-26 00:39:15,293 - INFO - This is log message number 5371
2025-04-26 00:39:15,293 - INFO - This is log message number 5372
2025-04-26 00:39:15,293 - INFO - This is log message number 5373
2025-04-26 00:39:15,293 - INFO - This is log message number 5374
2025-04-26 00:39:15,294 - INFO - This is log message number 5375
2025-04-26 00:39:15,294 - INFO - This is log message number 5376
2025-04-26 00:39:15,294 - INFO - This is log message number 5377
2025-04-26 00:39:15,294 - INFO - This is log message number 5378
2025-04-26 00:39:15,295 - INFO - This is log message number 5379
2025-04-26 00:39:15,295 - INFO - This is log message number 5380
2025-04-26 00:39:15,295 - INFO - This is log message number 5381
2025-04-26 00:39:15,296 - INFO - This is log message number 5382
2025-04-26 00:39:15,296 - INFO - This is log message number 5383
2025-04-26 00:39:15,296 - INFO - This is log message number 5384
2025-04-26 00:39:15,296 - INFO - This is log message number 5385
2025-04-26 00:39:15,296 - INFO - This is log message number 5386
2025-04-26 00:39:15,296 - INFO - This is log message number 5387
2025-04-26 00:39:15,296 - INFO - This is log message number 5388
2025-04-26 00:39:15,297 - INFO - This is log message number 5389
2025-04-26 00:39:15,297 - INFO - This is log message number 5390
2025-04-26 00:39:15,297 - INFO - This is log message number 5391
2025-04-26 00:39:15,299 - INFO - This is log message number 5392
2025-04-26 00:39:15,299 - INFO - This is log message number 5393
2025-04-26 00:39:15,299 - INFO - This is log message number 5394
2025-04-26 00:39:15,299 - INFO - This is log message number 5395
2025-04-26 00:39:15,299 - INFO - This is log message number 5396
2025-04-26 00:39:15,300 - INFO - This is log message number 5397
2025-04-26 00:39:15,300 - INFO - This is log message number 5398
2025-04-26 00:39:15,300 - INFO - This is log message number 5399
2025-04-26 00:39:15,300 - INFO - This is log message number 5400
2025-04-26 00:39:15,300 - INFO - This is log message number 5401
2025-04-26 00:39:15,301 - INFO - This is log message number 5402
2025-04-26 00:39:15,301 - INFO - This is log message number 5403
2025-04-26 00:39:15,301 - INFO - This is log message number 5404
2025-04-26 00:39:15,301 - INFO - This is log message number 5405
2025-04-26 00:39:15,302 - INFO - This is log message number 5406
2025-04-26 00:39:15,302 - INFO - This is log message number 5407
2025-04-26 00:39:15,302 - INFO - This is log message number 5408
2025-04-26 00:39:15,303 - INFO - This is log message number 5409
2025-04-26 00:39:15,303 - INFO - This is log message number 5410
2025-04-26 00:39:15,304 - INFO - This is log message number 5411
2025-04-26 00:39:15,304 - INFO - This is log message number 5412
2025-04-26 00:39:15,304 - INFO - This is log message number 5413
2025-04-26 00:39:15,304 - INFO - This is log message number 5414
2025-04-26 00:39:15,305 - INFO - This is log message number 5415
2025-04-26 00:39:15,305 - INFO - This is log message number 5416
2025-04-26 00:39:15,305 - INFO - This is log message number 5417
2025-04-26 00:39:15,306 - INFO - This is log message number 5418
2025-04-26 00:39:15,306 - INFO - This is log message number 5419
2025-04-26 00:39:15,306 - INFO - This is log message number 5420
2025-04-26 00:39:15,306 - INFO - This is log message number 5421
2025-04-26 00:39:15,306 - INFO - This is log message number 5422
2025-04-26 00:39:15,307 - INFO - This is log message number 5423
2025-04-26 00:39:15,307 - INFO - This is log message number 5424
2025-04-26 00:39:15,307 - INFO - This is log message number 5425
2025-04-26 00:39:15,307 - INFO - This is log message number 5426
2025-04-26 00:39:15,307 - INFO - This is log message number 5427
2025-04-26 00:39:15,307 - INFO - This is log message number 5428
2025-04-26 00:39:15,309 - INFO - This is log message number 5429
2025-04-26 00:39:15,309 - INFO - This is log message number 5430
2025-04-26 00:39:15,309 - INFO - This is log message number 5431
2025-04-26 00:39:15,309 - INFO - This is log message number 5432
2025-04-26 00:39:15,309 - INFO - This is log message number 5433
2025-04-26 00:39:15,309 - INFO - This is log message number 5434
2025-04-26 00:39:15,309 - INFO - This is log message number 5435
2025-04-26 00:39:15,309 - INFO - This is log message number 5436
2025-04-26 00:39:15,310 - INFO - This is log message number 5437
2025-04-26 00:39:15,310 - INFO - This is log message number 5438
2025-04-26 00:39:15,310 - INFO - This is log message number 5439
2025-04-26 00:39:15,310 - INFO - This is log message number 5440
2025-04-26 00:39:15,310 - INFO - This is log message number 5441
2025-04-26 00:39:15,310 - INFO - This is log message number 5442
2025-04-26 00:39:15,310 - INFO - This is log message number 5443
2025-04-26 00:39:15,310 - INFO - This is log message number 5444
2025-04-26 00:39:15,310 - INFO - This is log message number 5445
2025-04-26 00:39:15,310 - INFO - This is log message number 5446
2025-04-26 00:39:15,311 - INFO - This is log message number 5447
2025-04-26 00:39:15,311 - INFO - This is log message number 5448
2025-04-26 00:39:15,311 - INFO - This is log message number 5449
2025-04-26 00:39:15,311 - INFO - This is log message number 5450
2025-04-26 00:39:15,311 - INFO - This is log message number 5451
2025-04-26 00:39:15,311 - INFO - This is log message number 5452
2025-04-26 00:39:15,313 - INFO - This is log message number 5453
2025-04-26 00:39:15,313 - INFO - This is log message number 5454
2025-04-26 00:39:15,313 - INFO - This is log message number 5455
2025-04-26 00:39:15,313 - INFO - This is log message number 5456
2025-04-26 00:39:15,313 - INFO - This is log message number 5457
2025-04-26 00:39:15,313 - INFO - This is log message number 5458
2025-04-26 00:39:15,313 - INFO - This is log message number 5459
2025-04-26 00:39:15,314 - INFO - This is log message number 5460
2025-04-26 00:39:15,314 - INFO - This is log message number 5461
2025-04-26 00:39:15,314 - INFO - This is log message number 5462
2025-04-26 00:39:15,314 - INFO - This is log message number 5463
2025-04-26 00:39:15,314 - INFO - This is log message number 5464
2025-04-26 00:39:15,315 - INFO - This is log message number 5465
2025-04-26 00:39:15,315 - INFO - This is log message number 5466
2025-04-26 00:39:15,315 - INFO - This is log message number 5467
2025-04-26 00:39:15,315 - INFO - This is log message number 5468
2025-04-26 00:39:15,315 - INFO - This is log message number 5469
2025-04-26 00:39:15,315 - INFO - This is log message number 5470
2025-04-26 00:39:15,316 - INFO - This is log message number 5471
2025-04-26 00:39:15,316 - INFO - This is log message number 5472
2025-04-26 00:39:15,316 - INFO - This is log message number 5473
2025-04-26 00:39:15,316 - INFO - This is log message number 5474
2025-04-26 00:39:15,316 - INFO - This is log message number 5475
2025-04-26 00:39:15,316 - INFO - This is log message number 5476
2025-04-26 00:39:15,317 - INFO - This is log message number 5477
2025-04-26 00:39:15,317 - INFO - This is log message number 5478
2025-04-26 00:39:15,317 - INFO - This is log message number 5479
2025-04-26 00:39:15,317 - INFO - This is log message number 5480
2025-04-26 00:39:15,317 - INFO - This is log message number 5481
2025-04-26 00:39:15,318 - INFO - This is log message number 5482
2025-04-26 00:39:15,318 - INFO - This is log message number 5483
2025-04-26 00:39:15,318 - INFO - This is log message number 5484
2025-04-26 00:39:15,318 - INFO - This is log message number 5485
2025-04-26 00:39:15,319 - INFO - This is log message number 5486
2025-04-26 00:39:15,319 - INFO - This is log message number 5487
2025-04-26 00:39:15,319 - INFO - This is log message number 5488
2025-04-26 00:39:15,320 - INFO - This is log message number 5489
2025-04-26 00:39:15,320 - INFO - This is log message number 5490
2025-04-26 00:39:15,320 - INFO - This is log message number 5491
2025-04-26 00:39:15,320 - INFO - This is log message number 5492
2025-04-26 00:39:15,320 - INFO - This is log message number 5493
2025-04-26 00:39:15,321 - INFO - This is log message number 5494
2025-04-26 00:39:15,321 - INFO - This is log message number 5495
2025-04-26 00:39:15,321 - INFO - This is log message number 5496
2025-04-26 00:39:15,322 - INFO - This is log message number 5497
2025-04-26 00:39:15,322 - INFO - This is log message number 5498
2025-04-26 00:39:15,322 - INFO - This is log message number 5499
2025-04-26 00:39:15,322 - INFO - This is log message number 5500
2025-04-26 00:39:15,323 - INFO - This is log message number 5501
2025-04-26 00:39:15,323 - INFO - This is log message number 5502
2025-04-26 00:39:15,323 - INFO - This is log message number 5503
2025-04-26 00:39:15,323 - INFO - This is log message number 5504
2025-04-26 00:39:15,323 - INFO - This is log message number 5505
2025-04-26 00:39:15,323 - INFO - This is log message number 5506
2025-04-26 00:39:15,324 - INFO - This is log message number 5507
2025-04-26 00:39:15,324 - INFO - This is log message number 5508
2025-04-26 00:39:15,324 - INFO - This is log message number 5509
2025-04-26 00:39:15,324 - INFO - This is log message number 5510
2025-04-26 00:39:15,324 - INFO - This is log message number 5511
2025-04-26 00:39:15,326 - INFO - This is log message number 5512
2025-04-26 00:39:15,326 - INFO - This is log message number 5513
2025-04-26 00:39:15,326 - INFO - This is log message number 5514
2025-04-26 00:39:15,326 - INFO - This is log message number 5515
2025-04-26 00:39:15,326 - INFO - This is log message number 5516
2025-04-26 00:39:15,326 - INFO - This is log message number 5517
2025-04-26 00:39:15,327 - INFO - This is log message number 5518
2025-04-26 00:39:15,327 - INFO - This is log message number 5519
2025-04-26 00:39:15,327 - INFO - This is log message number 5520
2025-04-26 00:39:15,327 - INFO - This is log message number 5521
2025-04-26 00:39:15,327 - INFO - This is log message number 5522
2025-04-26 00:39:15,327 - INFO - This is log message number 5523
2025-04-26 00:39:15,328 - INFO - This is log message number 5524
2025-04-26 00:39:15,328 - INFO - This is log message number 5525
2025-04-26 00:39:15,328 - INFO - This is log message number 5526
2025-04-26 00:39:15,328 - INFO - This is log message number 5527
2025-04-26 00:39:15,328 - INFO - This is log message number 5528
2025-04-26 00:39:15,329 - INFO - This is log message number 5529
2025-04-26 00:39:15,329 - INFO - This is log message number 5530
2025-04-26 00:39:15,329 - INFO - This is log message number 5531
2025-04-26 00:39:15,329 - INFO - This is log message number 5532
2025-04-26 00:39:15,329 - INFO - This is log message number 5533
2025-04-26 00:39:15,329 - INFO - This is log message number 5534
2025-04-26 00:39:15,330 - INFO - This is log message number 5535
2025-04-26 00:39:15,330 - INFO - This is log message number 5536
2025-04-26 00:39:15,330 - INFO - This is log message number 5537
2025-04-26 00:39:15,330 - INFO - This is log message number 5538
2025-04-26 00:39:15,330 - INFO - This is log message number 5539
2025-04-26 00:39:15,330 - INFO - This is log message number 5540
2025-04-26 00:39:15,332 - INFO - This is log message number 5541
2025-04-26 00:39:15,332 - INFO - This is log message number 5542
2025-04-26 00:39:15,332 - INFO - This is log message number 5543
2025-04-26 00:39:15,332 - INFO - This is log message number 5544
2025-04-26 00:39:15,332 - INFO - This is log message number 5545
2025-04-26 00:39:15,332 - INFO - This is log message number 5546
2025-04-26 00:39:15,333 - INFO - This is log message number 5547
2025-04-26 00:39:15,333 - INFO - This is log message number 5548
2025-04-26 00:39:15,333 - INFO - This is log message number 5549
2025-04-26 00:39:15,333 - INFO - This is log message number 5550
2025-04-26 00:39:15,333 - INFO - This is log message number 5551
2025-04-26 00:39:15,334 - INFO - This is log message number 5552
2025-04-26 00:39:15,334 - INFO - This is log message number 5553
2025-04-26 00:39:15,334 - INFO - This is log message number 5554
2025-04-26 00:39:15,334 - INFO - This is log message number 5555
2025-04-26 00:39:15,335 - INFO - This is log message number 5556
2025-04-26 00:39:15,335 - INFO - This is log message number 5557
2025-04-26 00:39:15,335 - INFO - This is log message number 5558
2025-04-26 00:39:15,335 - INFO - This is log message number 5559
2025-04-26 00:39:15,335 - INFO - This is log message number 5560
2025-04-26 00:39:15,335 - INFO - This is log message number 5561
2025-04-26 00:39:15,335 - INFO - This is log message number 5562
2025-04-26 00:39:15,336 - INFO - This is log message number 5563
2025-04-26 00:39:15,336 - INFO - This is log message number 5564
2025-04-26 00:39:15,336 - INFO - This is log message number 5565
2025-04-26 00:39:15,336 - INFO - This is log message number 5566
2025-04-26 00:39:15,337 - INFO - This is log message number 5567
2025-04-26 00:39:15,337 - INFO - This is log message number 5568
2025-04-26 00:39:15,337 - INFO - This is log message number 5569
2025-04-26 00:39:15,337 - INFO - This is log message number 5570
2025-04-26 00:39:15,338 - INFO - This is log message number 5571
2025-04-26 00:39:15,338 - INFO - This is log message number 5572
2025-04-26 00:39:15,338 - INFO - This is log message number 5573
2025-04-26 00:39:15,338 - INFO - This is log message number 5574
2025-04-26 00:39:15,339 - INFO - This is log message number 5575
2025-04-26 00:39:15,339 - INFO - This is log message number 5576
2025-04-26 00:39:15,339 - INFO - This is log message number 5577
2025-04-26 00:39:15,339 - INFO - This is log message number 5578
2025-04-26 00:39:15,340 - INFO - This is log message number 5579
2025-04-26 00:39:15,340 - INFO - This is log message number 5580
2025-04-26 00:39:15,340 - INFO - This is log message number 5581
2025-04-26 00:39:15,340 - INFO - This is log message number 5582
2025-04-26 00:39:15,340 - INFO - This is log message number 5583
2025-04-26 00:39:15,341 - INFO - This is log message number 5584
2025-04-26 00:39:15,341 - INFO - This is log message number 5585
2025-04-26 00:39:15,341 - INFO - This is log message number 5586
2025-04-26 00:39:15,341 - INFO - This is log message number 5587
2025-04-26 00:39:15,341 - INFO - This is log message number 5588
2025-04-26 00:39:15,342 - INFO - This is log message number 5589
2025-04-26 00:39:15,342 - INFO - This is log message number 5590
2025-04-26 00:39:15,342 - INFO - This is log message number 5591
2025-04-26 00:39:15,342 - INFO - This is log message number 5592
2025-04-26 00:39:15,342 - INFO - This is log message number 5593
2025-04-26 00:39:15,342 - INFO - This is log message number 5594
2025-04-26 00:39:15,344 - INFO - This is log message number 5595
2025-04-26 00:39:15,344 - INFO - This is log message number 5596
2025-04-26 00:39:15,344 - INFO - This is log message number 5597
2025-04-26 00:39:15,344 - INFO - This is log message number 5598
2025-04-26 00:39:15,345 - INFO - This is log message number 5599
2025-04-26 00:39:15,345 - INFO - This is log message number 5600
2025-04-26 00:39:15,345 - INFO - This is log message number 5601
2025-04-26 00:39:15,345 - INFO - This is log message number 5602
2025-04-26 00:39:15,345 - INFO - This is log message number 5603
2025-04-26 00:39:15,345 - INFO - This is log message number 5604
2025-04-26 00:39:15,346 - INFO - This is log message number 5605
2025-04-26 00:39:15,346 - INFO - This is log message number 5606
2025-04-26 00:39:15,346 - INFO - This is log message number 5607
2025-04-26 00:39:15,346 - INFO - This is log message number 5608
2025-04-26 00:39:15,346 - INFO - This is log message number 5609
2025-04-26 00:39:15,346 - INFO - This is log message number 5610
2025-04-26 00:39:15,346 - INFO - This is log message number 5611
2025-04-26 00:39:15,347 - INFO - This is log message number 5612
2025-04-26 00:39:15,347 - INFO - This is log message number 5613
2025-04-26 00:39:15,347 - INFO - This is log message number 5614
2025-04-26 00:39:15,347 - INFO - This is log message number 5615
2025-04-26 00:39:15,347 - INFO - This is log message number 5616
2025-04-26 00:39:15,347 - INFO - This is log message number 5617
2025-04-26 00:39:15,348 - INFO - This is log message number 5618
2025-04-26 00:39:15,348 - INFO - This is log message number 5619
2025-04-26 00:39:15,348 - INFO - This is log message number 5620
2025-04-26 00:39:15,348 - INFO - This is log message number 5621
2025-04-26 00:39:15,348 - INFO - This is log message number 5622
2025-04-26 00:39:15,348 - INFO - This is log message number 5623
2025-04-26 00:39:15,348 - INFO - This is log message number 5624
2025-04-26 00:39:15,349 - INFO - This is log message number 5625
2025-04-26 00:39:15,349 - INFO - This is log message number 5626
2025-04-26 00:39:15,349 - INFO - This is log message number 5627
2025-04-26 00:39:15,349 - INFO - This is log message number 5628
2025-04-26 00:39:15,349 - INFO - This is log message number 5629
2025-04-26 00:39:15,349 - INFO - This is log message number 5630
2025-04-26 00:39:15,351 - INFO - This is log message number 5631
2025-04-26 00:39:15,351 - INFO - This is log message number 5632
2025-04-26 00:39:15,351 - INFO - This is log message number 5633
2025-04-26 00:39:15,351 - INFO - This is log message number 5634
2025-04-26 00:39:15,351 - INFO - This is log message number 5635
2025-04-26 00:39:15,351 - INFO - This is log message number 5636
2025-04-26 00:39:15,352 - INFO - This is log message number 5637
2025-04-26 00:39:15,352 - INFO - This is log message number 5638
2025-04-26 00:39:15,352 - INFO - This is log message number 5639
2025-04-26 00:39:15,352 - INFO - This is log message number 5640
2025-04-26 00:39:15,352 - INFO - This is log message number 5641
2025-04-26 00:39:15,353 - INFO - This is log message number 5642
2025-04-26 00:39:15,353 - INFO - This is log message number 5643
2025-04-26 00:39:15,353 - INFO - This is log message number 5644
2025-04-26 00:39:15,353 - INFO - This is log message number 5645
2025-04-26 00:39:15,354 - INFO - This is log message number 5646
2025-04-26 00:39:15,354 - INFO - This is log message number 5647
2025-04-26 00:39:15,354 - INFO - This is log message number 5648
2025-04-26 00:39:15,354 - INFO - This is log message number 5649
2025-04-26 00:39:15,354 - INFO - This is log message number 5650
2025-04-26 00:39:15,355 - INFO - This is log message number 5651
2025-04-26 00:39:15,355 - INFO - This is log message number 5652
2025-04-26 00:39:15,355 - INFO - This is log message number 5653
2025-04-26 00:39:15,355 - INFO - This is log message number 5654
2025-04-26 00:39:15,356 - INFO - This is log message number 5655
2025-04-26 00:39:15,356 - INFO - This is log message number 5656
2025-04-26 00:39:15,356 - INFO - This is log message number 5657
2025-04-26 00:39:15,356 - INFO - This is log message number 5658
2025-04-26 00:39:15,356 - INFO - This is log message number 5659
2025-04-26 00:39:15,357 - INFO - This is log message number 5660
2025-04-26 00:39:15,357 - INFO - This is log message number 5661
2025-04-26 00:39:15,357 - INFO - This is log message number 5662
2025-04-26 00:39:15,357 - INFO - This is log message number 5663
2025-04-26 00:39:15,357 - INFO - This is log message number 5664
2025-04-26 00:39:15,357 - INFO - This is log message number 5665
2025-04-26 00:39:15,358 - INFO - This is log message number 5666
2025-04-26 00:39:15,358 - INFO - This is log message number 5667
2025-04-26 00:39:15,358 - INFO - This is log message number 5668
2025-04-26 00:39:15,358 - INFO - This is log message number 5669
2025-04-26 00:39:15,358 - INFO - This is log message number 5670
2025-04-26 00:39:15,358 - INFO - This is log message number 5671
2025-04-26 00:39:15,359 - INFO - This is log message number 5672
2025-04-26 00:39:15,359 - INFO - This is log message number 5673
2025-04-26 00:39:15,359 - INFO - This is log message number 5674
2025-04-26 00:39:15,359 - INFO - This is log message number 5675
2025-04-26 00:39:15,359 - INFO - This is log message number 5676
2025-04-26 00:39:15,359 - INFO - This is log message number 5677
2025-04-26 00:39:15,360 - INFO - This is log message number 5678
2025-04-26 00:39:15,360 - INFO - This is log message number 5679
2025-04-26 00:39:15,360 - INFO - This is log message number 5680
2025-04-26 00:39:15,360 - INFO - This is log message number 5681
2025-04-26 00:39:15,360 - INFO - This is log message number 5682
2025-04-26 00:39:15,361 - INFO - This is log message number 5683
2025-04-26 00:39:15,361 - INFO - This is log message number 5684
2025-04-26 00:39:15,361 - INFO - This is log message number 5685
2025-04-26 00:39:15,361 - INFO - This is log message number 5686
2025-04-26 00:39:15,361 - INFO - This is log message number 5687
2025-04-26 00:39:15,361 - INFO - This is log message number 5688
2025-04-26 00:39:15,363 - INFO - This is log message number 5689
2025-04-26 00:39:15,363 - INFO - This is log message number 5690
2025-04-26 00:39:15,363 - INFO - This is log message number 5691
2025-04-26 00:39:15,363 - INFO - This is log message number 5692
2025-04-26 00:39:15,363 - INFO - This is log message number 5693
2025-04-26 00:39:15,364 - INFO - This is log message number 5694
2025-04-26 00:39:15,364 - INFO - This is log message number 5695
2025-04-26 00:39:15,364 - INFO - This is log message number 5696
2025-04-26 00:39:15,364 - INFO - This is log message number 5697
2025-04-26 00:39:15,364 - INFO - This is log message number 5698
2025-04-26 00:39:15,364 - INFO - This is log message number 5699
2025-04-26 00:39:15,364 - INFO - This is log message number 5700
2025-04-26 00:39:15,364 - INFO - This is log message number 5701
2025-04-26 00:39:15,364 - INFO - This is log message number 5702
2025-04-26 00:39:15,365 - INFO - This is log message number 5703
2025-04-26 00:39:15,365 - INFO - This is log message number 5704
2025-04-26 00:39:15,365 - INFO - This is log message number 5705
2025-04-26 00:39:15,365 - INFO - This is log message number 5706
2025-04-26 00:39:15,365 - INFO - This is log message number 5707
2025-04-26 00:39:15,365 - INFO - This is log message number 5708
2025-04-26 00:39:15,366 - INFO - This is log message number 5709
2025-04-26 00:39:15,366 - INFO - This is log message number 5710
2025-04-26 00:39:15,366 - INFO - This is log message number 5711
2025-04-26 00:39:15,366 - INFO - This is log message number 5712
2025-04-26 00:39:15,366 - INFO - This is log message number 5713
2025-04-26 00:39:15,366 - INFO - This is log message number 5714
2025-04-26 00:39:15,367 - INFO - This is log message number 5715
2025-04-26 00:39:15,367 - INFO - This is log message number 5716
2025-04-26 00:39:15,367 - INFO - This is log message number 5717
2025-04-26 00:39:15,367 - INFO - This is log message number 5718
2025-04-26 00:39:15,367 - INFO - This is log message number 5719
2025-04-26 00:39:15,367 - INFO - This is log message number 5720
2025-04-26 00:39:15,368 - INFO - This is log message number 5721
2025-04-26 00:39:15,368 - INFO - This is log message number 5722
2025-04-26 00:39:15,368 - INFO - This is log message number 5723
2025-04-26 00:39:15,368 - INFO - This is log message number 5724
2025-04-26 00:39:15,368 - INFO - This is log message number 5725
2025-04-26 00:39:15,369 - INFO - This is log message number 5726
2025-04-26 00:39:15,369 - INFO - This is log message number 5727
2025-04-26 00:39:15,369 - INFO - This is log message number 5728
2025-04-26 00:39:15,369 - INFO - This is log message number 5729
2025-04-26 00:39:15,370 - INFO - This is log message number 5730
2025-04-26 00:39:15,370 - INFO - This is log message number 5731
2025-04-26 00:39:15,371 - INFO - This is log message number 5732
2025-04-26 00:39:15,371 - INFO - This is log message number 5733
2025-04-26 00:39:15,371 - INFO - This is log message number 5734
2025-04-26 00:39:15,371 - INFO - This is log message number 5735
2025-04-26 00:39:15,372 - INFO - This is log message number 5736
2025-04-26 00:39:15,372 - INFO - This is log message number 5737
2025-04-26 00:39:15,372 - INFO - This is log message number 5738
2025-04-26 00:39:15,372 - INFO - This is log message number 5739
2025-04-26 00:39:15,373 - INFO - This is log message number 5740
2025-04-26 00:39:15,373 - INFO - This is log message number 5741
2025-04-26 00:39:15,373 - INFO - This is log message number 5742
2025-04-26 00:39:15,373 - INFO - This is log message number 5743
2025-04-26 00:39:15,375 - INFO - This is log message number 5744
2025-04-26 00:39:15,375 - INFO - This is log message number 5745
2025-04-26 00:39:15,375 - INFO - This is log message number 5746
2025-04-26 00:39:15,376 - INFO - This is log message number 5747
2025-04-26 00:39:15,376 - INFO - This is log message number 5748
2025-04-26 00:39:15,376 - INFO - This is log message number 5749
2025-04-26 00:39:15,376 - INFO - This is log message number 5750
2025-04-26 00:39:15,376 - INFO - This is log message number 5751
2025-04-26 00:39:15,376 - INFO - This is log message number 5752
2025-04-26 00:39:15,377 - INFO - This is log message number 5753
2025-04-26 00:39:15,377 - INFO - This is log message number 5754
2025-04-26 00:39:15,377 - INFO - This is log message number 5755
2025-04-26 00:39:15,377 - INFO - This is log message number 5756
2025-04-26 00:39:15,377 - INFO - This is log message number 5757
2025-04-26 00:39:15,377 - INFO - This is log message number 5758
2025-04-26 00:39:15,377 - INFO - This is log message number 5759
2025-04-26 00:39:15,378 - INFO - This is log message number 5760
2025-04-26 00:39:15,378 - INFO - This is log message number 5761
2025-04-26 00:39:15,378 - INFO - This is log message number 5762
2025-04-26 00:39:15,378 - INFO - This is log message number 5763
2025-04-26 00:39:15,378 - INFO - This is log message number 5764
2025-04-26 00:39:15,379 - INFO - This is log message number 5765
2025-04-26 00:39:15,379 - INFO - This is log message number 5766
2025-04-26 00:39:15,379 - INFO - This is log message number 5767
2025-04-26 00:39:15,379 - INFO - This is log message number 5768
2025-04-26 00:39:15,379 - INFO - This is log message number 5769
2025-04-26 00:39:15,379 - INFO - This is log message number 5770
2025-04-26 00:39:15,380 - INFO - This is log message number 5771
2025-04-26 00:39:15,380 - INFO - This is log message number 5772
2025-04-26 00:39:15,380 - INFO - This is log message number 5773
2025-04-26 00:39:15,380 - INFO - This is log message number 5774
2025-04-26 00:39:15,380 - INFO - This is log message number 5775
2025-04-26 00:39:15,380 - INFO - This is log message number 5776
2025-04-26 00:39:15,380 - INFO - This is log message number 5777
2025-04-26 00:39:15,381 - INFO - This is log message number 5778
2025-04-26 00:39:15,381 - INFO - This is log message number 5779
2025-04-26 00:39:15,381 - INFO - This is log message number 5780
2025-04-26 00:39:15,381 - INFO - This is log message number 5781
2025-04-26 00:39:15,381 - INFO - This is log message number 5782
2025-04-26 00:39:15,382 - INFO - This is log message number 5783
2025-04-26 00:39:15,382 - INFO - This is log message number 5784
2025-04-26 00:39:15,382 - INFO - This is log message number 5785
2025-04-26 00:39:15,382 - INFO - This is log message number 5786
2025-04-26 00:39:15,383 - INFO - This is log message number 5787
2025-04-26 00:39:15,383 - INFO - This is log message number 5788
2025-04-26 00:39:15,383 - INFO - This is log message number 5789
2025-04-26 00:39:15,383 - INFO - This is log message number 5790
2025-04-26 00:39:15,384 - INFO - This is log message number 5791
2025-04-26 00:39:15,384 - INFO - This is log message number 5792
2025-04-26 00:39:15,384 - INFO - This is log message number 5793
2025-04-26 00:39:15,385 - INFO - This is log message number 5794
2025-04-26 00:39:15,385 - INFO - This is log message number 5795
2025-04-26 00:39:15,386 - INFO - This is log message number 5796
2025-04-26 00:39:15,386 - INFO - This is log message number 5797
2025-04-26 00:39:15,387 - INFO - This is log message number 5798
2025-04-26 00:39:15,387 - INFO - This is log message number 5799
2025-04-26 00:39:15,388 - INFO - This is log message number 5800
2025-04-26 00:39:15,388 - INFO - This is log message number 5801
2025-04-26 00:39:15,388 - INFO - This is log message number 5802
2025-04-26 00:39:15,389 - INFO - This is log message number 5803
2025-04-26 00:39:15,389 - INFO - This is log message number 5804
2025-04-26 00:39:15,389 - INFO - This is log message number 5805
2025-04-26 00:39:15,390 - INFO - This is log message number 5806
2025-04-26 00:39:15,390 - INFO - This is log message number 5807
2025-04-26 00:39:15,390 - INFO - This is log message number 5808
2025-04-26 00:39:15,390 - INFO - This is log message number 5809
2025-04-26 00:39:15,391 - INFO - This is log message number 5810
2025-04-26 00:39:15,391 - INFO - This is log message number 5811
2025-04-26 00:39:15,391 - INFO - This is log message number 5812
2025-04-26 00:39:15,391 - INFO - This is log message number 5813
2025-04-26 00:39:15,391 - INFO - This is log message number 5814
2025-04-26 00:39:15,393 - INFO - This is log message number 5815
2025-04-26 00:39:15,393 - INFO - This is log message number 5816
2025-04-26 00:39:15,393 - INFO - This is log message number 5817
2025-04-26 00:39:15,393 - INFO - This is log message number 5818
2025-04-26 00:39:15,393 - INFO - This is log message number 5819
2025-04-26 00:39:15,394 - INFO - This is log message number 5820
2025-04-26 00:39:15,394 - INFO - This is log message number 5821
2025-04-26 00:39:15,394 - INFO - This is log message number 5822
2025-04-26 00:39:15,394 - INFO - This is log message number 5823
2025-04-26 00:39:15,394 - INFO - This is log message number 5824
2025-04-26 00:39:15,395 - INFO - This is log message number 5825
2025-04-26 00:39:15,395 - INFO - This is log message number 5826
2025-04-26 00:39:15,395 - INFO - This is log message number 5827
2025-04-26 00:39:15,395 - INFO - This is log message number 5828
2025-04-26 00:39:15,395 - INFO - This is log message number 5829
2025-04-26 00:39:15,395 - INFO - This is log message number 5830
2025-04-26 00:39:15,395 - INFO - This is log message number 5831
2025-04-26 00:39:15,395 - INFO - This is log message number 5832
2025-04-26 00:39:15,396 - INFO - This is log message number 5833
2025-04-26 00:39:15,396 - INFO - This is log message number 5834
2025-04-26 00:39:15,396 - INFO - This is log message number 5835
2025-04-26 00:39:15,396 - INFO - This is log message number 5836
2025-04-26 00:39:15,396 - INFO - This is log message number 5837
2025-04-26 00:39:15,397 - INFO - This is log message number 5838
2025-04-26 00:39:15,397 - INFO - This is log message number 5839
2025-04-26 00:39:15,397 - INFO - This is log message number 5840
2025-04-26 00:39:15,397 - INFO - This is log message number 5841
2025-04-26 00:39:15,397 - INFO - This is log message number 5842
2025-04-26 00:39:15,398 - INFO - This is log message number 5843
2025-04-26 00:39:15,398 - INFO - This is log message number 5844
2025-04-26 00:39:15,398 - INFO - This is log message number 5845
2025-04-26 00:39:15,398 - INFO - This is log message number 5846
2025-04-26 00:39:15,398 - INFO - This is log message number 5847
2025-04-26 00:39:15,398 - INFO - This is log message number 5848
2025-04-26 00:39:15,399 - INFO - This is log message number 5849
2025-04-26 00:39:15,399 - INFO - This is log message number 5850
2025-04-26 00:39:15,399 - INFO - This is log message number 5851
2025-04-26 00:39:15,399 - INFO - This is log message number 5852
2025-04-26 00:39:15,399 - INFO - This is log message number 5853
2025-04-26 00:39:15,400 - INFO - This is log message number 5854
2025-04-26 00:39:15,400 - INFO - This is log message number 5855
2025-04-26 00:39:15,400 - INFO - This is log message number 5856
2025-04-26 00:39:15,400 - INFO - This is log message number 5857
2025-04-26 00:39:15,400 - INFO - This is log message number 5858
2025-04-26 00:39:15,400 - INFO - This is log message number 5859
2025-04-26 00:39:15,401 - INFO - This is log message number 5860
2025-04-26 00:39:15,401 - INFO - This is log message number 5861
2025-04-26 00:39:15,401 - INFO - This is log message number 5862
2025-04-26 00:39:15,401 - INFO - This is log message number 5863
2025-04-26 00:39:15,403 - INFO - This is log message number 5864
2025-04-26 00:39:15,403 - INFO - This is log message number 5865
2025-04-26 00:39:15,403 - INFO - This is log message number 5866
2025-04-26 00:39:15,403 - INFO - This is log message number 5867
2025-04-26 00:39:15,404 - INFO - This is log message number 5868
2025-04-26 00:39:15,404 - INFO - This is log message number 5869
2025-04-26 00:39:15,404 - INFO - This is log message number 5870
2025-04-26 00:39:15,405 - INFO - This is log message number 5871
2025-04-26 00:39:15,405 - INFO - This is log message number 5872
2025-04-26 00:39:15,405 - INFO - This is log message number 5873
2025-04-26 00:39:15,405 - INFO - This is log message number 5874
2025-04-26 00:39:15,405 - INFO - This is log message number 5875
2025-04-26 00:39:15,406 - INFO - This is log message number 5876
2025-04-26 00:39:15,406 - INFO - This is log message number 5877
2025-04-26 00:39:15,406 - INFO - This is log message number 5878
2025-04-26 00:39:15,406 - INFO - This is log message number 5879
2025-04-26 00:39:15,407 - INFO - This is log message number 5880
2025-04-26 00:39:15,407 - INFO - This is log message number 5881
2025-04-26 00:39:15,407 - INFO - This is log message number 5882
2025-04-26 00:39:15,407 - INFO - This is log message number 5883
2025-04-26 00:39:15,407 - INFO - This is log message number 5884
2025-04-26 00:39:15,408 - INFO - This is log message number 5885
2025-04-26 00:39:15,408 - INFO - This is log message number 5886
2025-04-26 00:39:15,408 - INFO - This is log message number 5887
2025-04-26 00:39:15,408 - INFO - This is log message number 5888
2025-04-26 00:39:15,408 - INFO - This is log message number 5889
2025-04-26 00:39:15,408 - INFO - This is log message number 5890
2025-04-26 00:39:15,409 - INFO - This is log message number 5891
2025-04-26 00:39:15,409 - INFO - This is log message number 5892
2025-04-26 00:39:15,409 - INFO - This is log message number 5893
2025-04-26 00:39:15,409 - INFO - This is log message number 5894
2025-04-26 00:39:15,409 - INFO - This is log message number 5895
2025-04-26 00:39:15,410 - INFO - This is log message number 5896
2025-04-26 00:39:15,410 - INFO - This is log message number 5897
2025-04-26 00:39:15,410 - INFO - This is log message number 5898
2025-04-26 00:39:15,410 - INFO - This is log message number 5899
2025-04-26 00:39:15,410 - INFO - This is log message number 5900
2025-04-26 00:39:15,410 - INFO - This is log message number 5901
2025-04-26 00:39:15,410 - INFO - This is log message number 5902
2025-04-26 00:39:15,412 - INFO - This is log message number 5903
2025-04-26 00:39:15,412 - INFO - This is log message number 5904
2025-04-26 00:39:15,412 - INFO - This is log message number 5905
2025-04-26 00:39:15,412 - INFO - This is log message number 5906
2025-04-26 00:39:15,412 - INFO - This is log message number 5907
2025-04-26 00:39:15,412 - INFO - This is log message number 5908
2025-04-26 00:39:15,412 - INFO - This is log message number 5909
2025-04-26 00:39:15,413 - INFO - This is log message number 5910
2025-04-26 00:39:15,413 - INFO - This is log message number 5911
2025-04-26 00:39:15,413 - INFO - This is log message number 5912
2025-04-26 00:39:15,413 - INFO - This is log message number 5913
2025-04-26 00:39:15,413 - INFO - This is log message number 5914
2025-04-26 00:39:15,413 - INFO - This is log message number 5915
2025-04-26 00:39:15,414 - INFO - This is log message number 5916
2025-04-26 00:39:15,414 - INFO - This is log message number 5917
2025-04-26 00:39:15,414 - INFO - This is log message number 5918
2025-04-26 00:39:15,414 - INFO - This is log message number 5919
2025-04-26 00:39:15,414 - INFO - This is log message number 5920
2025-04-26 00:39:15,414 - INFO - This is log message number 5921
2025-04-26 00:39:15,415 - INFO - This is log message number 5922
2025-04-26 00:39:15,415 - INFO - This is log message number 5923
2025-04-26 00:39:15,415 - INFO - This is log message number 5924
2025-04-26 00:39:15,415 - INFO - This is log message number 5925
2025-04-26 00:39:15,415 - INFO - This is log message number 5926
2025-04-26 00:39:15,415 - INFO - This is log message number 5927
2025-04-26 00:39:15,415 - INFO - This is log message number 5928
2025-04-26 00:39:15,416 - INFO - This is log message number 5929
2025-04-26 00:39:15,416 - INFO - This is log message number 5930
2025-04-26 00:39:15,416 - INFO - This is log message number 5931
2025-04-26 00:39:15,416 - INFO - This is log message number 5932
2025-04-26 00:39:15,417 - INFO - This is log message number 5933
2025-04-26 00:39:15,417 - INFO - This is log message number 5934
2025-04-26 00:39:15,417 - INFO - This is log message number 5935
2025-04-26 00:39:15,417 - INFO - This is log message number 5936
2025-04-26 00:39:15,417 - INFO - This is log message number 5937
2025-04-26 00:39:15,418 - INFO - This is log message number 5938
2025-04-26 00:39:15,418 - INFO - This is log message number 5939
2025-04-26 00:39:15,418 - INFO - This is log message number 5940
2025-04-26 00:39:15,418 - INFO - This is log message number 5941
2025-04-26 00:39:15,418 - INFO - This is log message number 5942
2025-04-26 00:39:15,420 - INFO - This is log message number 5943
2025-04-26 00:39:15,420 - INFO - This is log message number 5944
2025-04-26 00:39:15,420 - INFO - This is log message number 5945
2025-04-26 00:39:15,420 - INFO - This is log message number 5946
2025-04-26 00:39:15,421 - INFO - This is log message number 5947
2025-04-26 00:39:15,421 - INFO - This is log message number 5948
2025-04-26 00:39:15,421 - INFO - This is log message number 5949
2025-04-26 00:39:15,421 - INFO - This is log message number 5950
2025-04-26 00:39:15,421 - INFO - This is log message number 5951
2025-04-26 00:39:15,422 - INFO - This is log message number 5952
2025-04-26 00:39:15,422 - INFO - This is log message number 5953
2025-04-26 00:39:15,422 - INFO - This is log message number 5954
2025-04-26 00:39:15,422 - INFO - This is log message number 5955
2025-04-26 00:39:15,422 - INFO - This is log message number 5956
2025-04-26 00:39:15,422 - INFO - This is log message number 5957
2025-04-26 00:39:15,424 - INFO - This is log message number 5958
2025-04-26 00:39:15,424 - INFO - This is log message number 5959
2025-04-26 00:39:15,424 - INFO - This is log message number 5960
2025-04-26 00:39:15,424 - INFO - This is log message number 5961
2025-04-26 00:39:15,424 - INFO - This is log message number 5962
2025-04-26 00:39:15,424 - INFO - This is log message number 5963
2025-04-26 00:39:15,424 - INFO - This is log message number 5964
2025-04-26 00:39:15,425 - INFO - This is log message number 5965
2025-04-26 00:39:15,425 - INFO - This is log message number 5966
2025-04-26 00:39:15,425 - INFO - This is log message number 5967
2025-04-26 00:39:15,425 - INFO - This is log message number 5968
2025-04-26 00:39:15,425 - INFO - This is log message number 5969
2025-04-26 00:39:15,426 - INFO - This is log message number 5970
2025-04-26 00:39:15,426 - INFO - This is log message number 5971
2025-04-26 00:39:15,426 - INFO - This is log message number 5972
2025-04-26 00:39:15,426 - INFO - This is log message number 5973
2025-04-26 00:39:15,426 - INFO - This is log message number 5974
2025-04-26 00:39:15,426 - INFO - This is log message number 5975
2025-04-26 00:39:15,427 - INFO - This is log message number 5976
2025-04-26 00:39:15,427 - INFO - This is log message number 5977
2025-04-26 00:39:15,427 - INFO - This is log message number 5978
2025-04-26 00:39:15,427 - INFO - This is log message number 5979
2025-04-26 00:39:15,427 - INFO - This is log message number 5980
2025-04-26 00:39:15,427 - INFO - This is log message number 5981
2025-04-26 00:39:15,428 - INFO - This is log message number 5982
2025-04-26 00:39:15,428 - INFO - This is log message number 5983
2025-04-26 00:39:15,428 - INFO - This is log message number 5984
2025-04-26 00:39:15,428 - INFO - This is log message number 5985
2025-04-26 00:39:15,429 - INFO - This is log message number 5986
2025-04-26 00:39:15,429 - INFO - This is log message number 5987
2025-04-26 00:39:15,429 - INFO - This is log message number 5988
2025-04-26 00:39:15,429 - INFO - This is log message number 5989
2025-04-26 00:39:15,429 - INFO - This is log message number 5990
2025-04-26 00:39:15,429 - INFO - This is log message number 5991
2025-04-26 00:39:15,430 - INFO - This is log message number 5992
2025-04-26 00:39:15,430 - INFO - This is log message number 5993
2025-04-26 00:39:15,430 - INFO - This is log message number 5994
2025-04-26 00:39:15,430 - INFO - This is log message number 5995
2025-04-26 00:39:15,430 - INFO - This is log message number 5996
2025-04-26 00:39:15,431 - INFO - This is log message number 5997
2025-04-26 00:39:15,431 - INFO - This is log message number 5998
2025-04-26 00:39:15,431 - INFO - This is log message number 5999
2025-04-26 00:39:15,431 - INFO - This is log message number 6000
2025-04-26 00:39:15,431 - INFO - This is log message number 6001
2025-04-26 00:39:15,432 - INFO - This is log message number 6002
2025-04-26 00:39:15,432 - INFO - This is log message number 6003
2025-04-26 00:39:15,432 - INFO - This is log message number 6004
2025-04-26 00:39:15,432 - INFO - This is log message number 6005
2025-04-26 00:39:15,432 - INFO - This is log message number 6006
2025-04-26 00:39:15,433 - INFO - This is log message number 6007
2025-04-26 00:39:15,433 - INFO - This is log message number 6008
2025-04-26 00:39:15,433 - INFO - This is log message number 6009
2025-04-26 00:39:15,433 - INFO - This is log message number 6010
2025-04-26 00:39:15,435 - INFO - This is log message number 6011
2025-04-26 00:39:15,435 - INFO - This is log message number 6012
2025-04-26 00:39:15,435 - INFO - This is log message number 6013
2025-04-26 00:39:15,435 - INFO - This is log message number 6014
2025-04-26 00:39:15,435 - INFO - This is log message number 6015
2025-04-26 00:39:15,436 - INFO - This is log message number 6016
2025-04-26 00:39:15,436 - INFO - This is log message number 6017
2025-04-26 00:39:15,436 - INFO - This is log message number 6018
2025-04-26 00:39:15,436 - INFO - This is log message number 6019
2025-04-26 00:39:15,436 - INFO - This is log message number 6020
2025-04-26 00:39:15,437 - INFO - This is log message number 6021
2025-04-26 00:39:15,437 - INFO - This is log message number 6022
2025-04-26 00:39:15,437 - INFO - This is log message number 6023
2025-04-26 00:39:15,438 - INFO - This is log message number 6024
2025-04-26 00:39:15,440 - INFO - This is log message number 6025
2025-04-26 00:39:15,440 - INFO - This is log message number 6026
2025-04-26 00:39:15,440 - INFO - This is log message number 6027
2025-04-26 00:39:15,441 - INFO - This is log message number 6028
2025-04-26 00:39:15,441 - INFO - This is log message number 6029
2025-04-26 00:39:15,441 - INFO - This is log message number 6030
2025-04-26 00:39:15,441 - INFO - This is log message number 6031
2025-04-26 00:39:15,441 - INFO - This is log message number 6032
2025-04-26 00:39:15,442 - INFO - This is log message number 6033
2025-04-26 00:39:15,442 - INFO - This is log message number 6034
2025-04-26 00:39:15,442 - INFO - This is log message number 6035
2025-04-26 00:39:15,442 - INFO - This is log message number 6036
2025-04-26 00:39:15,442 - INFO - This is log message number 6037
2025-04-26 00:39:15,442 - INFO - This is log message number 6038
2025-04-26 00:39:15,443 - INFO - This is log message number 6039
2025-04-26 00:39:15,443 - INFO - This is log message number 6040
2025-04-26 00:39:15,443 - INFO - This is log message number 6041
2025-04-26 00:39:15,443 - INFO - This is log message number 6042
2025-04-26 00:39:15,443 - INFO - This is log message number 6043
2025-04-26 00:39:15,444 - INFO - This is log message number 6044
2025-04-26 00:39:15,444 - INFO - This is log message number 6045
2025-04-26 00:39:15,444 - INFO - This is log message number 6046
2025-04-26 00:39:15,444 - INFO - This is log message number 6047
2025-04-26 00:39:15,444 - INFO - This is log message number 6048
2025-04-26 00:39:15,444 - INFO - This is log message number 6049
2025-04-26 00:39:15,446 - INFO - This is log message number 6050
2025-04-26 00:39:15,446 - INFO - This is log message number 6051
2025-04-26 00:39:15,446 - INFO - This is log message number 6052
2025-04-26 00:39:15,446 - INFO - This is log message number 6053
2025-04-26 00:39:15,446 - INFO - This is log message number 6054
2025-04-26 00:39:15,446 - INFO - This is log message number 6055
2025-04-26 00:39:15,447 - INFO - This is log message number 6056
2025-04-26 00:39:15,447 - INFO - This is log message number 6057
2025-04-26 00:39:15,447 - INFO - This is log message number 6058
2025-04-26 00:39:15,447 - INFO - This is log message number 6059
2025-04-26 00:39:15,447 - INFO - This is log message number 6060
2025-04-26 00:39:15,447 - INFO - This is log message number 6061
2025-04-26 00:39:15,448 - INFO - This is log message number 6062
2025-04-26 00:39:15,448 - INFO - This is log message number 6063
2025-04-26 00:39:15,448 - INFO - This is log message number 6064
2025-04-26 00:39:15,448 - INFO - This is log message number 6065
2025-04-26 00:39:15,448 - INFO - This is log message number 6066
2025-04-26 00:39:15,449 - INFO - This is log message number 6067
2025-04-26 00:39:15,449 - INFO - This is log message number 6068
2025-04-26 00:39:15,449 - INFO - This is log message number 6069
2025-04-26 00:39:15,449 - INFO - This is log message number 6070
2025-04-26 00:39:15,449 - INFO - This is log message number 6071
2025-04-26 00:39:15,450 - INFO - This is log message number 6072
2025-04-26 00:39:15,450 - INFO - This is log message number 6073
2025-04-26 00:39:15,450 - INFO - This is log message number 6074
2025-04-26 00:39:15,450 - INFO - This is log message number 6075
2025-04-26 00:39:15,450 - INFO - This is log message number 6076
2025-04-26 00:39:15,450 - INFO - This is log message number 6077
2025-04-26 00:39:15,450 - INFO - This is log message number 6078
2025-04-26 00:39:15,452 - INFO - This is log message number 6079
2025-04-26 00:39:15,452 - INFO - This is log message number 6080
2025-04-26 00:39:15,452 - INFO - This is log message number 6081
2025-04-26 00:39:15,452 - INFO - This is log message number 6082
2025-04-26 00:39:15,452 - INFO - This is log message number 6083
2025-04-26 00:39:15,453 - INFO - This is log message number 6084
2025-04-26 00:39:15,453 - INFO - This is log message number 6085
2025-04-26 00:39:15,453 - INFO - This is log message number 6086
2025-04-26 00:39:15,454 - INFO - This is log message number 6087
2025-04-26 00:39:15,454 - INFO - This is log message number 6088
2025-04-26 00:39:15,454 - INFO - This is log message number 6089
2025-04-26 00:39:15,454 - INFO - This is log message number 6090
2025-04-26 00:39:15,455 - INFO - This is log message number 6091
2025-04-26 00:39:15,455 - INFO - This is log message number 6092
2025-04-26 00:39:15,455 - INFO - This is log message number 6093
2025-04-26 00:39:15,455 - INFO - This is log message number 6094
2025-04-26 00:39:15,455 - INFO - This is log message number 6095
2025-04-26 00:39:15,456 - INFO - This is log message number 6096
2025-04-26 00:39:15,456 - INFO - This is log message number 6097
2025-04-26 00:39:15,456 - INFO - This is log message number 6098
2025-04-26 00:39:15,456 - INFO - This is log message number 6099
2025-04-26 00:39:15,456 - INFO - This is log message number 6100
2025-04-26 00:39:15,457 - INFO - This is log message number 6101
2025-04-26 00:39:15,457 - INFO - This is log message number 6102
2025-04-26 00:39:15,457 - INFO - This is log message number 6103
2025-04-26 00:39:15,458 - INFO - This is log message number 6104
2025-04-26 00:39:15,458 - INFO - This is log message number 6105
2025-04-26 00:39:15,458 - INFO - This is log message number 6106
2025-04-26 00:39:15,458 - INFO - This is log message number 6107
2025-04-26 00:39:15,459 - INFO - This is log message number 6108
2025-04-26 00:39:15,459 - INFO - This is log message number 6109
2025-04-26 00:39:15,459 - INFO - This is log message number 6110
2025-04-26 00:39:15,459 - INFO - This is log message number 6111
2025-04-26 00:39:15,459 - INFO - This is log message number 6112
2025-04-26 00:39:15,461 - INFO - This is log message number 6113
2025-04-26 00:39:15,461 - INFO - This is log message number 6114
2025-04-26 00:39:15,461 - INFO - This is log message number 6115
2025-04-26 00:39:15,461 - INFO - This is log message number 6116
2025-04-26 00:39:15,461 - INFO - This is log message number 6117
2025-04-26 00:39:15,461 - INFO - This is log message number 6118
2025-04-26 00:39:15,462 - INFO - This is log message number 6119
2025-04-26 00:39:15,462 - INFO - This is log message number 6120
2025-04-26 00:39:15,462 - INFO - This is log message number 6121
2025-04-26 00:39:15,462 - INFO - This is log message number 6122
2025-04-26 00:39:15,462 - INFO - This is log message number 6123
2025-04-26 00:39:15,463 - INFO - This is log message number 6124
2025-04-26 00:39:15,463 - INFO - This is log message number 6125
2025-04-26 00:39:15,463 - INFO - This is log message number 6126
2025-04-26 00:39:15,463 - INFO - This is log message number 6127
2025-04-26 00:39:15,464 - INFO - This is log message number 6128
2025-04-26 00:39:15,464 - INFO - This is log message number 6129
2025-04-26 00:39:15,464 - INFO - This is log message number 6130
2025-04-26 00:39:15,464 - INFO - This is log message number 6131
2025-04-26 00:39:15,464 - INFO - This is log message number 6132
2025-04-26 00:39:15,464 - INFO - This is log message number 6133
2025-04-26 00:39:15,464 - INFO - This is log message number 6134
2025-04-26 00:39:15,464 - INFO - This is log message number 6135
2025-04-26 00:39:15,464 - INFO - This is log message number 6136
2025-04-26 00:39:15,465 - INFO - This is log message number 6137
2025-04-26 00:39:15,465 - INFO - This is log message number 6138
2025-04-26 00:39:15,465 - INFO - This is log message number 6139
2025-04-26 00:39:15,465 - INFO - This is log message number 6140
2025-04-26 00:39:15,466 - INFO - This is log message number 6141
2025-04-26 00:39:15,466 - INFO - This is log message number 6142
2025-04-26 00:39:15,466 - INFO - This is log message number 6143
2025-04-26 00:39:15,467 - INFO - This is log message number 6144
2025-04-26 00:39:15,467 - INFO - This is log message number 6145
2025-04-26 00:39:15,467 - INFO - This is log message number 6146
2025-04-26 00:39:15,467 - INFO - This is log message number 6147
2025-04-26 00:39:15,469 - INFO - This is log message number 6148
2025-04-26 00:39:15,469 - INFO - This is log message number 6149
2025-04-26 00:39:15,469 - INFO - This is log message number 6150
2025-04-26 00:39:15,469 - INFO - This is log message number 6151
2025-04-26 00:39:15,469 - INFO - This is log message number 6152
2025-04-26 00:39:15,470 - INFO - This is log message number 6153
2025-04-26 00:39:15,470 - INFO - This is log message number 6154
2025-04-26 00:39:15,470 - INFO - This is log message number 6155
2025-04-26 00:39:15,471 - INFO - This is log message number 6156
2025-04-26 00:39:15,471 - INFO - This is log message number 6157
2025-04-26 00:39:15,471 - INFO - This is log message number 6158
2025-04-26 00:39:15,471 - INFO - This is log message number 6159
2025-04-26 00:39:15,471 - INFO - This is log message number 6160
2025-04-26 00:39:15,472 - INFO - This is log message number 6161
2025-04-26 00:39:15,472 - INFO - This is log message number 6162
2025-04-26 00:39:15,472 - INFO - This is log message number 6163
2025-04-26 00:39:15,472 - INFO - This is log message number 6164
2025-04-26 00:39:15,473 - INFO - This is log message number 6165
2025-04-26 00:39:15,473 - INFO - This is log message number 6166
2025-04-26 00:39:15,473 - INFO - This is log message number 6167
2025-04-26 00:39:15,473 - INFO - This is log message number 6168
2025-04-26 00:39:15,474 - INFO - This is log message number 6169
2025-04-26 00:39:15,474 - INFO - This is log message number 6170
2025-04-26 00:39:15,474 - INFO - This is log message number 6171
2025-04-26 00:39:15,474 - INFO - This is log message number 6172
2025-04-26 00:39:15,474 - INFO - This is log message number 6173
2025-04-26 00:39:15,476 - INFO - This is log message number 6174
2025-04-26 00:39:15,476 - INFO - This is log message number 6175
2025-04-26 00:39:15,476 - INFO - This is log message number 6176
2025-04-26 00:39:15,476 - INFO - This is log message number 6177
2025-04-26 00:39:15,476 - INFO - This is log message number 6178
2025-04-26 00:39:15,476 - INFO - This is log message number 6179
2025-04-26 00:39:15,477 - INFO - This is log message number 6180
2025-04-26 00:39:15,477 - INFO - This is log message number 6181
2025-04-26 00:39:15,477 - INFO - This is log message number 6182
2025-04-26 00:39:15,477 - INFO - This is log message number 6183
2025-04-26 00:39:15,477 - INFO - This is log message number 6184
2025-04-26 00:39:15,478 - INFO - This is log message number 6185
2025-04-26 00:39:15,478 - INFO - This is log message number 6186
2025-04-26 00:39:15,478 - INFO - This is log message number 6187
2025-04-26 00:39:15,478 - INFO - This is log message number 6188
2025-04-26 00:39:15,479 - INFO - This is log message number 6189
2025-04-26 00:39:15,479 - INFO - This is log message number 6190
2025-04-26 00:39:15,479 - INFO - This is log message number 6191
2025-04-26 00:39:15,479 - INFO - This is log message number 6192
2025-04-26 00:39:15,479 - INFO - This is log message number 6193
2025-04-26 00:39:15,479 - INFO - This is log message number 6194
2025-04-26 00:39:15,479 - INFO - This is log message number 6195
2025-04-26 00:39:15,480 - INFO - This is log message number 6196
2025-04-26 00:39:15,480 - INFO - This is log message number 6197
2025-04-26 00:39:15,480 - INFO - This is log message number 6198
2025-04-26 00:39:15,480 - INFO - This is log message number 6199
2025-04-26 00:39:15,480 - INFO - This is log message number 6200
2025-04-26 00:39:15,481 - INFO - This is log message number 6201
2025-04-26 00:39:15,481 - INFO - This is log message number 6202
2025-04-26 00:39:15,481 - INFO - This is log message number 6203
2025-04-26 00:39:15,481 - INFO - This is log message number 6204
2025-04-26 00:39:15,481 - INFO - This is log message number 6205
2025-04-26 00:39:15,482 - INFO - This is log message number 6206
2025-04-26 00:39:15,482 - INFO - This is log message number 6207
2025-04-26 00:39:15,482 - INFO - This is log message number 6208
2025-04-26 00:39:15,482 - INFO - This is log message number 6209
2025-04-26 00:39:15,482 - INFO - This is log message number 6210
2025-04-26 00:39:15,482 - INFO - This is log message number 6211
2025-04-26 00:39:15,483 - INFO - This is log message number 6212
2025-04-26 00:39:15,483 - INFO - This is log message number 6213
2025-04-26 00:39:15,483 - INFO - This is log message number 6214
2025-04-26 00:39:15,483 - INFO - This is log message number 6215
2025-04-26 00:39:15,483 - INFO - This is log message number 6216
2025-04-26 00:39:15,483 - INFO - This is log message number 6217
2025-04-26 00:39:15,485 - INFO - This is log message number 6218
2025-04-26 00:39:15,485 - INFO - This is log message number 6219
2025-04-26 00:39:15,485 - INFO - This is log message number 6220
2025-04-26 00:39:15,485 - INFO - This is log message number 6221
2025-04-26 00:39:15,486 - INFO - This is log message number 6222
2025-04-26 00:39:15,486 - INFO - This is log message number 6223
2025-04-26 00:39:15,486 - INFO - This is log message number 6224
2025-04-26 00:39:15,486 - INFO - This is log message number 6225
2025-04-26 00:39:15,487 - INFO - This is log message number 6226
2025-04-26 00:39:15,487 - INFO - This is log message number 6227
2025-04-26 00:39:15,487 - INFO - This is log message number 6228
2025-04-26 00:39:15,488 - INFO - This is log message number 6229
2025-04-26 00:39:15,488 - INFO - This is log message number 6230
2025-04-26 00:39:15,488 - INFO - This is log message number 6231
2025-04-26 00:39:15,488 - INFO - This is log message number 6232
2025-04-26 00:39:15,489 - INFO - This is log message number 6233
2025-04-26 00:39:15,489 - INFO - This is log message number 6234
2025-04-26 00:39:15,489 - INFO - This is log message number 6235
2025-04-26 00:39:15,489 - INFO - This is log message number 6236
2025-04-26 00:39:15,490 - INFO - This is log message number 6237
2025-04-26 00:39:15,490 - INFO - This is log message number 6238
2025-04-26 00:39:15,490 - INFO - This is log message number 6239
2025-04-26 00:39:15,491 - INFO - This is log message number 6240
2025-04-26 00:39:15,491 - INFO - This is log message number 6241
2025-04-26 00:39:15,491 - INFO - This is log message number 6242
2025-04-26 00:39:15,491 - INFO - This is log message number 6243
2025-04-26 00:39:15,491 - INFO - This is log message number 6244
2025-04-26 00:39:15,492 - INFO - This is log message number 6245
2025-04-26 00:39:15,492 - INFO - This is log message number 6246
2025-04-26 00:39:15,492 - INFO - This is log message number 6247
2025-04-26 00:39:15,492 - INFO - This is log message number 6248
2025-04-26 00:39:15,492 - INFO - This is log message number 6249
2025-04-26 00:39:15,493 - INFO - This is log message number 6250
2025-04-26 00:39:15,493 - INFO - This is log message number 6251
2025-04-26 00:39:15,493 - INFO - This is log message number 6252
2025-04-26 00:39:15,493 - INFO - This is log message number 6253
2025-04-26 00:39:15,493 - INFO - This is log message number 6254
2025-04-26 00:39:15,494 - INFO - This is log message number 6255
2025-04-26 00:39:15,494 - INFO - This is log message number 6256
2025-04-26 00:39:15,494 - INFO - This is log message number 6257
2025-04-26 00:39:15,494 - INFO - This is log message number 6258
2025-04-26 00:39:15,494 - INFO - This is log message number 6259
2025-04-26 00:39:15,495 - INFO - This is log message number 6260
2025-04-26 00:39:15,495 - INFO - This is log message number 6261
2025-04-26 00:39:15,495 - INFO - This is log message number 6262
2025-04-26 00:39:15,495 - INFO - This is log message number 6263
2025-04-26 00:39:15,495 - INFO - This is log message number 6264
2025-04-26 00:39:15,495 - INFO - This is log message number 6265
2025-04-26 00:39:15,495 - INFO - This is log message number 6266
2025-04-26 00:39:15,495 - INFO - This is log message number 6267
2025-04-26 00:39:15,495 - INFO - This is log message number 6268
2025-04-26 00:39:15,496 - INFO - This is log message number 6269
2025-04-26 00:39:15,496 - INFO - This is log message number 6270
2025-04-26 00:39:15,496 - INFO - This is log message number 6271
2025-04-26 00:39:15,496 - INFO - This is log message number 6272
2025-04-26 00:39:15,496 - INFO - This is log message number 6273
2025-04-26 00:39:15,497 - INFO - This is log message number 6274
2025-04-26 00:39:15,497 - INFO - This is log message number 6275
2025-04-26 00:39:15,497 - INFO - This is log message number 6276
2025-04-26 00:39:15,497 - INFO - This is log message number 6277
2025-04-26 00:39:15,497 - INFO - This is log message number 6278
2025-04-26 00:39:15,498 - INFO - This is log message number 6279
2025-04-26 00:39:15,498 - INFO - This is log message number 6280
2025-04-26 00:39:15,498 - INFO - This is log message number 6281
2025-04-26 00:39:15,498 - INFO - This is log message number 6282
2025-04-26 00:39:15,498 - INFO - This is log message number 6283
2025-04-26 00:39:15,498 - INFO - This is log message number 6284
2025-04-26 00:39:15,500 - INFO - This is log message number 6285
2025-04-26 00:39:15,500 - INFO - This is log message number 6286
2025-04-26 00:39:15,500 - INFO - This is log message number 6287
2025-04-26 00:39:15,500 - INFO - This is log message number 6288
2025-04-26 00:39:15,500 - INFO - This is log message number 6289
2025-04-26 00:39:15,500 - INFO - This is log message number 6290
2025-04-26 00:39:15,500 - INFO - This is log message number 6291
2025-04-26 00:39:15,501 - INFO - This is log message number 6292
2025-04-26 00:39:15,501 - INFO - This is log message number 6293
2025-04-26 00:39:15,501 - INFO - This is log message number 6294
2025-04-26 00:39:15,501 - INFO - This is log message number 6295
2025-04-26 00:39:15,501 - INFO - This is log message number 6296
2025-04-26 00:39:15,501 - INFO - This is log message number 6297
2025-04-26 00:39:15,502 - INFO - This is log message number 6298
2025-04-26 00:39:15,502 - INFO - This is log message number 6299
2025-04-26 00:39:15,502 - INFO - This is log message number 6300
2025-04-26 00:39:15,502 - INFO - This is log message number 6301
2025-04-26 00:39:15,503 - INFO - This is log message number 6302
2025-04-26 00:39:15,503 - INFO - This is log message number 6303
2025-04-26 00:39:15,503 - INFO - This is log message number 6304
2025-04-26 00:39:15,503 - INFO - This is log message number 6305
2025-04-26 00:39:15,503 - INFO - This is log message number 6306
2025-04-26 00:39:15,504 - INFO - This is log message number 6307
2025-04-26 00:39:15,504 - INFO - This is log message number 6308
2025-04-26 00:39:15,504 - INFO - This is log message number 6309
2025-04-26 00:39:15,504 - INFO - This is log message number 6310
2025-04-26 00:39:15,505 - INFO - This is log message number 6311
2025-04-26 00:39:15,505 - INFO - This is log message number 6312
2025-04-26 00:39:15,505 - INFO - This is log message number 6313
2025-04-26 00:39:15,505 - INFO - This is log message number 6314
2025-04-26 00:39:15,506 - INFO - This is log message number 6315
2025-04-26 00:39:15,506 - INFO - This is log message number 6316
2025-04-26 00:39:15,506 - INFO - This is log message number 6317
2025-04-26 00:39:15,506 - INFO - This is log message number 6318
2025-04-26 00:39:15,507 - INFO - This is log message number 6319
2025-04-26 00:39:15,507 - INFO - This is log message number 6320
2025-04-26 00:39:15,507 - INFO - This is log message number 6321
2025-04-26 00:39:15,507 - INFO - This is log message number 6322
2025-04-26 00:39:15,507 - INFO - This is log message number 6323
2025-04-26 00:39:15,507 - INFO - This is log message number 6324
2025-04-26 00:39:15,507 - INFO - This is log message number 6325
2025-04-26 00:39:15,507 - INFO - This is log message number 6326
2025-04-26 00:39:15,509 - INFO - This is log message number 6327
2025-04-26 00:39:15,509 - INFO - This is log message number 6328
2025-04-26 00:39:15,509 - INFO - This is log message number 6329
2025-04-26 00:39:15,509 - INFO - This is log message number 6330
2025-04-26 00:39:15,509 - INFO - This is log message number 6331
2025-04-26 00:39:15,509 - INFO - This is log message number 6332
2025-04-26 00:39:15,510 - INFO - This is log message number 6333
2025-04-26 00:39:15,510 - INFO - This is log message number 6334
2025-04-26 00:39:15,510 - INFO - This is log message number 6335
2025-04-26 00:39:15,510 - INFO - This is log message number 6336
2025-04-26 00:39:15,510 - INFO - This is log message number 6337
2025-04-26 00:39:15,511 - INFO - This is log message number 6338
2025-04-26 00:39:15,511 - INFO - This is log message number 6339
2025-04-26 00:39:15,511 - INFO - This is log message number 6340
2025-04-26 00:39:15,511 - INFO - This is log message number 6341
2025-04-26 00:39:15,511 - INFO - This is log message number 6342
2025-04-26 00:39:15,511 - INFO - This is log message number 6343
2025-04-26 00:39:15,512 - INFO - This is log message number 6344
2025-04-26 00:39:15,512 - INFO - This is log message number 6345
2025-04-26 00:39:15,512 - INFO - This is log message number 6346
2025-04-26 00:39:15,512 - INFO - This is log message number 6347
2025-04-26 00:39:15,512 - INFO - This is log message number 6348
2025-04-26 00:39:15,512 - INFO - This is log message number 6349
2025-04-26 00:39:15,512 - INFO - This is log message number 6350
2025-04-26 00:39:15,514 - INFO - This is log message number 6351
2025-04-26 00:39:15,514 - INFO - This is log message number 6352
2025-04-26 00:39:15,514 - INFO - This is log message number 6353
2025-04-26 00:39:15,514 - INFO - This is log message number 6354
2025-04-26 00:39:15,514 - INFO - This is log message number 6355
2025-04-26 00:39:15,515 - INFO - This is log message number 6356
2025-04-26 00:39:15,515 - INFO - This is log message number 6357
2025-04-26 00:39:15,515 - INFO - This is log message number 6358
2025-04-26 00:39:15,515 - INFO - This is log message number 6359
2025-04-26 00:39:15,515 - INFO - This is log message number 6360
2025-04-26 00:39:15,515 - INFO - This is log message number 6361
2025-04-26 00:39:15,515 - INFO - This is log message number 6362
2025-04-26 00:39:15,516 - INFO - This is log message number 6363
2025-04-26 00:39:15,516 - INFO - This is log message number 6364
2025-04-26 00:39:15,516 - INFO - This is log message number 6365
2025-04-26 00:39:15,516 - INFO - This is log message number 6366
2025-04-26 00:39:15,516 - INFO - This is log message number 6367
2025-04-26 00:39:15,517 - INFO - This is log message number 6368
2025-04-26 00:39:15,517 - INFO - This is log message number 6369
2025-04-26 00:39:15,517 - INFO - This is log message number 6370
2025-04-26 00:39:15,517 - INFO - This is log message number 6371
2025-04-26 00:39:15,517 - INFO - This is log message number 6372
2025-04-26 00:39:15,518 - INFO - This is log message number 6373
2025-04-26 00:39:15,518 - INFO - This is log message number 6374
2025-04-26 00:39:15,518 - INFO - This is log message number 6375
2025-04-26 00:39:15,518 - INFO - This is log message number 6376
2025-04-26 00:39:15,518 - INFO - This is log message number 6377
2025-04-26 00:39:15,518 - INFO - This is log message number 6378
2025-04-26 00:39:15,520 - INFO - This is log message number 6379
2025-04-26 00:39:15,520 - INFO - This is log message number 6380
2025-04-26 00:39:15,520 - INFO - This is log message number 6381
2025-04-26 00:39:15,520 - INFO - This is log message number 6382
2025-04-26 00:39:15,521 - INFO - This is log message number 6383
2025-04-26 00:39:15,521 - INFO - This is log message number 6384
2025-04-26 00:39:15,521 - INFO - This is log message number 6385
2025-04-26 00:39:15,521 - INFO - This is log message number 6386
2025-04-26 00:39:15,522 - INFO - This is log message number 6387
2025-04-26 00:39:15,522 - INFO - This is log message number 6388
2025-04-26 00:39:15,522 - INFO - This is log message number 6389
2025-04-26 00:39:15,522 - INFO - This is log message number 6390
2025-04-26 00:39:15,522 - INFO - This is log message number 6391
2025-04-26 00:39:15,522 - INFO - This is log message number 6392
2025-04-26 00:39:15,523 - INFO - This is log message number 6393
2025-04-26 00:39:15,523 - INFO - This is log message number 6394
2025-04-26 00:39:15,523 - INFO - This is log message number 6395
2025-04-26 00:39:15,523 - INFO - This is log message number 6396
2025-04-26 00:39:15,523 - INFO - This is log message number 6397
2025-04-26 00:39:15,523 - INFO - This is log message number 6398
2025-04-26 00:39:15,524 - INFO - This is log message number 6399
2025-04-26 00:39:15,524 - INFO - This is log message number 6400
2025-04-26 00:39:15,524 - INFO - This is log message number 6401
2025-04-26 00:39:15,524 - INFO - This is log message number 6402
2025-04-26 00:39:15,524 - INFO - This is log message number 6403
2025-04-26 00:39:15,525 - INFO - This is log message number 6404
2025-04-26 00:39:15,525 - INFO - This is log message number 6405
2025-04-26 00:39:15,525 - INFO - This is log message number 6406
2025-04-26 00:39:15,525 - INFO - This is log message number 6407
2025-04-26 00:39:15,525 - INFO - This is log message number 6408
2025-04-26 00:39:15,525 - INFO - This is log message number 6409
2025-04-26 00:39:15,526 - INFO - This is log message number 6410
2025-04-26 00:39:15,526 - INFO - This is log message number 6411
2025-04-26 00:39:15,526 - INFO - This is log message number 6412
2025-04-26 00:39:15,526 - INFO - This is log message number 6413
2025-04-26 00:39:15,526 - INFO - This is log message number 6414
2025-04-26 00:39:15,526 - INFO - This is log message number 6415
2025-04-26 00:39:15,528 - INFO - This is log message number 6416
2025-04-26 00:39:15,528 - INFO - This is log message number 6417
2025-04-26 00:39:15,528 - INFO - This is log message number 6418
2025-04-26 00:39:15,528 - INFO - This is log message number 6419
2025-04-26 00:39:15,528 - INFO - This is log message number 6420
2025-04-26 00:39:15,528 - INFO - This is log message number 6421
2025-04-26 00:39:15,529 - INFO - This is log message number 6422
2025-04-26 00:39:15,529 - INFO - This is log message number 6423
2025-04-26 00:39:15,529 - INFO - This is log message number 6424
2025-04-26 00:39:15,529 - INFO - This is log message number 6425
2025-04-26 00:39:15,529 - INFO - This is log message number 6426
2025-04-26 00:39:15,529 - INFO - This is log message number 6427
2025-04-26 00:39:15,529 - INFO - This is log message number 6428
2025-04-26 00:39:15,530 - INFO - This is log message number 6429
2025-04-26 00:39:15,530 - INFO - This is log message number 6430
2025-04-26 00:39:15,530 - INFO - This is log message number 6431
2025-04-26 00:39:15,530 - INFO - This is log message number 6432
2025-04-26 00:39:15,531 - INFO - This is log message number 6433
2025-04-26 00:39:15,531 - INFO - This is log message number 6434
2025-04-26 00:39:15,531 - INFO - This is log message number 6435
2025-04-26 00:39:15,531 - INFO - This is log message number 6436
2025-04-26 00:39:15,531 - INFO - This is log message number 6437
2025-04-26 00:39:15,531 - INFO - This is log message number 6438
2025-04-26 00:39:15,531 - INFO - This is log message number 6439
2025-04-26 00:39:15,531 - INFO - This is log message number 6440
2025-04-26 00:39:15,531 - INFO - This is log message number 6441
2025-04-26 00:39:15,533 - INFO - This is log message number 6442
2025-04-26 00:39:15,533 - INFO - This is log message number 6443
2025-04-26 00:39:15,533 - INFO - This is log message number 6444
2025-04-26 00:39:15,533 - INFO - This is log message number 6445
2025-04-26 00:39:15,533 - INFO - This is log message number 6446
2025-04-26 00:39:15,534 - INFO - This is log message number 6447
2025-04-26 00:39:15,534 - INFO - This is log message number 6448
2025-04-26 00:39:15,534 - INFO - This is log message number 6449
2025-04-26 00:39:15,534 - INFO - This is log message number 6450
2025-04-26 00:39:15,534 - INFO - This is log message number 6451
2025-04-26 00:39:15,534 - INFO - This is log message number 6452
2025-04-26 00:39:15,534 - INFO - This is log message number 6453
2025-04-26 00:39:15,535 - INFO - This is log message number 6454
2025-04-26 00:39:15,535 - INFO - This is log message number 6455
2025-04-26 00:39:15,535 - INFO - This is log message number 6456
2025-04-26 00:39:15,535 - INFO - This is log message number 6457
2025-04-26 00:39:15,535 - INFO - This is log message number 6458
2025-04-26 00:39:15,536 - INFO - This is log message number 6459
2025-04-26 00:39:15,536 - INFO - This is log message number 6460
2025-04-26 00:39:15,536 - INFO - This is log message number 6461
2025-04-26 00:39:15,536 - INFO - This is log message number 6462
2025-04-26 00:39:15,537 - INFO - This is log message number 6463
2025-04-26 00:39:15,537 - INFO - This is log message number 6464
2025-04-26 00:39:15,537 - INFO - This is log message number 6465
2025-04-26 00:39:15,538 - INFO - This is log message number 6466
2025-04-26 00:39:15,538 - INFO - This is log message number 6467
2025-04-26 00:39:15,538 - INFO - This is log message number 6468
2025-04-26 00:39:15,538 - INFO - This is log message number 6469
2025-04-26 00:39:15,539 - INFO - This is log message number 6470
2025-04-26 00:39:15,539 - INFO - This is log message number 6471
2025-04-26 00:39:15,539 - INFO - This is log message number 6472
2025-04-26 00:39:15,539 - INFO - This is log message number 6473
2025-04-26 00:39:15,539 - INFO - This is log message number 6474
2025-04-26 00:39:15,539 - INFO - This is log message number 6475
2025-04-26 00:39:15,540 - INFO - This is log message number 6476
2025-04-26 00:39:15,540 - INFO - This is log message number 6477
2025-04-26 00:39:15,540 - INFO - This is log message number 6478
2025-04-26 00:39:15,540 - INFO - This is log message number 6479
2025-04-26 00:39:15,540 - INFO - This is log message number 6480
2025-04-26 00:39:15,542 - INFO - This is log message number 6481
2025-04-26 00:39:15,542 - INFO - This is log message number 6482
2025-04-26 00:39:15,542 - INFO - This is log message number 6483
2025-04-26 00:39:15,542 - INFO - This is log message number 6484
2025-04-26 00:39:15,542 - INFO - This is log message number 6485
2025-04-26 00:39:15,543 - INFO - This is log message number 6486
2025-04-26 00:39:15,543 - INFO - This is log message number 6487
2025-04-26 00:39:15,543 - INFO - This is log message number 6488
2025-04-26 00:39:15,543 - INFO - This is log message number 6489
2025-04-26 00:39:15,544 - INFO - This is log message number 6490
2025-04-26 00:39:15,544 - INFO - This is log message number 6491
2025-04-26 00:39:15,544 - INFO - This is log message number 6492
2025-04-26 00:39:15,544 - INFO - This is log message number 6493
2025-04-26 00:39:15,544 - INFO - This is log message number 6494
2025-04-26 00:39:15,545 - INFO - This is log message number 6495
2025-04-26 00:39:15,545 - INFO - This is log message number 6496
2025-04-26 00:39:15,545 - INFO - This is log message number 6497
2025-04-26 00:39:15,545 - INFO - This is log message number 6498
2025-04-26 00:39:15,545 - INFO - This is log message number 6499
2025-04-26 00:39:15,546 - INFO - This is log message number 6500
2025-04-26 00:39:15,546 - INFO - This is log message number 6501
2025-04-26 00:39:15,546 - INFO - This is log message number 6502
2025-04-26 00:39:15,546 - INFO - This is log message number 6503
2025-04-26 00:39:15,546 - INFO - This is log message number 6504
2025-04-26 00:39:15,547 - INFO - This is log message number 6505
2025-04-26 00:39:15,547 - INFO - This is log message number 6506
2025-04-26 00:39:15,547 - INFO - This is log message number 6507
2025-04-26 00:39:15,547 - INFO - This is log message number 6508
2025-04-26 00:39:15,547 - INFO - This is log message number 6509
2025-04-26 00:39:15,548 - INFO - This is log message number 6510
2025-04-26 00:39:15,548 - INFO - This is log message number 6511
2025-04-26 00:39:15,548 - INFO - This is log message number 6512
2025-04-26 00:39:15,548 - INFO - This is log message number 6513
2025-04-26 00:39:15,548 - INFO - This is log message number 6514
2025-04-26 00:39:15,549 - INFO - This is log message number 6515
2025-04-26 00:39:15,549 - INFO - This is log message number 6516
2025-04-26 00:39:15,549 - INFO - This is log message number 6517
2025-04-26 00:39:15,549 - INFO - This is log message number 6518
2025-04-26 00:39:15,549 - INFO - This is log message number 6519
2025-04-26 00:39:15,549 - INFO - This is log message number 6520
2025-04-26 00:39:15,550 - INFO - This is log message number 6521
2025-04-26 00:39:15,550 - INFO - This is log message number 6522
2025-04-26 00:39:15,550 - INFO - This is log message number 6523
2025-04-26 00:39:15,550 - INFO - This is log message number 6524
2025-04-26 00:39:15,550 - INFO - This is log message number 6525
2025-04-26 00:39:15,551 - INFO - This is log message number 6526
2025-04-26 00:39:15,551 - INFO - This is log message number 6527
2025-04-26 00:39:15,551 - INFO - This is log message number 6528
2025-04-26 00:39:15,551 - INFO - This is log message number 6529
2025-04-26 00:39:15,552 - INFO - This is log message number 6530
2025-04-26 00:39:15,552 - INFO - This is log message number 6531
2025-04-26 00:39:15,552 - INFO - This is log message number 6532
2025-04-26 00:39:15,552 - INFO - This is log message number 6533
2025-04-26 00:39:15,552 - INFO - This is log message number 6534
2025-04-26 00:39:15,553 - INFO - This is log message number 6535
2025-04-26 00:39:15,553 - INFO - This is log message number 6536
2025-04-26 00:39:15,553 - INFO - This is log message number 6537
2025-04-26 00:39:15,553 - INFO - This is log message number 6538
2025-04-26 00:39:15,554 - INFO - This is log message number 6539
2025-04-26 00:39:15,554 - INFO - This is log message number 6540
2025-04-26 00:39:15,554 - INFO - This is log message number 6541
2025-04-26 00:39:15,554 - INFO - This is log message number 6542
2025-04-26 00:39:15,555 - INFO - This is log message number 6543
2025-04-26 00:39:15,555 - INFO - This is log message number 6544
2025-04-26 00:39:15,555 - INFO - This is log message number 6545
2025-04-26 00:39:15,555 - INFO - This is log message number 6546
2025-04-26 00:39:15,556 - INFO - This is log message number 6547
2025-04-26 00:39:15,556 - INFO - This is log message number 6548
2025-04-26 00:39:15,556 - INFO - This is log message number 6549
2025-04-26 00:39:15,556 - INFO - This is log message number 6550
2025-04-26 00:39:15,557 - INFO - This is log message number 6551
2025-04-26 00:39:15,557 - INFO - This is log message number 6552
2025-04-26 00:39:15,557 - INFO - This is log message number 6553
2025-04-26 00:39:15,557 - INFO - This is log message number 6554
2025-04-26 00:39:15,558 - INFO - This is log message number 6555
2025-04-26 00:39:15,558 - INFO - This is log message number 6556
2025-04-26 00:39:15,558 - INFO - This is log message number 6557
2025-04-26 00:39:15,558 - INFO - This is log message number 6558
2025-04-26 00:39:15,558 - INFO - This is log message number 6559
2025-04-26 00:39:15,560 - INFO - This is log message number 6560
2025-04-26 00:39:15,560 - INFO - This is log message number 6561
2025-04-26 00:39:15,560 - INFO - This is log message number 6562
2025-04-26 00:39:15,560 - INFO - This is log message number 6563
2025-04-26 00:39:15,560 - INFO - This is log message number 6564
2025-04-26 00:39:15,561 - INFO - This is log message number 6565
2025-04-26 00:39:15,561 - INFO - This is log message number 6566
2025-04-26 00:39:15,561 - INFO - This is log message number 6567
2025-04-26 00:39:15,561 - INFO - This is log message number 6568
2025-04-26 00:39:15,561 - INFO - This is log message number 6569
2025-04-26 00:39:15,562 - INFO - This is log message number 6570
2025-04-26 00:39:15,562 - INFO - This is log message number 6571
2025-04-26 00:39:15,562 - INFO - This is log message number 6572
2025-04-26 00:39:15,562 - INFO - This is log message number 6573
2025-04-26 00:39:15,562 - INFO - This is log message number 6574
2025-04-26 00:39:15,562 - INFO - This is log message number 6575
2025-04-26 00:39:15,563 - INFO - This is log message number 6576
2025-04-26 00:39:15,563 - INFO - This is log message number 6577
2025-04-26 00:39:15,563 - INFO - This is log message number 6578
2025-04-26 00:39:15,563 - INFO - This is log message number 6579
2025-04-26 00:39:15,563 - INFO - This is log message number 6580
2025-04-26 00:39:15,563 - INFO - This is log message number 6581
2025-04-26 00:39:15,563 - INFO - This is log message number 6582
2025-04-26 00:39:15,563 - INFO - This is log message number 6583
2025-04-26 00:39:15,564 - INFO - This is log message number 6584
2025-04-26 00:39:15,564 - INFO - This is log message number 6585
2025-04-26 00:39:15,564 - INFO - This is log message number 6586
2025-04-26 00:39:15,564 - INFO - This is log message number 6587
2025-04-26 00:39:15,564 - INFO - This is log message number 6588
2025-04-26 00:39:15,564 - INFO - This is log message number 6589
2025-04-26 00:39:15,565 - INFO - This is log message number 6590
2025-04-26 00:39:15,565 - INFO - This is log message number 6591
2025-04-26 00:39:15,565 - INFO - This is log message number 6592
2025-04-26 00:39:15,565 - INFO - This is log message number 6593
2025-04-26 00:39:15,566 - INFO - This is log message number 6594
2025-04-26 00:39:15,566 - INFO - This is log message number 6595
2025-04-26 00:39:15,566 - INFO - This is log message number 6596
2025-04-26 00:39:15,566 - INFO - This is log message number 6597
2025-04-26 00:39:15,566 - INFO - This is log message number 6598
2025-04-26 00:39:15,566 - INFO - This is log message number 6599
2025-04-26 00:39:15,566 - INFO - This is log message number 6600
2025-04-26 00:39:15,567 - INFO - This is log message number 6601
2025-04-26 00:39:15,567 - INFO - This is log message number 6602
2025-04-26 00:39:15,567 - INFO - This is log message number 6603
2025-04-26 00:39:15,567 - INFO - This is log message number 6604
2025-04-26 00:39:15,567 - INFO - This is log message number 6605
2025-04-26 00:39:15,567 - INFO - This is log message number 6606
2025-04-26 00:39:15,568 - INFO - This is log message number 6607
2025-04-26 00:39:15,568 - INFO - This is log message number 6608
2025-04-26 00:39:15,568 - INFO - This is log message number 6609
2025-04-26 00:39:15,568 - INFO - This is log message number 6610
2025-04-26 00:39:15,569 - INFO - This is log message number 6611
2025-04-26 00:39:15,569 - INFO - This is log message number 6612
2025-04-26 00:39:15,569 - INFO - This is log message number 6613
2025-04-26 00:39:15,569 - INFO - This is log message number 6614
2025-04-26 00:39:15,571 - INFO - This is log message number 6615
2025-04-26 00:39:15,571 - INFO - This is log message number 6616
2025-04-26 00:39:15,571 - INFO - This is log message number 6617
2025-04-26 00:39:15,571 - INFO - This is log message number 6618
2025-04-26 00:39:15,571 - INFO - This is log message number 6619
2025-04-26 00:39:15,572 - INFO - This is log message number 6620
2025-04-26 00:39:15,572 - INFO - This is log message number 6621
2025-04-26 00:39:15,572 - INFO - This is log message number 6622
2025-04-26 00:39:15,572 - INFO - This is log message number 6623
2025-04-26 00:39:15,573 - INFO - This is log message number 6624
2025-04-26 00:39:15,573 - INFO - This is log message number 6625
2025-04-26 00:39:15,573 - INFO - This is log message number 6626
2025-04-26 00:39:15,573 - INFO - This is log message number 6627
2025-04-26 00:39:15,574 - INFO - This is log message number 6628
2025-04-26 00:39:15,574 - INFO - This is log message number 6629
2025-04-26 00:39:15,574 - INFO - This is log message number 6630
2025-04-26 00:39:15,575 - INFO - This is log message number 6631
2025-04-26 00:39:15,575 - INFO - This is log message number 6632
2025-04-26 00:39:15,575 - INFO - This is log message number 6633
2025-04-26 00:39:15,575 - INFO - This is log message number 6634
2025-04-26 00:39:15,575 - INFO - This is log message number 6635
2025-04-26 00:39:15,576 - INFO - This is log message number 6636
2025-04-26 00:39:15,576 - INFO - This is log message number 6637
2025-04-26 00:39:15,576 - INFO - This is log message number 6638
2025-04-26 00:39:15,576 - INFO - This is log message number 6639
2025-04-26 00:39:15,576 - INFO - This is log message number 6640
2025-04-26 00:39:15,576 - INFO - This is log message number 6641
2025-04-26 00:39:15,577 - INFO - This is log message number 6642
2025-04-26 00:39:15,577 - INFO - This is log message number 6643
2025-04-26 00:39:15,577 - INFO - This is log message number 6644
2025-04-26 00:39:15,577 - INFO - This is log message number 6645
2025-04-26 00:39:15,577 - INFO - This is log message number 6646
2025-04-26 00:39:15,577 - INFO - This is log message number 6647
2025-04-26 00:39:15,577 - INFO - This is log message number 6648
2025-04-26 00:39:15,578 - INFO - This is log message number 6649
2025-04-26 00:39:15,578 - INFO - This is log message number 6650
2025-04-26 00:39:15,578 - INFO - This is log message number 6651
2025-04-26 00:39:15,578 - INFO - This is log message number 6652
2025-04-26 00:39:15,578 - INFO - This is log message number 6653
2025-04-26 00:39:15,578 - INFO - This is log message number 6654
2025-04-26 00:39:15,579 - INFO - This is log message number 6655
2025-04-26 00:39:15,579 - INFO - This is log message number 6656
2025-04-26 00:39:15,579 - INFO - This is log message number 6657
2025-04-26 00:39:15,579 - INFO - This is log message number 6658
2025-04-26 00:39:15,579 - INFO - This is log message number 6659
2025-04-26 00:39:15,580 - INFO - This is log message number 6660
2025-04-26 00:39:15,580 - INFO - This is log message number 6661
2025-04-26 00:39:15,580 - INFO - This is log message number 6662
2025-04-26 00:39:15,580 - INFO - This is log message number 6663
2025-04-26 00:39:15,580 - INFO - This is log message number 6664
2025-04-26 00:39:15,580 - INFO - This is log message number 6665
2025-04-26 00:39:15,581 - INFO - This is log message number 6666
2025-04-26 00:39:15,581 - INFO - This is log message number 6667
2025-04-26 00:39:15,581 - INFO - This is log message number 6668
2025-04-26 00:39:15,581 - INFO - This is log message number 6669
2025-04-26 00:39:15,581 - INFO - This is log message number 6670
2025-04-26 00:39:15,581 - INFO - This is log message number 6671
2025-04-26 00:39:15,582 - INFO - This is log message number 6672
2025-04-26 00:39:15,582 - INFO - This is log message number 6673
2025-04-26 00:39:15,582 - INFO - This is log message number 6674
2025-04-26 00:39:15,582 - INFO - This is log message number 6675
2025-04-26 00:39:15,582 - INFO - This is log message number 6676
2025-04-26 00:39:15,582 - INFO - This is log message number 6677
2025-04-26 00:39:15,583 - INFO - This is log message number 6678
2025-04-26 00:39:15,583 - INFO - This is log message number 6679
2025-04-26 00:39:15,583 - INFO - This is log message number 6680
2025-04-26 00:39:15,583 - INFO - This is log message number 6681
2025-04-26 00:39:15,583 - INFO - This is log message number 6682
2025-04-26 00:39:15,584 - INFO - This is log message number 6683
2025-04-26 00:39:15,584 - INFO - This is log message number 6684
2025-04-26 00:39:15,584 - INFO - This is log message number 6685
2025-04-26 00:39:15,584 - INFO - This is log message number 6686
2025-04-26 00:39:15,584 - INFO - This is log message number 6687
2025-04-26 00:39:15,584 - INFO - This is log message number 6688
2025-04-26 00:39:15,584 - INFO - This is log message number 6689
2025-04-26 00:39:15,584 - INFO - This is log message number 6690
2025-04-26 00:39:15,584 - INFO - This is log message number 6691
2025-04-26 00:39:15,586 - INFO - This is log message number 6692
2025-04-26 00:39:15,586 - INFO - This is log message number 6693
2025-04-26 00:39:15,586 - INFO - This is log message number 6694
2025-04-26 00:39:15,586 - INFO - This is log message number 6695
2025-04-26 00:39:15,586 - INFO - This is log message number 6696
2025-04-26 00:39:15,587 - INFO - This is log message number 6697
2025-04-26 00:39:15,587 - INFO - This is log message number 6698
2025-04-26 00:39:15,587 - INFO - This is log message number 6699
2025-04-26 00:39:15,587 - INFO - This is log message number 6700
2025-04-26 00:39:15,587 - INFO - This is log message number 6701
2025-04-26 00:39:15,588 - INFO - This is log message number 6702
2025-04-26 00:39:15,588 - INFO - This is log message number 6703
2025-04-26 00:39:15,588 - INFO - This is log message number 6704
2025-04-26 00:39:15,588 - INFO - This is log message number 6705
2025-04-26 00:39:15,589 - INFO - This is log message number 6706
2025-04-26 00:39:15,589 - INFO - This is log message number 6707
2025-04-26 00:39:15,589 - INFO - This is log message number 6708
2025-04-26 00:39:15,589 - INFO - This is log message number 6709
2025-04-26 00:39:15,589 - INFO - This is log message number 6710
2025-04-26 00:39:15,591 - INFO - This is log message number 6711
2025-04-26 00:39:15,591 - INFO - This is log message number 6712
2025-04-26 00:39:15,591 - INFO - This is log message number 6713
2025-04-26 00:39:15,592 - INFO - This is log message number 6714
2025-04-26 00:39:15,592 - INFO - This is log message number 6715
2025-04-26 00:39:15,592 - INFO - This is log message number 6716
2025-04-26 00:39:15,592 - INFO - This is log message number 6717
2025-04-26 00:39:15,592 - INFO - This is log message number 6718
2025-04-26 00:39:15,593 - INFO - This is log message number 6719
2025-04-26 00:39:15,593 - INFO - This is log message number 6720
2025-04-26 00:39:15,593 - INFO - This is log message number 6721
2025-04-26 00:39:15,593 - INFO - This is log message number 6722
2025-04-26 00:39:15,593 - INFO - This is log message number 6723
2025-04-26 00:39:15,594 - INFO - This is log message number 6724
2025-04-26 00:39:15,594 - INFO - This is log message number 6725
2025-04-26 00:39:15,594 - INFO - This is log message number 6726
2025-04-26 00:39:15,594 - INFO - This is log message number 6727
2025-04-26 00:39:15,594 - INFO - This is log message number 6728
2025-04-26 00:39:15,595 - INFO - This is log message number 6729
2025-04-26 00:39:15,595 - INFO - This is log message number 6730
2025-04-26 00:39:15,595 - INFO - This is log message number 6731
2025-04-26 00:39:15,595 - INFO - This is log message number 6732
2025-04-26 00:39:15,595 - INFO - This is log message number 6733
2025-04-26 00:39:15,595 - INFO - This is log message number 6734
2025-04-26 00:39:15,596 - INFO - This is log message number 6735
2025-04-26 00:39:15,596 - INFO - This is log message number 6736
2025-04-26 00:39:15,596 - INFO - This is log message number 6737
2025-04-26 00:39:15,596 - INFO - This is log message number 6738
2025-04-26 00:39:15,596 - INFO - This is log message number 6739
2025-04-26 00:39:15,596 - INFO - This is log message number 6740
2025-04-26 00:39:15,597 - INFO - This is log message number 6741
2025-04-26 00:39:15,597 - INFO - This is log message number 6742
2025-04-26 00:39:15,597 - INFO - This is log message number 6743
2025-04-26 00:39:15,597 - INFO - This is log message number 6744
2025-04-26 00:39:15,598 - INFO - This is log message number 6745
2025-04-26 00:39:15,598 - INFO - This is log message number 6746
2025-04-26 00:39:15,598 - INFO - This is log message number 6747
2025-04-26 00:39:15,598 - INFO - This is log message number 6748
2025-04-26 00:39:15,598 - INFO - This is log message number 6749
2025-04-26 00:39:15,598 - INFO - This is log message number 6750
2025-04-26 00:39:15,599 - INFO - This is log message number 6751
2025-04-26 00:39:15,599 - INFO - This is log message number 6752
2025-04-26 00:39:15,599 - INFO - This is log message number 6753
2025-04-26 00:39:15,599 - INFO - This is log message number 6754
2025-04-26 00:39:15,599 - INFO - This is log message number 6755
2025-04-26 00:39:15,600 - INFO - This is log message number 6756
2025-04-26 00:39:15,600 - INFO - This is log message number 6757
2025-04-26 00:39:15,600 - INFO - This is log message number 6758
2025-04-26 00:39:15,600 - INFO - This is log message number 6759
2025-04-26 00:39:15,600 - INFO - This is log message number 6760
2025-04-26 00:39:15,600 - INFO - This is log message number 6761
2025-04-26 00:39:15,601 - INFO - This is log message number 6762
2025-04-26 00:39:15,601 - INFO - This is log message number 6763
2025-04-26 00:39:15,601 - INFO - This is log message number 6764
2025-04-26 00:39:15,601 - INFO - This is log message number 6765
2025-04-26 00:39:15,601 - INFO - This is log message number 6766
2025-04-26 00:39:15,601 - INFO - This is log message number 6767
2025-04-26 00:39:15,601 - INFO - This is log message number 6768
2025-04-26 00:39:15,602 - INFO - This is log message number 6769
2025-04-26 00:39:15,602 - INFO - This is log message number 6770
2025-04-26 00:39:15,602 - INFO - This is log message number 6771
2025-04-26 00:39:15,602 - INFO - This is log message number 6772
2025-04-26 00:39:15,603 - INFO - This is log message number 6773
2025-04-26 00:39:15,603 - INFO - This is log message number 6774
2025-04-26 00:39:15,603 - INFO - This is log message number 6775
2025-04-26 00:39:15,603 - INFO - This is log message number 6776
2025-04-26 00:39:15,604 - INFO - This is log message number 6777
2025-04-26 00:39:15,604 - INFO - This is log message number 6778
2025-04-26 00:39:15,604 - INFO - This is log message number 6779
2025-04-26 00:39:15,604 - INFO - This is log message number 6780
2025-04-26 00:39:15,605 - INFO - This is log message number 6781
2025-04-26 00:39:15,605 - INFO - This is log message number 6782
2025-04-26 00:39:15,605 - INFO - This is log message number 6783
2025-04-26 00:39:15,605 - INFO - This is log message number 6784
2025-04-26 00:39:15,607 - INFO - This is log message number 6785
2025-04-26 00:39:15,607 - INFO - This is log message number 6786
2025-04-26 00:39:15,607 - INFO - This is log message number 6787
2025-04-26 00:39:15,607 - INFO - This is log message number 6788
2025-04-26 00:39:15,607 - INFO - This is log message number 6789
2025-04-26 00:39:15,608 - INFO - This is log message number 6790
2025-04-26 00:39:15,608 - INFO - This is log message number 6791
2025-04-26 00:39:15,608 - INFO - This is log message number 6792
2025-04-26 00:39:15,608 - INFO - This is log message number 6793
2025-04-26 00:39:15,608 - INFO - This is log message number 6794
2025-04-26 00:39:15,609 - INFO - This is log message number 6795
2025-04-26 00:39:15,609 - INFO - This is log message number 6796
2025-04-26 00:39:15,609 - INFO - This is log message number 6797
2025-04-26 00:39:15,609 - INFO - This is log message number 6798
2025-04-26 00:39:15,609 - INFO - This is log message number 6799
2025-04-26 00:39:15,609 - INFO - This is log message number 6800
2025-04-26 00:39:15,610 - INFO - This is log message number 6801
2025-04-26 00:39:15,610 - INFO - This is log message number 6802
2025-04-26 00:39:15,610 - INFO - This is log message number 6803
2025-04-26 00:39:15,610 - INFO - This is log message number 6804
2025-04-26 00:39:15,610 - INFO - This is log message number 6805
2025-04-26 00:39:15,610 - INFO - This is log message number 6806
2025-04-26 00:39:15,610 - INFO - This is log message number 6807
2025-04-26 00:39:15,611 - INFO - This is log message number 6808
2025-04-26 00:39:15,611 - INFO - This is log message number 6809
2025-04-26 00:39:15,611 - INFO - This is log message number 6810
2025-04-26 00:39:15,611 - INFO - This is log message number 6811
2025-04-26 00:39:15,611 - INFO - This is log message number 6812
2025-04-26 00:39:15,612 - INFO - This is log message number 6813
2025-04-26 00:39:15,612 - INFO - This is log message number 6814
2025-04-26 00:39:15,612 - INFO - This is log message number 6815
2025-04-26 00:39:15,612 - INFO - This is log message number 6816
2025-04-26 00:39:15,612 - INFO - This is log message number 6817
2025-04-26 00:39:15,612 - INFO - This is log message number 6818
2025-04-26 00:39:15,613 - INFO - This is log message number 6819
2025-04-26 00:39:15,613 - INFO - This is log message number 6820
2025-04-26 00:39:15,613 - INFO - This is log message number 6821
2025-04-26 00:39:15,613 - INFO - This is log message number 6822
2025-04-26 00:39:15,613 - INFO - This is log message number 6823
2025-04-26 00:39:15,614 - INFO - This is log message number 6824
2025-04-26 00:39:15,614 - INFO - This is log message number 6825
2025-04-26 00:39:15,614 - INFO - This is log message number 6826
2025-04-26 00:39:15,614 - INFO - This is log message number 6827
2025-04-26 00:39:15,614 - INFO - This is log message number 6828
2025-04-26 00:39:15,615 - INFO - This is log message number 6829
2025-04-26 00:39:15,615 - INFO - This is log message number 6830
2025-04-26 00:39:15,615 - INFO - This is log message number 6831
2025-04-26 00:39:15,615 - INFO - This is log message number 6832
2025-04-26 00:39:15,615 - INFO - This is log message number 6833
2025-04-26 00:39:15,615 - INFO - This is log message number 6834
2025-04-26 00:39:15,616 - INFO - This is log message number 6835
2025-04-26 00:39:15,616 - INFO - This is log message number 6836
2025-04-26 00:39:15,616 - INFO - This is log message number 6837
2025-04-26 00:39:15,616 - INFO - This is log message number 6838
2025-04-26 00:39:15,616 - INFO - This is log message number 6839
2025-04-26 00:39:15,616 - INFO - This is log message number 6840
2025-04-26 00:39:15,616 - INFO - This is log message number 6841
2025-04-26 00:39:15,617 - INFO - This is log message number 6842
2025-04-26 00:39:15,617 - INFO - This is log message number 6843
2025-04-26 00:39:15,617 - INFO - This is log message number 6844
2025-04-26 00:39:15,617 - INFO - This is log message number 6845
2025-04-26 00:39:15,617 - INFO - This is log message number 6846
2025-04-26 00:39:15,617 - INFO - This is log message number 6847
2025-04-26 00:39:15,617 - INFO - This is log message number 6848
2025-04-26 00:39:15,619 - INFO - This is log message number 6849
2025-04-26 00:39:15,619 - INFO - This is log message number 6850
2025-04-26 00:39:15,619 - INFO - This is log message number 6851
2025-04-26 00:39:15,619 - INFO - This is log message number 6852
2025-04-26 00:39:15,620 - INFO - This is log message number 6853
2025-04-26 00:39:15,620 - INFO - This is log message number 6854
2025-04-26 00:39:15,620 - INFO - This is log message number 6855
2025-04-26 00:39:15,620 - INFO - This is log message number 6856
2025-04-26 00:39:15,620 - INFO - This is log message number 6857
2025-04-26 00:39:15,621 - INFO - This is log message number 6858
2025-04-26 00:39:15,621 - INFO - This is log message number 6859
2025-04-26 00:39:15,621 - INFO - This is log message number 6860
2025-04-26 00:39:15,621 - INFO - This is log message number 6861
2025-04-26 00:39:15,622 - INFO - This is log message number 6862
2025-04-26 00:39:15,622 - INFO - This is log message number 6863
2025-04-26 00:39:15,622 - INFO - This is log message number 6864
2025-04-26 00:39:15,622 - INFO - This is log message number 6865
2025-04-26 00:39:15,622 - INFO - This is log message number 6866
2025-04-26 00:39:15,622 - INFO - This is log message number 6867
2025-04-26 00:39:15,624 - INFO - This is log message number 6868
2025-04-26 00:39:15,624 - INFO - This is log message number 6869
2025-04-26 00:39:15,624 - INFO - This is log message number 6870
2025-04-26 00:39:15,624 - INFO - This is log message number 6871
2025-04-26 00:39:15,624 - INFO - This is log message number 6872
2025-04-26 00:39:15,625 - INFO - This is log message number 6873
2025-04-26 00:39:15,625 - INFO - This is log message number 6874
2025-04-26 00:39:15,625 - INFO - This is log message number 6875
2025-04-26 00:39:15,625 - INFO - This is log message number 6876
2025-04-26 00:39:15,625 - INFO - This is log message number 6877
2025-04-26 00:39:15,626 - INFO - This is log message number 6878
2025-04-26 00:39:15,626 - INFO - This is log message number 6879
2025-04-26 00:39:15,626 - INFO - This is log message number 6880
2025-04-26 00:39:15,626 - INFO - This is log message number 6881
2025-04-26 00:39:15,626 - INFO - This is log message number 6882
2025-04-26 00:39:15,627 - INFO - This is log message number 6883
2025-04-26 00:39:15,627 - INFO - This is log message number 6884
2025-04-26 00:39:15,627 - INFO - This is log message number 6885
2025-04-26 00:39:15,627 - INFO - This is log message number 6886
2025-04-26 00:39:15,627 - INFO - This is log message number 6887
2025-04-26 00:39:15,627 - INFO - This is log message number 6888
2025-04-26 00:39:15,628 - INFO - This is log message number 6889
2025-04-26 00:39:15,628 - INFO - This is log message number 6890
2025-04-26 00:39:15,628 - INFO - This is log message number 6891
2025-04-26 00:39:15,628 - INFO - This is log message number 6892
2025-04-26 00:39:15,628 - INFO - This is log message number 6893
2025-04-26 00:39:15,629 - INFO - This is log message number 6894
2025-04-26 00:39:15,629 - INFO - This is log message number 6895
2025-04-26 00:39:15,629 - INFO - This is log message number 6896
2025-04-26 00:39:15,629 - INFO - This is log message number 6897
2025-04-26 00:39:15,629 - INFO - This is log message number 6898
2025-04-26 00:39:15,630 - INFO - This is log message number 6899
2025-04-26 00:39:15,630 - INFO - This is log message number 6900
2025-04-26 00:39:15,630 - INFO - This is log message number 6901
2025-04-26 00:39:15,630 - INFO - This is log message number 6902
2025-04-26 00:39:15,630 - INFO - This is log message number 6903
2025-04-26 00:39:15,631 - INFO - This is log message number 6904
2025-04-26 00:39:15,631 - INFO - This is log message number 6905
2025-04-26 00:39:15,631 - INFO - This is log message number 6906
2025-04-26 00:39:15,631 - INFO - This is log message number 6907
2025-04-26 00:39:15,631 - INFO - This is log message number 6908
2025-04-26 00:39:15,631 - INFO - This is log message number 6909
2025-04-26 00:39:15,632 - INFO - This is log message number 6910
2025-04-26 00:39:15,632 - INFO - This is log message number 6911
2025-04-26 00:39:15,632 - INFO - This is log message number 6912
2025-04-26 00:39:15,632 - INFO - This is log message number 6913
2025-04-26 00:39:15,632 - INFO - This is log message number 6914
2025-04-26 00:39:15,633 - INFO - This is log message number 6915
2025-04-26 00:39:15,633 - INFO - This is log message number 6916
2025-04-26 00:39:15,633 - INFO - This is log message number 6917
2025-04-26 00:39:15,633 - INFO - This is log message number 6918
2025-04-26 00:39:15,633 - INFO - This is log message number 6919
2025-04-26 00:39:15,634 - INFO - This is log message number 6920
2025-04-26 00:39:15,634 - INFO - This is log message number 6921
2025-04-26 00:39:15,634 - INFO - This is log message number 6922
2025-04-26 00:39:15,634 - INFO - This is log message number 6923
2025-04-26 00:39:15,634 - INFO - This is log message number 6924
2025-04-26 00:39:15,634 - INFO - This is log message number 6925
2025-04-26 00:39:15,635 - INFO - This is log message number 6926
2025-04-26 00:39:15,635 - INFO - This is log message number 6927
2025-04-26 00:39:15,635 - INFO - This is log message number 6928
2025-04-26 00:39:15,635 - INFO - This is log message number 6929
2025-04-26 00:39:15,635 - INFO - This is log message number 6930
2025-04-26 00:39:15,635 - INFO - This is log message number 6931
2025-04-26 00:39:15,635 - INFO - This is log message number 6932
2025-04-26 00:39:15,637 - INFO - This is log message number 6933
2025-04-26 00:39:15,640 - INFO - This is log message number 6934
2025-04-26 00:39:15,641 - INFO - This is log message number 6935
2025-04-26 00:39:15,641 - INFO - This is log message number 6936
2025-04-26 00:39:15,641 - INFO - This is log message number 6937
2025-04-26 00:39:15,641 - INFO - This is log message number 6938
2025-04-26 00:39:15,642 - INFO - This is log message number 6939
2025-04-26 00:39:15,642 - INFO - This is log message number 6940
2025-04-26 00:39:15,642 - INFO - This is log message number 6941
2025-04-26 00:39:15,642 - INFO - This is log message number 6942
2025-04-26 00:39:15,642 - INFO - This is log message number 6943
2025-04-26 00:39:15,642 - INFO - This is log message number 6944
2025-04-26 00:39:15,643 - INFO - This is log message number 6945
2025-04-26 00:39:15,643 - INFO - This is log message number 6946
2025-04-26 00:39:15,643 - INFO - This is log message number 6947
2025-04-26 00:39:15,643 - INFO - This is log message number 6948
2025-04-26 00:39:15,643 - INFO - This is log message number 6949
2025-04-26 00:39:15,643 - INFO - This is log message number 6950
2025-04-26 00:39:15,644 - INFO - This is log message number 6951
2025-04-26 00:39:15,644 - INFO - This is log message number 6952
2025-04-26 00:39:15,644 - INFO - This is log message number 6953
2025-04-26 00:39:15,644 - INFO - This is log message number 6954
2025-04-26 00:39:15,644 - INFO - This is log message number 6955
2025-04-26 00:39:15,645 - INFO - This is log message number 6956
2025-04-26 00:39:15,645 - INFO - This is log message number 6957
2025-04-26 00:39:15,645 - INFO - This is log message number 6958
2025-04-26 00:39:15,645 - INFO - This is log message number 6959
2025-04-26 00:39:15,645 - INFO - This is log message number 6960
2025-04-26 00:39:15,645 - INFO - This is log message number 6961
2025-04-26 00:39:15,646 - INFO - This is log message number 6962
2025-04-26 00:39:15,646 - INFO - This is log message number 6963
2025-04-26 00:39:15,646 - INFO - This is log message number 6964
2025-04-26 00:39:15,646 - INFO - This is log message number 6965
2025-04-26 00:39:15,646 - INFO - This is log message number 6966
2025-04-26 00:39:15,646 - INFO - This is log message number 6967
2025-04-26 00:39:15,647 - INFO - This is log message number 6968
2025-04-26 00:39:15,647 - INFO - This is log message number 6969
2025-04-26 00:39:15,647 - INFO - This is log message number 6970
2025-04-26 00:39:15,647 - INFO - This is log message number 6971
2025-04-26 00:39:15,647 - INFO - This is log message number 6972
2025-04-26 00:39:15,647 - INFO - This is log message number 6973
2025-04-26 00:39:15,648 - INFO - This is log message number 6974
2025-04-26 00:39:15,648 - INFO - This is log message number 6975
2025-04-26 00:39:15,648 - INFO - This is log message number 6976
2025-04-26 00:39:15,648 - INFO - This is log message number 6977
2025-04-26 00:39:15,648 - INFO - This is log message number 6978
2025-04-26 00:39:15,648 - INFO - This is log message number 6979
2025-04-26 00:39:15,648 - INFO - This is log message number 6980
2025-04-26 00:39:15,650 - INFO - This is log message number 6981
2025-04-26 00:39:15,650 - INFO - This is log message number 6982
2025-04-26 00:39:15,650 - INFO - This is log message number 6983
2025-04-26 00:39:15,650 - INFO - This is log message number 6984
2025-04-26 00:39:15,650 - INFO - This is log message number 6985
2025-04-26 00:39:15,651 - INFO - This is log message number 6986
2025-04-26 00:39:15,651 - INFO - This is log message number 6987
2025-04-26 00:39:15,651 - INFO - This is log message number 6988
2025-04-26 00:39:15,651 - INFO - This is log message number 6989
2025-04-26 00:39:15,651 - INFO - This is log message number 6990
2025-04-26 00:39:15,651 - INFO - This is log message number 6991
2025-04-26 00:39:15,651 - INFO - This is log message number 6992
2025-04-26 00:39:15,652 - INFO - This is log message number 6993
2025-04-26 00:39:15,652 - INFO - This is log message number 6994
2025-04-26 00:39:15,652 - INFO - This is log message number 6995
2025-04-26 00:39:15,652 - INFO - This is log message number 6996
2025-04-26 00:39:15,653 - INFO - This is log message number 6997
2025-04-26 00:39:15,653 - INFO - This is log message number 6998
2025-04-26 00:39:15,653 - INFO - This is log message number 6999
2025-04-26 00:39:15,653 - INFO - This is log message number 7000
2025-04-26 00:39:15,654 - INFO - This is log message number 7001
2025-04-26 00:39:15,654 - INFO - This is log message number 7002
2025-04-26 00:39:15,654 - INFO - This is log message number 7003
2025-04-26 00:39:15,654 - INFO - This is log message number 7004
2025-04-26 00:39:15,654 - INFO - This is log message number 7005
2025-04-26 00:39:15,654 - INFO - This is log message number 7006
2025-04-26 00:39:15,655 - INFO - This is log message number 7007
2025-04-26 00:39:15,655 - INFO - This is log message number 7008
2025-04-26 00:39:15,655 - INFO - This is log message number 7009
2025-04-26 00:39:15,655 - INFO - This is log message number 7010
2025-04-26 00:39:15,655 - INFO - This is log message number 7011
2025-04-26 00:39:15,655 - INFO - This is log message number 7012
2025-04-26 00:39:15,656 - INFO - This is log message number 7013
2025-04-26 00:39:15,656 - INFO - This is log message number 7014
2025-04-26 00:39:15,656 - INFO - This is log message number 7015
2025-04-26 00:39:15,656 - INFO - This is log message number 7016
2025-04-26 00:39:15,657 - INFO - This is log message number 7017
2025-04-26 00:39:15,657 - INFO - This is log message number 7018
2025-04-26 00:39:15,657 - INFO - This is log message number 7019
2025-04-26 00:39:15,657 - INFO - This is log message number 7020
2025-04-26 00:39:15,657 - INFO - This is log message number 7021
2025-04-26 00:39:15,658 - INFO - This is log message number 7022
2025-04-26 00:39:15,658 - INFO - This is log message number 7023
2025-04-26 00:39:15,658 - INFO - This is log message number 7024
2025-04-26 00:39:15,660 - INFO - This is log message number 7025
2025-04-26 00:39:15,660 - INFO - This is log message number 7026
2025-04-26 00:39:15,660 - INFO - This is log message number 7027
2025-04-26 00:39:15,660 - INFO - This is log message number 7028
2025-04-26 00:39:15,660 - INFO - This is log message number 7029
2025-04-26 00:39:15,661 - INFO - This is log message number 7030
2025-04-26 00:39:15,661 - INFO - This is log message number 7031
2025-04-26 00:39:15,661 - INFO - This is log message number 7032
2025-04-26 00:39:15,661 - INFO - This is log message number 7033
2025-04-26 00:39:15,662 - INFO - This is log message number 7034
2025-04-26 00:39:15,662 - INFO - This is log message number 7035
2025-04-26 00:39:15,662 - INFO - This is log message number 7036
2025-04-26 00:39:15,662 - INFO - This is log message number 7037
2025-04-26 00:39:15,662 - INFO - This is log message number 7038
2025-04-26 00:39:15,662 - INFO - This is log message number 7039
2025-04-26 00:39:15,663 - INFO - This is log message number 7040
2025-04-26 00:39:15,663 - INFO - This is log message number 7041
2025-04-26 00:39:15,663 - INFO - This is log message number 7042
2025-04-26 00:39:15,663 - INFO - This is log message number 7043
2025-04-26 00:39:15,663 - INFO - This is log message number 7044
2025-04-26 00:39:15,664 - INFO - This is log message number 7045
2025-04-26 00:39:15,664 - INFO - This is log message number 7046
2025-04-26 00:39:15,664 - INFO - This is log message number 7047
2025-04-26 00:39:15,664 - INFO - This is log message number 7048
2025-04-26 00:39:15,664 - INFO - This is log message number 7049
2025-04-26 00:39:15,665 - INFO - This is log message number 7050
2025-04-26 00:39:15,665 - INFO - This is log message number 7051
2025-04-26 00:39:15,665 - INFO - This is log message number 7052
2025-04-26 00:39:15,665 - INFO - This is log message number 7053
2025-04-26 00:39:15,665 - INFO - This is log message number 7054
2025-04-26 00:39:15,665 - INFO - This is log message number 7055
2025-04-26 00:39:15,666 - INFO - This is log message number 7056
2025-04-26 00:39:15,666 - INFO - This is log message number 7057
2025-04-26 00:39:15,666 - INFO - This is log message number 7058
2025-04-26 00:39:15,666 - INFO - This is log message number 7059
2025-04-26 00:39:15,666 - INFO - This is log message number 7060
2025-04-26 00:39:15,667 - INFO - This is log message number 7061
2025-04-26 00:39:15,667 - INFO - This is log message number 7062
2025-04-26 00:39:15,667 - INFO - This is log message number 7063
2025-04-26 00:39:15,667 - INFO - This is log message number 7064
2025-04-26 00:39:15,667 - INFO - This is log message number 7065
2025-04-26 00:39:15,667 - INFO - This is log message number 7066
2025-04-26 00:39:15,668 - INFO - This is log message number 7067
2025-04-26 00:39:15,668 - INFO - This is log message number 7068
2025-04-26 00:39:15,668 - INFO - This is log message number 7069
2025-04-26 00:39:15,668 - INFO - This is log message number 7070
2025-04-26 00:39:15,668 - INFO - This is log message number 7071
2025-04-26 00:39:15,669 - INFO - This is log message number 7072
2025-04-26 00:39:15,669 - INFO - This is log message number 7073
2025-04-26 00:39:15,670 - INFO - This is log message number 7074
2025-04-26 00:39:15,670 - INFO - This is log message number 7075
2025-04-26 00:39:15,670 - INFO - This is log message number 7076
2025-04-26 00:39:15,670 - INFO - This is log message number 7077
2025-04-26 00:39:15,671 - INFO - This is log message number 7078
2025-04-26 00:39:15,671 - INFO - This is log message number 7079
2025-04-26 00:39:15,671 - INFO - This is log message number 7080
2025-04-26 00:39:15,671 - INFO - This is log message number 7081
2025-04-26 00:39:15,671 - INFO - This is log message number 7082
2025-04-26 00:39:15,672 - INFO - This is log message number 7083
2025-04-26 00:39:15,672 - INFO - This is log message number 7084
2025-04-26 00:39:15,672 - INFO - This is log message number 7085
2025-04-26 00:39:15,672 - INFO - This is log message number 7086
2025-04-26 00:39:15,672 - INFO - This is log message number 7087
2025-04-26 00:39:15,672 - INFO - This is log message number 7088
2025-04-26 00:39:15,674 - INFO - This is log message number 7089
2025-04-26 00:39:15,674 - INFO - This is log message number 7090
2025-04-26 00:39:15,674 - INFO - This is log message number 7091
2025-04-26 00:39:15,674 - INFO - This is log message number 7092
2025-04-26 00:39:15,675 - INFO - This is log message number 7093
2025-04-26 00:39:15,675 - INFO - This is log message number 7094
2025-04-26 00:39:15,675 - INFO - This is log message number 7095
2025-04-26 00:39:15,675 - INFO - This is log message number 7096
2025-04-26 00:39:15,675 - INFO - This is log message number 7097
2025-04-26 00:39:15,675 - INFO - This is log message number 7098
2025-04-26 00:39:15,676 - INFO - This is log message number 7099
2025-04-26 00:39:15,676 - INFO - This is log message number 7100
2025-04-26 00:39:15,676 - INFO - This is log message number 7101
2025-04-26 00:39:15,676 - INFO - This is log message number 7102
2025-04-26 00:39:15,676 - INFO - This is log message number 7103
2025-04-26 00:39:15,677 - INFO - This is log message number 7104
2025-04-26 00:39:15,677 - INFO - This is log message number 7105
2025-04-26 00:39:15,677 - INFO - This is log message number 7106
2025-04-26 00:39:15,677 - INFO - This is log message number 7107
2025-04-26 00:39:15,677 - INFO - This is log message number 7108
2025-04-26 00:39:15,678 - INFO - This is log message number 7109
2025-04-26 00:39:15,678 - INFO - This is log message number 7110
2025-04-26 00:39:15,678 - INFO - This is log message number 7111
2025-04-26 00:39:15,678 - INFO - This is log message number 7112
2025-04-26 00:39:15,678 - INFO - This is log message number 7113
2025-04-26 00:39:15,679 - INFO - This is log message number 7114
2025-04-26 00:39:15,679 - INFO - This is log message number 7115
2025-04-26 00:39:15,679 - INFO - This is log message number 7116
2025-04-26 00:39:15,679 - INFO - This is log message number 7117
2025-04-26 00:39:15,679 - INFO - This is log message number 7118
2025-04-26 00:39:15,679 - INFO - This is log message number 7119
2025-04-26 00:39:15,680 - INFO - This is log message number 7120
2025-04-26 00:39:15,680 - INFO - This is log message number 7121
2025-04-26 00:39:15,680 - INFO - This is log message number 7122
2025-04-26 00:39:15,680 - INFO - This is log message number 7123
2025-04-26 00:39:15,680 - INFO - This is log message number 7124
2025-04-26 00:39:15,681 - INFO - This is log message number 7125
2025-04-26 00:39:15,681 - INFO - This is log message number 7126
2025-04-26 00:39:15,681 - INFO - This is log message number 7127
2025-04-26 00:39:15,681 - INFO - This is log message number 7128
2025-04-26 00:39:15,681 - INFO - This is log message number 7129
2025-04-26 00:39:15,681 - INFO - This is log message number 7130
2025-04-26 00:39:15,682 - INFO - This is log message number 7131
2025-04-26 00:39:15,682 - INFO - This is log message number 7132
2025-04-26 00:39:15,682 - INFO - This is log message number 7133
2025-04-26 00:39:15,682 - INFO - This is log message number 7134
2025-04-26 00:39:15,682 - INFO - This is log message number 7135
2025-04-26 00:39:15,682 - INFO - This is log message number 7136
2025-04-26 00:39:15,682 - INFO - This is log message number 7137
2025-04-26 00:39:15,683 - INFO - This is log message number 7138
2025-04-26 00:39:15,683 - INFO - This is log message number 7139
2025-04-26 00:39:15,683 - INFO - This is log message number 7140
2025-04-26 00:39:15,683 - INFO - This is log message number 7141
2025-04-26 00:39:15,683 - INFO - This is log message number 7142
2025-04-26 00:39:15,684 - INFO - This is log message number 7143
2025-04-26 00:39:15,684 - INFO - This is log message number 7144
2025-04-26 00:39:15,684 - INFO - This is log message number 7145
2025-04-26 00:39:15,684 - INFO - This is log message number 7146
2025-04-26 00:39:15,684 - INFO - This is log message number 7147
2025-04-26 00:39:15,684 - INFO - This is log message number 7148
2025-04-26 00:39:15,684 - INFO - This is log message number 7149
2025-04-26 00:39:15,684 - INFO - This is log message number 7150
2025-04-26 00:39:15,686 - INFO - This is log message number 7151
2025-04-26 00:39:15,686 - INFO - This is log message number 7152
2025-04-26 00:39:15,686 - INFO - This is log message number 7153
2025-04-26 00:39:15,687 - INFO - This is log message number 7154
2025-04-26 00:39:15,687 - INFO - This is log message number 7155
2025-04-26 00:39:15,687 - INFO - This is log message number 7156
2025-04-26 00:39:15,687 - INFO - This is log message number 7157
2025-04-26 00:39:15,688 - INFO - This is log message number 7158
2025-04-26 00:39:15,688 - INFO - This is log message number 7159
2025-04-26 00:39:15,688 - INFO - This is log message number 7160
2025-04-26 00:39:15,689 - INFO - This is log message number 7161
2025-04-26 00:39:15,689 - INFO - This is log message number 7162
2025-04-26 00:39:15,689 - INFO - This is log message number 7163
2025-04-26 00:39:15,689 - INFO - This is log message number 7164
2025-04-26 00:39:15,689 - INFO - This is log message number 7165
2025-04-26 00:39:15,689 - INFO - This is log message number 7166
2025-04-26 00:39:15,689 - INFO - This is log message number 7167
2025-04-26 00:39:15,690 - INFO - This is log message number 7168
2025-04-26 00:39:15,690 - INFO - This is log message number 7169
2025-04-26 00:39:15,690 - INFO - This is log message number 7170
2025-04-26 00:39:15,690 - INFO - This is log message number 7171
2025-04-26 00:39:15,691 - INFO - This is log message number 7172
2025-04-26 00:39:15,691 - INFO - This is log message number 7173
2025-04-26 00:39:15,691 - INFO - This is log message number 7174
2025-04-26 00:39:15,692 - INFO - This is log message number 7175
2025-04-26 00:39:15,692 - INFO - This is log message number 7176
2025-04-26 00:39:15,692 - INFO - This is log message number 7177
2025-04-26 00:39:15,692 - INFO - This is log message number 7178
2025-04-26 00:39:15,692 - INFO - This is log message number 7179
2025-04-26 00:39:15,693 - INFO - This is log message number 7180
2025-04-26 00:39:15,693 - INFO - This is log message number 7181
2025-04-26 00:39:15,693 - INFO - This is log message number 7182
2025-04-26 00:39:15,693 - INFO - This is log message number 7183
2025-04-26 00:39:15,693 - INFO - This is log message number 7184
2025-04-26 00:39:15,693 - INFO - This is log message number 7185
2025-04-26 00:39:15,694 - INFO - This is log message number 7186
2025-04-26 00:39:15,694 - INFO - This is log message number 7187
2025-04-26 00:39:15,694 - INFO - This is log message number 7188
2025-04-26 00:39:15,694 - INFO - This is log message number 7189
2025-04-26 00:39:15,694 - INFO - This is log message number 7190
2025-04-26 00:39:15,695 - INFO - This is log message number 7191
2025-04-26 00:39:15,695 - INFO - This is log message number 7192
2025-04-26 00:39:15,695 - INFO - This is log message number 7193
2025-04-26 00:39:15,695 - INFO - This is log message number 7194
2025-04-26 00:39:15,695 - INFO - This is log message number 7195
2025-04-26 00:39:15,696 - INFO - This is log message number 7196
2025-04-26 00:39:15,696 - INFO - This is log message number 7197
2025-04-26 00:39:15,696 - INFO - This is log message number 7198
2025-04-26 00:39:15,696 - INFO - This is log message number 7199
2025-04-26 00:39:15,696 - INFO - This is log message number 7200
2025-04-26 00:39:15,696 - INFO - This is log message number 7201
2025-04-26 00:39:15,697 - INFO - This is log message number 7202
2025-04-26 00:39:15,697 - INFO - This is log message number 7203
2025-04-26 00:39:15,697 - INFO - This is log message number 7204
2025-04-26 00:39:15,697 - INFO - This is log message number 7205
2025-04-26 00:39:15,697 - INFO - This is log message number 7206
2025-04-26 00:39:15,697 - INFO - This is log message number 7207
2025-04-26 00:39:15,698 - INFO - This is log message number 7208
2025-04-26 00:39:15,698 - INFO - This is log message number 7209
2025-04-26 00:39:15,698 - INFO - This is log message number 7210
2025-04-26 00:39:15,698 - INFO - This is log message number 7211
2025-04-26 00:39:15,698 - INFO - This is log message number 7212
2025-04-26 00:39:15,698 - INFO - This is log message number 7213
2025-04-26 00:39:15,698 - INFO - This is log message number 7214
2025-04-26 00:39:15,698 - INFO - This is log message number 7215
2025-04-26 00:39:15,700 - INFO - This is log message number 7216
2025-04-26 00:39:15,700 - INFO - This is log message number 7217
2025-04-26 00:39:15,700 - INFO - This is log message number 7218
2025-04-26 00:39:15,700 - INFO - This is log message number 7219
2025-04-26 00:39:15,700 - INFO - This is log message number 7220
2025-04-26 00:39:15,701 - INFO - This is log message number 7221
2025-04-26 00:39:15,701 - INFO - This is log message number 7222
2025-04-26 00:39:15,701 - INFO - This is log message number 7223
2025-04-26 00:39:15,701 - INFO - This is log message number 7224
2025-04-26 00:39:15,701 - INFO - This is log message number 7225
2025-04-26 00:39:15,702 - INFO - This is log message number 7226
2025-04-26 00:39:15,702 - INFO - This is log message number 7227
2025-04-26 00:39:15,702 - INFO - This is log message number 7228
2025-04-26 00:39:15,702 - INFO - This is log message number 7229
2025-04-26 00:39:15,702 - INFO - This is log message number 7230
2025-04-26 00:39:15,703 - INFO - This is log message number 7231
2025-04-26 00:39:15,703 - INFO - This is log message number 7232
2025-04-26 00:39:15,703 - INFO - This is log message number 7233
2025-04-26 00:39:15,703 - INFO - This is log message number 7234
2025-04-26 00:39:15,704 - INFO - This is log message number 7235
2025-04-26 00:39:15,704 - INFO - This is log message number 7236
2025-04-26 00:39:15,704 - INFO - This is log message number 7237
2025-04-26 00:39:15,704 - INFO - This is log message number 7238
2025-04-26 00:39:15,704 - INFO - This is log message number 7239
2025-04-26 00:39:15,705 - INFO - This is log message number 7240
2025-04-26 00:39:15,705 - INFO - This is log message number 7241
2025-04-26 00:39:15,705 - INFO - This is log message number 7242
2025-04-26 00:39:15,705 - INFO - This is log message number 7243
2025-04-26 00:39:15,705 - INFO - This is log message number 7244
2025-04-26 00:39:15,706 - INFO - This is log message number 7245
2025-04-26 00:39:15,706 - INFO - This is log message number 7246
2025-04-26 00:39:15,706 - INFO - This is log message number 7247
2025-04-26 00:39:15,706 - INFO - This is log message number 7248
2025-04-26 00:39:15,706 - INFO - This is log message number 7249
2025-04-26 00:39:15,707 - INFO - This is log message number 7250
2025-04-26 00:39:15,707 - INFO - This is log message number 7251
2025-04-26 00:39:15,707 - INFO - This is log message number 7252
2025-04-26 00:39:15,707 - INFO - This is log message number 7253
2025-04-26 00:39:15,707 - INFO - This is log message number 7254
2025-04-26 00:39:15,708 - INFO - This is log message number 7255
2025-04-26 00:39:15,708 - INFO - This is log message number 7256
2025-04-26 00:39:15,708 - INFO - This is log message number 7257
2025-04-26 00:39:15,708 - INFO - This is log message number 7258
2025-04-26 00:39:15,708 - INFO - This is log message number 7259
2025-04-26 00:39:15,708 - INFO - This is log message number 7260
2025-04-26 00:39:15,709 - INFO - This is log message number 7261
2025-04-26 00:39:15,709 - INFO - This is log message number 7262
2025-04-26 00:39:15,709 - INFO - This is log message number 7263
2025-04-26 00:39:15,709 - INFO - This is log message number 7264
2025-04-26 00:39:15,709 - INFO - This is log message number 7265
2025-04-26 00:39:15,709 - INFO - This is log message number 7266
2025-04-26 00:39:15,710 - INFO - This is log message number 7267
2025-04-26 00:39:15,710 - INFO - This is log message number 7268
2025-04-26 00:39:15,710 - INFO - This is log message number 7269
2025-04-26 00:39:15,710 - INFO - This is log message number 7270
2025-04-26 00:39:15,710 - INFO - This is log message number 7271
2025-04-26 00:39:15,710 - INFO - This is log message number 7272
2025-04-26 00:39:15,711 - INFO - This is log message number 7273
2025-04-26 00:39:15,711 - INFO - This is log message number 7274
2025-04-26 00:39:15,711 - INFO - This is log message number 7275
2025-04-26 00:39:15,711 - INFO - This is log message number 7276
2025-04-26 00:39:15,711 - INFO - This is log message number 7277
2025-04-26 00:39:15,712 - INFO - This is log message number 7278
2025-04-26 00:39:15,712 - INFO - This is log message number 7279
2025-04-26 00:39:15,712 - INFO - This is log message number 7280
2025-04-26 00:39:15,712 - INFO - This is log message number 7281
2025-04-26 00:39:15,712 - INFO - This is log message number 7282
2025-04-26 00:39:15,712 - INFO - This is log message number 7283
2025-04-26 00:39:15,713 - INFO - This is log message number 7284
2025-04-26 00:39:15,713 - INFO - This is log message number 7285
2025-04-26 00:39:15,713 - INFO - This is log message number 7286
2025-04-26 00:39:15,713 - INFO - This is log message number 7287
2025-04-26 00:39:15,713 - INFO - This is log message number 7288
2025-04-26 00:39:15,714 - INFO - This is log message number 7289
2025-04-26 00:39:15,714 - INFO - This is log message number 7290
2025-04-26 00:39:15,714 - INFO - This is log message number 7291
2025-04-26 00:39:15,714 - INFO - This is log message number 7292
2025-04-26 00:39:15,714 - INFO - This is log message number 7293
2025-04-26 00:39:15,714 - INFO - This is log message number 7294
2025-04-26 00:39:15,716 - INFO - This is log message number 7295
2025-04-26 00:39:15,716 - INFO - This is log message number 7296
2025-04-26 00:39:15,716 - INFO - This is log message number 7297
2025-04-26 00:39:15,716 - INFO - This is log message number 7298
2025-04-26 00:39:15,716 - INFO - This is log message number 7299
2025-04-26 00:39:15,716 - INFO - This is log message number 7300
2025-04-26 00:39:15,717 - INFO - This is log message number 7301
2025-04-26 00:39:15,717 - INFO - This is log message number 7302
2025-04-26 00:39:15,717 - INFO - This is log message number 7303
2025-04-26 00:39:15,717 - INFO - This is log message number 7304
2025-04-26 00:39:15,717 - INFO - This is log message number 7305
2025-04-26 00:39:15,717 - INFO - This is log message number 7306
2025-04-26 00:39:15,717 - INFO - This is log message number 7307
2025-04-26 00:39:15,718 - INFO - This is log message number 7308
2025-04-26 00:39:15,718 - INFO - This is log message number 7309
2025-04-26 00:39:15,718 - INFO - This is log message number 7310
2025-04-26 00:39:15,718 - INFO - This is log message number 7311
2025-04-26 00:39:15,718 - INFO - This is log message number 7312
2025-04-26 00:39:15,719 - INFO - This is log message number 7313
2025-04-26 00:39:15,719 - INFO - This is log message number 7314
2025-04-26 00:39:15,719 - INFO - This is log message number 7315
2025-04-26 00:39:15,719 - INFO - This is log message number 7316
2025-04-26 00:39:15,719 - INFO - This is log message number 7317
2025-04-26 00:39:15,720 - INFO - This is log message number 7318
2025-04-26 00:39:15,720 - INFO - This is log message number 7319
2025-04-26 00:39:15,720 - INFO - This is log message number 7320
2025-04-26 00:39:15,720 - INFO - This is log message number 7321
2025-04-26 00:39:15,721 - INFO - This is log message number 7322
2025-04-26 00:39:15,721 - INFO - This is log message number 7323
2025-04-26 00:39:15,721 - INFO - This is log message number 7324
2025-04-26 00:39:15,721 - INFO - This is log message number 7325
2025-04-26 00:39:15,721 - INFO - This is log message number 7326
2025-04-26 00:39:15,722 - INFO - This is log message number 7327
2025-04-26 00:39:15,722 - INFO - This is log message number 7328
2025-04-26 00:39:15,722 - INFO - This is log message number 7329
2025-04-26 00:39:15,722 - INFO - This is log message number 7330
2025-04-26 00:39:15,722 - INFO - This is log message number 7331
2025-04-26 00:39:15,723 - INFO - This is log message number 7332
2025-04-26 00:39:15,723 - INFO - This is log message number 7333
2025-04-26 00:39:15,723 - INFO - This is log message number 7334
2025-04-26 00:39:15,723 - INFO - This is log message number 7335
2025-04-26 00:39:15,723 - INFO - This is log message number 7336
2025-04-26 00:39:15,723 - INFO - This is log message number 7337
2025-04-26 00:39:15,724 - INFO - This is log message number 7338
2025-04-26 00:39:15,724 - INFO - This is log message number 7339
2025-04-26 00:39:15,724 - INFO - This is log message number 7340
2025-04-26 00:39:15,724 - INFO - This is log message number 7341
2025-04-26 00:39:15,724 - INFO - This is log message number 7342
2025-04-26 00:39:15,724 - INFO - This is log message number 7343
2025-04-26 00:39:15,724 - INFO - This is log message number 7344
2025-04-26 00:39:15,725 - INFO - This is log message number 7345
2025-04-26 00:39:15,725 - INFO - This is log message number 7346
2025-04-26 00:39:15,725 - INFO - This is log message number 7347
2025-04-26 00:39:15,725 - INFO - This is log message number 7348
2025-04-26 00:39:15,725 - INFO - This is log message number 7349
2025-04-26 00:39:15,725 - INFO - This is log message number 7350
2025-04-26 00:39:15,726 - INFO - This is log message number 7351
2025-04-26 00:39:15,726 - INFO - This is log message number 7352
2025-04-26 00:39:15,726 - INFO - This is log message number 7353
2025-04-26 00:39:15,726 - INFO - This is log message number 7354
2025-04-26 00:39:15,726 - INFO - This is log message number 7355
2025-04-26 00:39:15,726 - INFO - This is log message number 7356
2025-04-26 00:39:15,726 - INFO - This is log message number 7357
2025-04-26 00:39:15,726 - INFO - This is log message number 7358
2025-04-26 00:39:15,727 - INFO - This is log message number 7359
2025-04-26 00:39:15,727 - INFO - This is log message number 7360
2025-04-26 00:39:15,727 - INFO - This is log message number 7361
2025-04-26 00:39:15,727 - INFO - This is log message number 7362
2025-04-26 00:39:15,727 - INFO - This is log message number 7363
2025-04-26 00:39:15,727 - INFO - This is log message number 7364
2025-04-26 00:39:15,728 - INFO - This is log message number 7365
2025-04-26 00:39:15,728 - INFO - This is log message number 7366
2025-04-26 00:39:15,728 - INFO - This is log message number 7367
2025-04-26 00:39:15,728 - INFO - This is log message number 7368
2025-04-26 00:39:15,728 - INFO - This is log message number 7369
2025-04-26 00:39:15,729 - INFO - This is log message number 7370
2025-04-26 00:39:15,729 - INFO - This is log message number 7371
2025-04-26 00:39:15,729 - INFO - This is log message number 7372
2025-04-26 00:39:15,729 - INFO - This is log message number 7373
2025-04-26 00:39:15,729 - INFO - This is log message number 7374
2025-04-26 00:39:15,729 - INFO - This is log message number 7375
2025-04-26 00:39:15,731 - INFO - This is log message number 7376
2025-04-26 00:39:15,731 - INFO - This is log message number 7377
2025-04-26 00:39:15,731 - INFO - This is log message number 7378
2025-04-26 00:39:15,731 - INFO - This is log message number 7379
2025-04-26 00:39:15,731 - INFO - This is log message number 7380
2025-04-26 00:39:15,731 - INFO - This is log message number 7381
2025-04-26 00:39:15,732 - INFO - This is log message number 7382
2025-04-26 00:39:15,732 - INFO - This is log message number 7383
2025-04-26 00:39:15,732 - INFO - This is log message number 7384
2025-04-26 00:39:15,732 - INFO - This is log message number 7385
2025-04-26 00:39:15,732 - INFO - This is log message number 7386
2025-04-26 00:39:15,732 - INFO - This is log message number 7387
2025-04-26 00:39:15,733 - INFO - This is log message number 7388
2025-04-26 00:39:15,733 - INFO - This is log message number 7389
2025-04-26 00:39:15,733 - INFO - This is log message number 7390
2025-04-26 00:39:15,733 - INFO - This is log message number 7391
2025-04-26 00:39:15,733 - INFO - This is log message number 7392
2025-04-26 00:39:15,734 - INFO - This is log message number 7393
2025-04-26 00:39:15,734 - INFO - This is log message number 7394
2025-04-26 00:39:15,734 - INFO - This is log message number 7395
2025-04-26 00:39:15,734 - INFO - This is log message number 7396
2025-04-26 00:39:15,734 - INFO - This is log message number 7397
2025-04-26 00:39:15,734 - INFO - This is log message number 7398
2025-04-26 00:39:15,734 - INFO - This is log message number 7399
2025-04-26 00:39:15,735 - INFO - This is log message number 7400
2025-04-26 00:39:15,735 - INFO - This is log message number 7401
2025-04-26 00:39:15,735 - INFO - This is log message number 7402
2025-04-26 00:39:15,735 - INFO - This is log message number 7403
2025-04-26 00:39:15,735 - INFO - This is log message number 7404
2025-04-26 00:39:15,736 - INFO - This is log message number 7405
2025-04-26 00:39:15,736 - INFO - This is log message number 7406
2025-04-26 00:39:15,736 - INFO - This is log message number 7407
2025-04-26 00:39:15,737 - INFO - This is log message number 7408
2025-04-26 00:39:15,737 - INFO - This is log message number 7409
2025-04-26 00:39:15,737 - INFO - This is log message number 7410
2025-04-26 00:39:15,737 - INFO - This is log message number 7411
2025-04-26 00:39:15,738 - INFO - This is log message number 7412
2025-04-26 00:39:15,738 - INFO - This is log message number 7413
2025-04-26 00:39:15,738 - INFO - This is log message number 7414
2025-04-26 00:39:15,738 - INFO - This is log message number 7415
2025-04-26 00:39:15,738 - INFO - This is log message number 7416
2025-04-26 00:39:15,738 - INFO - This is log message number 7417
2025-04-26 00:39:15,739 - INFO - This is log message number 7418
2025-04-26 00:39:15,739 - INFO - This is log message number 7419
2025-04-26 00:39:15,739 - INFO - This is log message number 7420
2025-04-26 00:39:15,739 - INFO - This is log message number 7421
2025-04-26 00:39:15,739 - INFO - This is log message number 7422
2025-04-26 00:39:15,740 - INFO - This is log message number 7423
2025-04-26 00:39:15,740 - INFO - This is log message number 7424
2025-04-26 00:39:15,740 - INFO - This is log message number 7425
2025-04-26 00:39:15,740 - INFO - This is log message number 7426
2025-04-26 00:39:15,740 - INFO - This is log message number 7427
2025-04-26 00:39:15,740 - INFO - This is log message number 7428
2025-04-26 00:39:15,741 - INFO - This is log message number 7429
2025-04-26 00:39:15,741 - INFO - This is log message number 7430
2025-04-26 00:39:15,741 - INFO - This is log message number 7431
2025-04-26 00:39:15,741 - INFO - This is log message number 7432
2025-04-26 00:39:15,741 - INFO - This is log message number 7433
2025-04-26 00:39:15,741 - INFO - This is log message number 7434
2025-04-26 00:39:15,742 - INFO - This is log message number 7435
2025-04-26 00:39:15,742 - INFO - This is log message number 7436
2025-04-26 00:39:15,742 - INFO - This is log message number 7437
2025-04-26 00:39:15,742 - INFO - This is log message number 7438
2025-04-26 00:39:15,742 - INFO - This is log message number 7439
2025-04-26 00:39:15,743 - INFO - This is log message number 7440
2025-04-26 00:39:15,743 - INFO - This is log message number 7441
2025-04-26 00:39:15,743 - INFO - This is log message number 7442
2025-04-26 00:39:15,743 - INFO - This is log message number 7443
2025-04-26 00:39:15,743 - INFO - This is log message number 7444
2025-04-26 00:39:15,743 - INFO - This is log message number 7445
2025-04-26 00:39:15,744 - INFO - This is log message number 7446
2025-04-26 00:39:15,744 - INFO - This is log message number 7447
2025-04-26 00:39:15,744 - INFO - This is log message number 7448
2025-04-26 00:39:15,744 - INFO - This is log message number 7449
2025-04-26 00:39:15,744 - INFO - This is log message number 7450
2025-04-26 00:39:15,744 - INFO - This is log message number 7451
2025-04-26 00:39:15,745 - INFO - This is log message number 7452
2025-04-26 00:39:15,745 - INFO - This is log message number 7453
2025-04-26 00:39:15,745 - INFO - This is log message number 7454
2025-04-26 00:39:15,745 - INFO - This is log message number 7455
2025-04-26 00:39:15,745 - INFO - This is log message number 7456
2025-04-26 00:39:15,745 - INFO - This is log message number 7457
2025-04-26 00:39:15,746 - INFO - This is log message number 7458
2025-04-26 00:39:15,746 - INFO - This is log message number 7459
2025-04-26 00:39:15,746 - INFO - This is log message number 7460
2025-04-26 00:39:15,746 - INFO - This is log message number 7461
2025-04-26 00:39:15,746 - INFO - This is log message number 7462
2025-04-26 00:39:15,747 - INFO - This is log message number 7463
2025-04-26 00:39:15,747 - INFO - This is log message number 7464
2025-04-26 00:39:15,747 - INFO - This is log message number 7465
2025-04-26 00:39:15,747 - INFO - This is log message number 7466
2025-04-26 00:39:15,747 - INFO - This is log message number 7467
2025-04-26 00:39:15,747 - INFO - This is log message number 7468
2025-04-26 00:39:15,747 - INFO - This is log message number 7469
2025-04-26 00:39:15,749 - INFO - This is log message number 7470
2025-04-26 00:39:15,749 - INFO - This is log message number 7471
2025-04-26 00:39:15,749 - INFO - This is log message number 7472
2025-04-26 00:39:15,749 - INFO - This is log message number 7473
2025-04-26 00:39:15,749 - INFO - This is log message number 7474
2025-04-26 00:39:15,749 - INFO - This is log message number 7475
2025-04-26 00:39:15,750 - INFO - This is log message number 7476
2025-04-26 00:39:15,750 - INFO - This is log message number 7477
2025-04-26 00:39:15,750 - INFO - This is log message number 7478
2025-04-26 00:39:15,750 - INFO - This is log message number 7479
2025-04-26 00:39:15,750 - INFO - This is log message number 7480
2025-04-26 00:39:15,750 - INFO - This is log message number 7481
2025-04-26 00:39:15,751 - INFO - This is log message number 7482
2025-04-26 00:39:15,751 - INFO - This is log message number 7483
2025-04-26 00:39:15,751 - INFO - This is log message number 7484
2025-04-26 00:39:15,751 - INFO - This is log message number 7485
2025-04-26 00:39:15,751 - INFO - This is log message number 7486
2025-04-26 00:39:15,752 - INFO - This is log message number 7487
2025-04-26 00:39:15,752 - INFO - This is log message number 7488
2025-04-26 00:39:15,752 - INFO - This is log message number 7489
2025-04-26 00:39:15,752 - INFO - This is log message number 7490
2025-04-26 00:39:15,752 - INFO - This is log message number 7491
2025-04-26 00:39:15,753 - INFO - This is log message number 7492
2025-04-26 00:39:15,753 - INFO - This is log message number 7493
2025-04-26 00:39:15,753 - INFO - This is log message number 7494
2025-04-26 00:39:15,754 - INFO - This is log message number 7495
2025-04-26 00:39:15,754 - INFO - This is log message number 7496
2025-04-26 00:39:15,754 - INFO - This is log message number 7497
2025-04-26 00:39:15,754 - INFO - This is log message number 7498
2025-04-26 00:39:15,755 - INFO - This is log message number 7499
2025-04-26 00:39:15,755 - INFO - This is log message number 7500
2025-04-26 00:39:15,755 - INFO - This is log message number 7501
2025-04-26 00:39:15,755 - INFO - This is log message number 7502
2025-04-26 00:39:15,755 - INFO - This is log message number 7503
2025-04-26 00:39:15,756 - INFO - This is log message number 7504
2025-04-26 00:39:15,756 - INFO - This is log message number 7505
2025-04-26 00:39:15,756 - INFO - This is log message number 7506
2025-04-26 00:39:15,756 - INFO - This is log message number 7507
2025-04-26 00:39:15,756 - INFO - This is log message number 7508
2025-04-26 00:39:15,757 - INFO - This is log message number 7509
2025-04-26 00:39:15,757 - INFO - This is log message number 7510
2025-04-26 00:39:15,757 - INFO - This is log message number 7511
2025-04-26 00:39:15,757 - INFO - This is log message number 7512
2025-04-26 00:39:15,757 - INFO - This is log message number 7513
2025-04-26 00:39:15,757 - INFO - This is log message number 7514
2025-04-26 00:39:15,758 - INFO - This is log message number 7515
2025-04-26 00:39:15,758 - INFO - This is log message number 7516
2025-04-26 00:39:15,758 - INFO - This is log message number 7517
2025-04-26 00:39:15,758 - INFO - This is log message number 7518
2025-04-26 00:39:15,758 - INFO - This is log message number 7519
2025-04-26 00:39:15,758 - INFO - This is log message number 7520
2025-04-26 00:39:15,759 - INFO - This is log message number 7521
2025-04-26 00:39:15,759 - INFO - This is log message number 7522
2025-04-26 00:39:15,759 - INFO - This is log message number 7523
2025-04-26 00:39:15,759 - INFO - This is log message number 7524
2025-04-26 00:39:15,759 - INFO - This is log message number 7525
2025-04-26 00:39:15,760 - INFO - This is log message number 7526
2025-04-26 00:39:15,760 - INFO - This is log message number 7527
2025-04-26 00:39:15,760 - INFO - This is log message number 7528
2025-04-26 00:39:15,760 - INFO - This is log message number 7529
2025-04-26 00:39:15,760 - INFO - This is log message number 7530
2025-04-26 00:39:15,760 - INFO - This is log message number 7531
2025-04-26 00:39:15,760 - INFO - This is log message number 7532
2025-04-26 00:39:15,761 - INFO - This is log message number 7533
2025-04-26 00:39:15,761 - INFO - This is log message number 7534
2025-04-26 00:39:15,761 - INFO - This is log message number 7535
2025-04-26 00:39:15,761 - INFO - This is log message number 7536
2025-04-26 00:39:15,761 - INFO - This is log message number 7537
2025-04-26 00:39:15,761 - INFO - This is log message number 7538
2025-04-26 00:39:15,762 - INFO - This is log message number 7539
2025-04-26 00:39:15,762 - INFO - This is log message number 7540
2025-04-26 00:39:15,762 - INFO - This is log message number 7541
2025-04-26 00:39:15,762 - INFO - This is log message number 7542
2025-04-26 00:39:15,762 - INFO - This is log message number 7543
2025-04-26 00:39:15,762 - INFO - This is log message number 7544
2025-04-26 00:39:15,763 - INFO - This is log message number 7545
2025-04-26 00:39:15,763 - INFO - This is log message number 7546
2025-04-26 00:39:15,763 - INFO - This is log message number 7547
2025-04-26 00:39:15,763 - INFO - This is log message number 7548
2025-04-26 00:39:15,763 - INFO - This is log message number 7549
2025-04-26 00:39:15,763 - INFO - This is log message number 7550
2025-04-26 00:39:15,763 - INFO - This is log message number 7551
2025-04-26 00:39:15,765 - INFO - This is log message number 7552
2025-04-26 00:39:15,765 - INFO - This is log message number 7553
2025-04-26 00:39:15,765 - INFO - This is log message number 7554
2025-04-26 00:39:15,765 - INFO - This is log message number 7555
2025-04-26 00:39:15,765 - INFO - This is log message number 7556
2025-04-26 00:39:15,766 - INFO - This is log message number 7557
2025-04-26 00:39:15,766 - INFO - This is log message number 7558
2025-04-26 00:39:15,766 - INFO - This is log message number 7559
2025-04-26 00:39:15,766 - INFO - This is log message number 7560
2025-04-26 00:39:15,766 - INFO - This is log message number 7561
2025-04-26 00:39:15,766 - INFO - This is log message number 7562
2025-04-26 00:39:15,767 - INFO - This is log message number 7563
2025-04-26 00:39:15,767 - INFO - This is log message number 7564
2025-04-26 00:39:15,767 - INFO - This is log message number 7565
2025-04-26 00:39:15,767 - INFO - This is log message number 7566
2025-04-26 00:39:15,767 - INFO - This is log message number 7567
2025-04-26 00:39:15,767 - INFO - This is log message number 7568
2025-04-26 00:39:15,768 - INFO - This is log message number 7569
2025-04-26 00:39:15,768 - INFO - This is log message number 7570
2025-04-26 00:39:15,768 - INFO - This is log message number 7571
2025-04-26 00:39:15,768 - INFO - This is log message number 7572
2025-04-26 00:39:15,768 - INFO - This is log message number 7573
2025-04-26 00:39:15,768 - INFO - This is log message number 7574
2025-04-26 00:39:15,769 - INFO - This is log message number 7575
2025-04-26 00:39:15,769 - INFO - This is log message number 7576
2025-04-26 00:39:15,769 - INFO - This is log message number 7577
2025-04-26 00:39:15,769 - INFO - This is log message number 7578
2025-04-26 00:39:15,770 - INFO - This is log message number 7579
2025-04-26 00:39:15,770 - INFO - This is log message number 7580
2025-04-26 00:39:15,770 - INFO - This is log message number 7581
2025-04-26 00:39:15,770 - INFO - This is log message number 7582
2025-04-26 00:39:15,770 - INFO - This is log message number 7583
2025-04-26 00:39:15,771 - INFO - This is log message number 7584
2025-04-26 00:39:15,771 - INFO - This is log message number 7585
2025-04-26 00:39:15,771 - INFO - This is log message number 7586
2025-04-26 00:39:15,771 - INFO - This is log message number 7587
2025-04-26 00:39:15,772 - INFO - This is log message number 7588
2025-04-26 00:39:15,772 - INFO - This is log message number 7589
2025-04-26 00:39:15,772 - INFO - This is log message number 7590
2025-04-26 00:39:15,772 - INFO - This is log message number 7591
2025-04-26 00:39:15,772 - INFO - This is log message number 7592
2025-04-26 00:39:15,772 - INFO - This is log message number 7593
2025-04-26 00:39:15,773 - INFO - This is log message number 7594
2025-04-26 00:39:15,773 - INFO - This is log message number 7595
2025-04-26 00:39:15,773 - INFO - This is log message number 7596
2025-04-26 00:39:15,773 - INFO - This is log message number 7597
2025-04-26 00:39:15,773 - INFO - This is log message number 7598
2025-04-26 00:39:15,773 - INFO - This is log message number 7599
2025-04-26 00:39:15,774 - INFO - This is log message number 7600
2025-04-26 00:39:15,774 - INFO - This is log message number 7601
2025-04-26 00:39:15,774 - INFO - This is log message number 7602
2025-04-26 00:39:15,774 - INFO - This is log message number 7603
2025-04-26 00:39:15,775 - INFO - This is log message number 7604
2025-04-26 00:39:15,775 - INFO - This is log message number 7605
2025-04-26 00:39:15,775 - INFO - This is log message number 7606
2025-04-26 00:39:15,775 - INFO - This is log message number 7607
2025-04-26 00:39:15,775 - INFO - This is log message number 7608
2025-04-26 00:39:15,775 - INFO - This is log message number 7609
2025-04-26 00:39:15,775 - INFO - This is log message number 7610
2025-04-26 00:39:15,776 - INFO - This is log message number 7611
2025-04-26 00:39:15,776 - INFO - This is log message number 7612
2025-04-26 00:39:15,776 - INFO - This is log message number 7613
2025-04-26 00:39:15,776 - INFO - This is log message number 7614
2025-04-26 00:39:15,776 - INFO - This is log message number 7615
2025-04-26 00:39:15,776 - INFO - This is log message number 7616
2025-04-26 00:39:15,777 - INFO - This is log message number 7617
2025-04-26 00:39:15,777 - INFO - This is log message number 7618
2025-04-26 00:39:15,777 - INFO - This is log message number 7619
2025-04-26 00:39:15,777 - INFO - This is log message number 7620
2025-04-26 00:39:15,777 - INFO - This is log message number 7621
2025-04-26 00:39:15,778 - INFO - This is log message number 7622
2025-04-26 00:39:15,778 - INFO - This is log message number 7623
2025-04-26 00:39:15,778 - INFO - This is log message number 7624
2025-04-26 00:39:15,778 - INFO - This is log message number 7625
2025-04-26 00:39:15,778 - INFO - This is log message number 7626
2025-04-26 00:39:15,779 - INFO - This is log message number 7627
2025-04-26 00:39:15,779 - INFO - This is log message number 7628
2025-04-26 00:39:15,779 - INFO - This is log message number 7629
2025-04-26 00:39:15,779 - INFO - This is log message number 7630
2025-04-26 00:39:15,780 - INFO - This is log message number 7631
2025-04-26 00:39:15,780 - INFO - This is log message number 7632
2025-04-26 00:39:15,780 - INFO - This is log message number 7633
2025-04-26 00:39:15,780 - INFO - This is log message number 7634
2025-04-26 00:39:15,780 - INFO - This is log message number 7635
2025-04-26 00:39:15,780 - INFO - This is log message number 7636
2025-04-26 00:39:15,780 - INFO - This is log message number 7637
2025-04-26 00:39:15,782 - INFO - This is log message number 7638
2025-04-26 00:39:15,782 - INFO - This is log message number 7639
2025-04-26 00:39:15,782 - INFO - This is log message number 7640
2025-04-26 00:39:15,782 - INFO - This is log message number 7641
2025-04-26 00:39:15,782 - INFO - This is log message number 7642
2025-04-26 00:39:15,783 - INFO - This is log message number 7643
2025-04-26 00:39:15,783 - INFO - This is log message number 7644
2025-04-26 00:39:15,783 - INFO - This is log message number 7645
2025-04-26 00:39:15,783 - INFO - This is log message number 7646
2025-04-26 00:39:15,783 - INFO - This is log message number 7647
2025-04-26 00:39:15,783 - INFO - This is log message number 7648
2025-04-26 00:39:15,784 - INFO - This is log message number 7649
2025-04-26 00:39:15,784 - INFO - This is log message number 7650
2025-04-26 00:39:15,784 - INFO - This is log message number 7651
2025-04-26 00:39:15,784 - INFO - This is log message number 7652
2025-04-26 00:39:15,784 - INFO - This is log message number 7653
2025-04-26 00:39:15,784 - INFO - This is log message number 7654
2025-04-26 00:39:15,785 - INFO - This is log message number 7655
2025-04-26 00:39:15,785 - INFO - This is log message number 7656
2025-04-26 00:39:15,785 - INFO - This is log message number 7657
2025-04-26 00:39:15,785 - INFO - This is log message number 7658
2025-04-26 00:39:15,785 - INFO - This is log message number 7659
2025-04-26 00:39:15,785 - INFO - This is log message number 7660
2025-04-26 00:39:15,786 - INFO - This is log message number 7661
2025-04-26 00:39:15,787 - INFO - This is log message number 7662
2025-04-26 00:39:15,787 - INFO - This is log message number 7663
2025-04-26 00:39:15,787 - INFO - This is log message number 7664
2025-04-26 00:39:15,788 - INFO - This is log message number 7665
2025-04-26 00:39:15,788 - INFO - This is log message number 7666
2025-04-26 00:39:15,788 - INFO - This is log message number 7667
2025-04-26 00:39:15,788 - INFO - This is log message number 7668
2025-04-26 00:39:15,788 - INFO - This is log message number 7669
2025-04-26 00:39:15,789 - INFO - This is log message number 7670
2025-04-26 00:39:15,789 - INFO - This is log message number 7671
2025-04-26 00:39:15,789 - INFO - This is log message number 7672
2025-04-26 00:39:15,789 - INFO - This is log message number 7673
2025-04-26 00:39:15,789 - INFO - This is log message number 7674
2025-04-26 00:39:15,790 - INFO - This is log message number 7675
2025-04-26 00:39:15,790 - INFO - This is log message number 7676
2025-04-26 00:39:15,790 - INFO - This is log message number 7677
2025-04-26 00:39:15,790 - INFO - This is log message number 7678
2025-04-26 00:39:15,790 - INFO - This is log message number 7679
2025-04-26 00:39:15,790 - INFO - This is log message number 7680
2025-04-26 00:39:15,791 - INFO - This is log message number 7681
2025-04-26 00:39:15,791 - INFO - This is log message number 7682
2025-04-26 00:39:15,791 - INFO - This is log message number 7683
2025-04-26 00:39:15,791 - INFO - This is log message number 7684
2025-04-26 00:39:15,791 - INFO - This is log message number 7685
2025-04-26 00:39:15,791 - INFO - This is log message number 7686
2025-04-26 00:39:15,793 - INFO - This is log message number 7687
2025-04-26 00:39:15,793 - INFO - This is log message number 7688
2025-04-26 00:39:15,793 - INFO - This is log message number 7689
2025-04-26 00:39:15,793 - INFO - This is log message number 7690
2025-04-26 00:39:15,793 - INFO - This is log message number 7691
2025-04-26 00:39:15,793 - INFO - This is log message number 7692
2025-04-26 00:39:15,793 - INFO - This is log message number 7693
2025-04-26 00:39:15,794 - INFO - This is log message number 7694
2025-04-26 00:39:15,794 - INFO - This is log message number 7695
2025-04-26 00:39:15,794 - INFO - This is log message number 7696
2025-04-26 00:39:15,794 - INFO - This is log message number 7697
2025-04-26 00:39:15,794 - INFO - This is log message number 7698
2025-04-26 00:39:15,795 - INFO - This is log message number 7699
2025-04-26 00:39:15,795 - INFO - This is log message number 7700
2025-04-26 00:39:15,795 - INFO - This is log message number 7701
2025-04-26 00:39:15,795 - INFO - This is log message number 7702
2025-04-26 00:39:15,795 - INFO - This is log message number 7703
2025-04-26 00:39:15,796 - INFO - This is log message number 7704
2025-04-26 00:39:15,796 - INFO - This is log message number 7705
2025-04-26 00:39:15,796 - INFO - This is log message number 7706
2025-04-26 00:39:15,796 - INFO - This is log message number 7707
2025-04-26 00:39:15,796 - INFO - This is log message number 7708
2025-04-26 00:39:15,796 - INFO - This is log message number 7709
2025-04-26 00:39:15,797 - INFO - This is log message number 7710
2025-04-26 00:39:15,797 - INFO - This is log message number 7711
2025-04-26 00:39:15,797 - INFO - This is log message number 7712
2025-04-26 00:39:15,797 - INFO - This is log message number 7713
2025-04-26 00:39:15,797 - INFO - This is log message number 7714
2025-04-26 00:39:15,797 - INFO - This is log message number 7715
2025-04-26 00:39:15,798 - INFO - This is log message number 7716
2025-04-26 00:39:15,798 - INFO - This is log message number 7717
2025-04-26 00:39:15,798 - INFO - This is log message number 7718
2025-04-26 00:39:15,798 - INFO - This is log message number 7719
2025-04-26 00:39:15,798 - INFO - This is log message number 7720
2025-04-26 00:39:15,799 - INFO - This is log message number 7721
2025-04-26 00:39:15,799 - INFO - This is log message number 7722
2025-04-26 00:39:15,799 - INFO - This is log message number 7723
2025-04-26 00:39:15,799 - INFO - This is log message number 7724
2025-04-26 00:39:15,799 - INFO - This is log message number 7725
2025-04-26 00:39:15,800 - INFO - This is log message number 7726
2025-04-26 00:39:15,800 - INFO - This is log message number 7727
2025-04-26 00:39:15,800 - INFO - This is log message number 7728
2025-04-26 00:39:15,800 - INFO - This is log message number 7729
2025-04-26 00:39:15,800 - INFO - This is log message number 7730
2025-04-26 00:39:15,800 - INFO - This is log message number 7731
2025-04-26 00:39:15,801 - INFO - This is log message number 7732
2025-04-26 00:39:15,801 - INFO - This is log message number 7733
2025-04-26 00:39:15,801 - INFO - This is log message number 7734
2025-04-26 00:39:15,801 - INFO - This is log message number 7735
2025-04-26 00:39:15,801 - INFO - This is log message number 7736
2025-04-26 00:39:15,801 - INFO - This is log message number 7737
2025-04-26 00:39:15,802 - INFO - This is log message number 7738
2025-04-26 00:39:15,802 - INFO - This is log message number 7739
2025-04-26 00:39:15,802 - INFO - This is log message number 7740
2025-04-26 00:39:15,803 - INFO - This is log message number 7741
2025-04-26 00:39:15,803 - INFO - This is log message number 7742
2025-04-26 00:39:15,803 - INFO - This is log message number 7743
2025-04-26 00:39:15,803 - INFO - This is log message number 7744
2025-04-26 00:39:15,804 - INFO - This is log message number 7745
2025-04-26 00:39:15,804 - INFO - This is log message number 7746
2025-04-26 00:39:15,804 - INFO - This is log message number 7747
2025-04-26 00:39:15,804 - INFO - This is log message number 7748
2025-04-26 00:39:15,804 - INFO - This is log message number 7749
2025-04-26 00:39:15,806 - INFO - This is log message number 7750
2025-04-26 00:39:15,806 - INFO - This is log message number 7751
2025-04-26 00:39:15,806 - INFO - This is log message number 7752
2025-04-26 00:39:15,806 - INFO - This is log message number 7753
2025-04-26 00:39:15,806 - INFO - This is log message number 7754
2025-04-26 00:39:15,807 - INFO - This is log message number 7755
2025-04-26 00:39:15,807 - INFO - This is log message number 7756
2025-04-26 00:39:15,807 - INFO - This is log message number 7757
2025-04-26 00:39:15,807 - INFO - This is log message number 7758
2025-04-26 00:39:15,807 - INFO - This is log message number 7759
2025-04-26 00:39:15,807 - INFO - This is log message number 7760
2025-04-26 00:39:15,807 - INFO - This is log message number 7761
2025-04-26 00:39:15,808 - INFO - This is log message number 7762
2025-04-26 00:39:15,808 - INFO - This is log message number 7763
2025-04-26 00:39:15,808 - INFO - This is log message number 7764
2025-04-26 00:39:15,808 - INFO - This is log message number 7765
2025-04-26 00:39:15,808 - INFO - This is log message number 7766
2025-04-26 00:39:15,808 - INFO - This is log message number 7767
2025-04-26 00:39:15,809 - INFO - This is log message number 7768
2025-04-26 00:39:15,809 - INFO - This is log message number 7769
2025-04-26 00:39:15,809 - INFO - This is log message number 7770
2025-04-26 00:39:15,809 - INFO - This is log message number 7771
2025-04-26 00:39:15,809 - INFO - This is log message number 7772
2025-04-26 00:39:15,810 - INFO - This is log message number 7773
2025-04-26 00:39:15,810 - INFO - This is log message number 7774
2025-04-26 00:39:15,810 - INFO - This is log message number 7775
2025-04-26 00:39:15,810 - INFO - This is log message number 7776
2025-04-26 00:39:15,810 - INFO - This is log message number 7777
2025-04-26 00:39:15,811 - INFO - This is log message number 7778
2025-04-26 00:39:15,811 - INFO - This is log message number 7779
2025-04-26 00:39:15,811 - INFO - This is log message number 7780
2025-04-26 00:39:15,811 - INFO - This is log message number 7781
2025-04-26 00:39:15,811 - INFO - This is log message number 7782
2025-04-26 00:39:15,811 - INFO - This is log message number 7783
2025-04-26 00:39:15,811 - INFO - This is log message number 7784
2025-04-26 00:39:15,812 - INFO - This is log message number 7785
2025-04-26 00:39:15,812 - INFO - This is log message number 7786
2025-04-26 00:39:15,812 - INFO - This is log message number 7787
2025-04-26 00:39:15,812 - INFO - This is log message number 7788
2025-04-26 00:39:15,812 - INFO - This is log message number 7789
2025-04-26 00:39:15,813 - INFO - This is log message number 7790
2025-04-26 00:39:15,813 - INFO - This is log message number 7791
2025-04-26 00:39:15,813 - INFO - This is log message number 7792
2025-04-26 00:39:15,813 - INFO - This is log message number 7793
2025-04-26 00:39:15,813 - INFO - This is log message number 7794
2025-04-26 00:39:15,815 - INFO - This is log message number 7795
2025-04-26 00:39:15,815 - INFO - This is log message number 7796
2025-04-26 00:39:15,815 - INFO - This is log message number 7797
2025-04-26 00:39:15,815 - INFO - This is log message number 7798
2025-04-26 00:39:15,815 - INFO - This is log message number 7799
2025-04-26 00:39:15,816 - INFO - This is log message number 7800
2025-04-26 00:39:15,816 - INFO - This is log message number 7801
2025-04-26 00:39:15,816 - INFO - This is log message number 7802
2025-04-26 00:39:15,816 - INFO - This is log message number 7803
2025-04-26 00:39:15,816 - INFO - This is log message number 7804
2025-04-26 00:39:15,816 - INFO - This is log message number 7805
2025-04-26 00:39:15,816 - INFO - This is log message number 7806
2025-04-26 00:39:15,817 - INFO - This is log message number 7807
2025-04-26 00:39:15,817 - INFO - This is log message number 7808
2025-04-26 00:39:15,817 - INFO - This is log message number 7809
2025-04-26 00:39:15,817 - INFO - This is log message number 7810
2025-04-26 00:39:15,817 - INFO - This is log message number 7811
2025-04-26 00:39:15,817 - INFO - This is log message number 7812
2025-04-26 00:39:15,818 - INFO - This is log message number 7813
2025-04-26 00:39:15,818 - INFO - This is log message number 7814
2025-04-26 00:39:15,818 - INFO - This is log message number 7815
2025-04-26 00:39:15,818 - INFO - This is log message number 7816
2025-04-26 00:39:15,818 - INFO - This is log message number 7817
2025-04-26 00:39:15,818 - INFO - This is log message number 7818
2025-04-26 00:39:15,818 - INFO - This is log message number 7819
2025-04-26 00:39:15,819 - INFO - This is log message number 7820
2025-04-26 00:39:15,819 - INFO - This is log message number 7821
2025-04-26 00:39:15,819 - INFO - This is log message number 7822
2025-04-26 00:39:15,820 - INFO - This is log message number 7823
2025-04-26 00:39:15,820 - INFO - This is log message number 7824
2025-04-26 00:39:15,820 - INFO - This is log message number 7825
2025-04-26 00:39:15,820 - INFO - This is log message number 7826
2025-04-26 00:39:15,820 - INFO - This is log message number 7827
2025-04-26 00:39:15,821 - INFO - This is log message number 7828
2025-04-26 00:39:15,821 - INFO - This is log message number 7829
2025-04-26 00:39:15,821 - INFO - This is log message number 7830
2025-04-26 00:39:15,822 - INFO - This is log message number 7831
2025-04-26 00:39:15,822 - INFO - This is log message number 7832
2025-04-26 00:39:15,822 - INFO - This is log message number 7833
2025-04-26 00:39:15,822 - INFO - This is log message number 7834
2025-04-26 00:39:15,823 - INFO - This is log message number 7835
2025-04-26 00:39:15,823 - INFO - This is log message number 7836
2025-04-26 00:39:15,823 - INFO - This is log message number 7837
2025-04-26 00:39:15,823 - INFO - This is log message number 7838
2025-04-26 00:39:15,823 - INFO - This is log message number 7839
2025-04-26 00:39:15,824 - INFO - This is log message number 7840
2025-04-26 00:39:15,824 - INFO - This is log message number 7841
2025-04-26 00:39:15,824 - INFO - This is log message number 7842
2025-04-26 00:39:15,824 - INFO - This is log message number 7843
2025-04-26 00:39:15,824 - INFO - This is log message number 7844
2025-04-26 00:39:15,825 - INFO - This is log message number 7845
2025-04-26 00:39:15,825 - INFO - This is log message number 7846
2025-04-26 00:39:15,825 - INFO - This is log message number 7847
2025-04-26 00:39:15,825 - INFO - This is log message number 7848
2025-04-26 00:39:15,825 - INFO - This is log message number 7849
2025-04-26 00:39:15,825 - INFO - This is log message number 7850
2025-04-26 00:39:15,827 - INFO - This is log message number 7851
2025-04-26 00:39:15,827 - INFO - This is log message number 7852
2025-04-26 00:39:15,827 - INFO - This is log message number 7853
2025-04-26 00:39:15,827 - INFO - This is log message number 7854
2025-04-26 00:39:15,827 - INFO - This is log message number 7855
2025-04-26 00:39:15,827 - INFO - This is log message number 7856
2025-04-26 00:39:15,828 - INFO - This is log message number 7857
2025-04-26 00:39:15,828 - INFO - This is log message number 7858
2025-04-26 00:39:15,828 - INFO - This is log message number 7859
2025-04-26 00:39:15,828 - INFO - This is log message number 7860
2025-04-26 00:39:15,828 - INFO - This is log message number 7861
2025-04-26 00:39:15,828 - INFO - This is log message number 7862
2025-04-26 00:39:15,829 - INFO - This is log message number 7863
2025-04-26 00:39:15,829 - INFO - This is log message number 7864
2025-04-26 00:39:15,829 - INFO - This is log message number 7865
2025-04-26 00:39:15,829 - INFO - This is log message number 7866
2025-04-26 00:39:15,829 - INFO - This is log message number 7867
2025-04-26 00:39:15,830 - INFO - This is log message number 7868
2025-04-26 00:39:15,830 - INFO - This is log message number 7869
2025-04-26 00:39:15,830 - INFO - This is log message number 7870
2025-04-26 00:39:15,830 - INFO - This is log message number 7871
2025-04-26 00:39:15,830 - INFO - This is log message number 7872
2025-04-26 00:39:15,831 - INFO - This is log message number 7873
2025-04-26 00:39:15,831 - INFO - This is log message number 7874
2025-04-26 00:39:15,831 - INFO - This is log message number 7875
2025-04-26 00:39:15,831 - INFO - This is log message number 7876
2025-04-26 00:39:15,831 - INFO - This is log message number 7877
2025-04-26 00:39:15,831 - INFO - This is log message number 7878
2025-04-26 00:39:15,832 - INFO - This is log message number 7879
2025-04-26 00:39:15,832 - INFO - This is log message number 7880
2025-04-26 00:39:15,832 - INFO - This is log message number 7881
2025-04-26 00:39:15,832 - INFO - This is log message number 7882
2025-04-26 00:39:15,832 - INFO - This is log message number 7883
2025-04-26 00:39:15,833 - INFO - This is log message number 7884
2025-04-26 00:39:15,833 - INFO - This is log message number 7885
2025-04-26 00:39:15,833 - INFO - This is log message number 7886
2025-04-26 00:39:15,833 - INFO - This is log message number 7887
2025-04-26 00:39:15,833 - INFO - This is log message number 7888
2025-04-26 00:39:15,833 - INFO - This is log message number 7889
2025-04-26 00:39:15,834 - INFO - This is log message number 7890
2025-04-26 00:39:15,834 - INFO - This is log message number 7891
2025-04-26 00:39:15,834 - INFO - This is log message number 7892
2025-04-26 00:39:15,834 - INFO - This is log message number 7893
2025-04-26 00:39:15,834 - INFO - This is log message number 7894
2025-04-26 00:39:15,835 - INFO - This is log message number 7895
2025-04-26 00:39:15,835 - INFO - This is log message number 7896
2025-04-26 00:39:15,835 - INFO - This is log message number 7897
2025-04-26 00:39:15,835 - INFO - This is log message number 7898
2025-04-26 00:39:15,835 - INFO - This is log message number 7899
2025-04-26 00:39:15,835 - INFO - This is log message number 7900
2025-04-26 00:39:15,836 - INFO - This is log message number 7901
2025-04-26 00:39:15,836 - INFO - This is log message number 7902
2025-04-26 00:39:15,836 - INFO - This is log message number 7903
2025-04-26 00:39:15,836 - INFO - This is log message number 7904
2025-04-26 00:39:15,837 - INFO - This is log message number 7905
2025-04-26 00:39:15,837 - INFO - This is log message number 7906
2025-04-26 00:39:15,837 - INFO - This is log message number 7907
2025-04-26 00:39:15,838 - INFO - This is log message number 7908
2025-04-26 00:39:15,838 - INFO - This is log message number 7909
2025-04-26 00:39:15,838 - INFO - This is log message number 7910
2025-04-26 00:39:15,838 - INFO - This is log message number 7911
2025-04-26 00:39:15,838 - INFO - This is log message number 7912
2025-04-26 00:39:15,839 - INFO - This is log message number 7913
2025-04-26 00:39:15,839 - INFO - This is log message number 7914
2025-04-26 00:39:15,839 - INFO - This is log message number 7915
2025-04-26 00:39:15,839 - INFO - This is log message number 7916
2025-04-26 00:39:15,839 - INFO - This is log message number 7917
2025-04-26 00:39:15,840 - INFO - This is log message number 7918
2025-04-26 00:39:15,840 - INFO - This is log message number 7919
2025-04-26 00:39:15,840 - INFO - This is log message number 7920
2025-04-26 00:39:15,840 - INFO - This is log message number 7921
2025-04-26 00:39:15,841 - INFO - This is log message number 7922
2025-04-26 00:39:15,841 - INFO - This is log message number 7923
2025-04-26 00:39:15,841 - INFO - This is log message number 7924
2025-04-26 00:39:15,841 - INFO - This is log message number 7925
2025-04-26 00:39:15,841 - INFO - This is log message number 7926
2025-04-26 00:39:15,842 - INFO - This is log message number 7927
2025-04-26 00:39:15,842 - INFO - This is log message number 7928
2025-04-26 00:39:15,842 - INFO - This is log message number 7929
2025-04-26 00:39:15,842 - INFO - This is log message number 7930
2025-04-26 00:39:15,842 - INFO - This is log message number 7931
2025-04-26 00:39:15,842 - INFO - This is log message number 7932
2025-04-26 00:39:15,844 - INFO - This is log message number 7933
2025-04-26 00:39:15,844 - INFO - This is log message number 7934
2025-04-26 00:39:15,844 - INFO - This is log message number 7935
2025-04-26 00:39:15,844 - INFO - This is log message number 7936
2025-04-26 00:39:15,844 - INFO - This is log message number 7937
2025-04-26 00:39:15,844 - INFO - This is log message number 7938
2025-04-26 00:39:15,844 - INFO - This is log message number 7939
2025-04-26 00:39:15,844 - INFO - This is log message number 7940
2025-04-26 00:39:15,844 - INFO - This is log message number 7941
2025-04-26 00:39:15,845 - INFO - This is log message number 7942
2025-04-26 00:39:15,845 - INFO - This is log message number 7943
2025-04-26 00:39:15,845 - INFO - This is log message number 7944
2025-04-26 00:39:15,845 - INFO - This is log message number 7945
2025-04-26 00:39:15,845 - INFO - This is log message number 7946
2025-04-26 00:39:15,846 - INFO - This is log message number 7947
2025-04-26 00:39:15,846 - INFO - This is log message number 7948
2025-04-26 00:39:15,846 - INFO - This is log message number 7949
2025-04-26 00:39:15,846 - INFO - This is log message number 7950
2025-04-26 00:39:15,846 - INFO - This is log message number 7951
2025-04-26 00:39:15,846 - INFO - This is log message number 7952
2025-04-26 00:39:15,847 - INFO - This is log message number 7953
2025-04-26 00:39:15,847 - INFO - This is log message number 7954
2025-04-26 00:39:15,847 - INFO - This is log message number 7955
2025-04-26 00:39:15,847 - INFO - This is log message number 7956
2025-04-26 00:39:15,847 - INFO - This is log message number 7957
2025-04-26 00:39:15,848 - INFO - This is log message number 7958
2025-04-26 00:39:15,848 - INFO - This is log message number 7959
2025-04-26 00:39:15,848 - INFO - This is log message number 7960
2025-04-26 00:39:15,848 - INFO - This is log message number 7961
2025-04-26 00:39:15,848 - INFO - This is log message number 7962
2025-04-26 00:39:15,849 - INFO - This is log message number 7963
2025-04-26 00:39:15,849 - INFO - This is log message number 7964
2025-04-26 00:39:15,849 - INFO - This is log message number 7965
2025-04-26 00:39:15,849 - INFO - This is log message number 7966
2025-04-26 00:39:15,849 - INFO - This is log message number 7967
2025-04-26 00:39:15,849 - INFO - This is log message number 7968
2025-04-26 00:39:15,850 - INFO - This is log message number 7969
2025-04-26 00:39:15,850 - INFO - This is log message number 7970
2025-04-26 00:39:15,850 - INFO - This is log message number 7971
2025-04-26 00:39:15,850 - INFO - This is log message number 7972
2025-04-26 00:39:15,850 - INFO - This is log message number 7973
2025-04-26 00:39:15,850 - INFO - This is log message number 7974
2025-04-26 00:39:15,850 - INFO - This is log message number 7975
2025-04-26 00:39:15,851 - INFO - This is log message number 7976
2025-04-26 00:39:15,851 - INFO - This is log message number 7977
2025-04-26 00:39:15,851 - INFO - This is log message number 7978
2025-04-26 00:39:15,851 - INFO - This is log message number 7979
2025-04-26 00:39:15,851 - INFO - This is log message number 7980
2025-04-26 00:39:15,852 - INFO - This is log message number 7981
2025-04-26 00:39:15,852 - INFO - This is log message number 7982
2025-04-26 00:39:15,852 - INFO - This is log message number 7983
2025-04-26 00:39:15,852 - INFO - This is log message number 7984
2025-04-26 00:39:15,854 - INFO - This is log message number 7985
2025-04-26 00:39:15,854 - INFO - This is log message number 7986
2025-04-26 00:39:15,854 - INFO - This is log message number 7987
2025-04-26 00:39:15,855 - INFO - This is log message number 7988
2025-04-26 00:39:15,855 - INFO - This is log message number 7989
2025-04-26 00:39:15,855 - INFO - This is log message number 7990
2025-04-26 00:39:15,855 - INFO - This is log message number 7991
2025-04-26 00:39:15,855 - INFO - This is log message number 7992
2025-04-26 00:39:15,856 - INFO - This is log message number 7993
2025-04-26 00:39:15,856 - INFO - This is log message number 7994
2025-04-26 00:39:15,856 - INFO - This is log message number 7995
2025-04-26 00:39:15,856 - INFO - This is log message number 7996
2025-04-26 00:39:15,856 - INFO - This is log message number 7997
2025-04-26 00:39:15,856 - INFO - This is log message number 7998
2025-04-26 00:39:15,857 - INFO - This is log message number 7999
2025-04-26 00:39:15,857 - INFO - This is log message number 8000
2025-04-26 00:39:15,857 - INFO - This is log message number 8001
2025-04-26 00:39:15,857 - INFO - This is log message number 8002
2025-04-26 00:39:15,857 - INFO - This is log message number 8003
2025-04-26 00:39:15,858 - INFO - This is log message number 8004
2025-04-26 00:39:15,858 - INFO - This is log message number 8005
2025-04-26 00:39:15,858 - INFO - This is log message number 8006
2025-04-26 00:39:15,858 - INFO - This is log message number 8007
2025-04-26 00:39:15,858 - INFO - This is log message number 8008
2025-04-26 00:39:15,858 - INFO - This is log message number 8009
2025-04-26 00:39:15,859 - INFO - This is log message number 8010
2025-04-26 00:39:15,859 - INFO - This is log message number 8011
2025-04-26 00:39:15,859 - INFO - This is log message number 8012
2025-04-26 00:39:15,859 - INFO - This is log message number 8013
2025-04-26 00:39:15,859 - INFO - This is log message number 8014
2025-04-26 00:39:15,860 - INFO - This is log message number 8015
2025-04-26 00:39:15,860 - INFO - This is log message number 8016
2025-04-26 00:39:15,860 - INFO - This is log message number 8017
2025-04-26 00:39:15,860 - INFO - This is log message number 8018
2025-04-26 00:39:15,860 - INFO - This is log message number 8019
2025-04-26 00:39:15,861 - INFO - This is log message number 8020
2025-04-26 00:39:15,861 - INFO - This is log message number 8021
2025-04-26 00:39:15,861 - INFO - This is log message number 8022
2025-04-26 00:39:15,861 - INFO - This is log message number 8023
2025-04-26 00:39:15,861 - INFO - This is log message number 8024
2025-04-26 00:39:15,862 - INFO - This is log message number 8025
2025-04-26 00:39:15,862 - INFO - This is log message number 8026
2025-04-26 00:39:15,862 - INFO - This is log message number 8027
2025-04-26 00:39:15,862 - INFO - This is log message number 8028
2025-04-26 00:39:15,862 - INFO - This is log message number 8029
2025-04-26 00:39:15,863 - INFO - This is log message number 8030
2025-04-26 00:39:15,863 - INFO - This is log message number 8031
2025-04-26 00:39:15,863 - INFO - This is log message number 8032
2025-04-26 00:39:15,863 - INFO - This is log message number 8033
2025-04-26 00:39:15,863 - INFO - This is log message number 8034
2025-04-26 00:39:15,863 - INFO - This is log message number 8035
2025-04-26 00:39:15,864 - INFO - This is log message number 8036
2025-04-26 00:39:15,864 - INFO - This is log message number 8037
2025-04-26 00:39:15,864 - INFO - This is log message number 8038
2025-04-26 00:39:15,864 - INFO - This is log message number 8039
2025-04-26 00:39:15,864 - INFO - This is log message number 8040
2025-04-26 00:39:15,865 - INFO - This is log message number 8041
2025-04-26 00:39:15,865 - INFO - This is log message number 8042
2025-04-26 00:39:15,865 - INFO - This is log message number 8043
2025-04-26 00:39:15,865 - INFO - This is log message number 8044
2025-04-26 00:39:15,865 - INFO - This is log message number 8045
2025-04-26 00:39:15,866 - INFO - This is log message number 8046
2025-04-26 00:39:15,866 - INFO - This is log message number 8047
2025-04-26 00:39:15,866 - INFO - This is log message number 8048
2025-04-26 00:39:15,866 - INFO - This is log message number 8049
2025-04-26 00:39:15,866 - INFO - This is log message number 8050
2025-04-26 00:39:15,866 - INFO - This is log message number 8051
2025-04-26 00:39:15,868 - INFO - This is log message number 8052
2025-04-26 00:39:15,868 - INFO - This is log message number 8053
2025-04-26 00:39:15,868 - INFO - This is log message number 8054
2025-04-26 00:39:15,868 - INFO - This is log message number 8055
2025-04-26 00:39:15,868 - INFO - This is log message number 8056
2025-04-26 00:39:15,868 - INFO - This is log message number 8057
2025-04-26 00:39:15,869 - INFO - This is log message number 8058
2025-04-26 00:39:15,869 - INFO - This is log message number 8059
2025-04-26 00:39:15,869 - INFO - This is log message number 8060
2025-04-26 00:39:15,869 - INFO - This is log message number 8061
2025-04-26 00:39:15,870 - INFO - This is log message number 8062
2025-04-26 00:39:15,870 - INFO - This is log message number 8063
2025-04-26 00:39:15,870 - INFO - This is log message number 8064
2025-04-26 00:39:15,871 - INFO - This is log message number 8065
2025-04-26 00:39:15,871 - INFO - This is log message number 8066
2025-04-26 00:39:15,871 - INFO - This is log message number 8067
2025-04-26 00:39:15,871 - INFO - This is log message number 8068
2025-04-26 00:39:15,872 - INFO - This is log message number 8069
2025-04-26 00:39:15,872 - INFO - This is log message number 8070
2025-04-26 00:39:15,872 - INFO - This is log message number 8071
2025-04-26 00:39:15,872 - INFO - This is log message number 8072
2025-04-26 00:39:15,872 - INFO - This is log message number 8073
2025-04-26 00:39:15,873 - INFO - This is log message number 8074
2025-04-26 00:39:15,873 - INFO - This is log message number 8075
2025-04-26 00:39:15,873 - INFO - This is log message number 8076
2025-04-26 00:39:15,873 - INFO - This is log message number 8077
2025-04-26 00:39:15,873 - INFO - This is log message number 8078
2025-04-26 00:39:15,873 - INFO - This is log message number 8079
2025-04-26 00:39:15,873 - INFO - This is log message number 8080
2025-04-26 00:39:15,874 - INFO - This is log message number 8081
2025-04-26 00:39:15,874 - INFO - This is log message number 8082
2025-04-26 00:39:15,874 - INFO - This is log message number 8083
2025-04-26 00:39:15,874 - INFO - This is log message number 8084
2025-04-26 00:39:15,874 - INFO - This is log message number 8085
2025-04-26 00:39:15,875 - INFO - This is log message number 8086
2025-04-26 00:39:15,875 - INFO - This is log message number 8087
2025-04-26 00:39:15,875 - INFO - This is log message number 8088
2025-04-26 00:39:15,875 - INFO - This is log message number 8089
2025-04-26 00:39:15,875 - INFO - This is log message number 8090
2025-04-26 00:39:15,876 - INFO - This is log message number 8091
2025-04-26 00:39:15,876 - INFO - This is log message number 8092
2025-04-26 00:39:15,876 - INFO - This is log message number 8093
2025-04-26 00:39:15,876 - INFO - This is log message number 8094
2025-04-26 00:39:15,876 - INFO - This is log message number 8095
2025-04-26 00:39:15,877 - INFO - This is log message number 8096
2025-04-26 00:39:15,877 - INFO - This is log message number 8097
2025-04-26 00:39:15,877 - INFO - This is log message number 8098
2025-04-26 00:39:15,877 - INFO - This is log message number 8099
2025-04-26 00:39:15,877 - INFO - This is log message number 8100
2025-04-26 00:39:15,877 - INFO - This is log message number 8101
2025-04-26 00:39:15,878 - INFO - This is log message number 8102
2025-04-26 00:39:15,878 - INFO - This is log message number 8103
2025-04-26 00:39:15,878 - INFO - This is log message number 8104
2025-04-26 00:39:15,878 - INFO - This is log message number 8105
2025-04-26 00:39:15,879 - INFO - This is log message number 8106
2025-04-26 00:39:15,879 - INFO - This is log message number 8107
2025-04-26 00:39:15,879 - INFO - This is log message number 8108
2025-04-26 00:39:15,879 - INFO - This is log message number 8109
2025-04-26 00:39:15,879 - INFO - This is log message number 8110
2025-04-26 00:39:15,879 - INFO - This is log message number 8111
2025-04-26 00:39:15,880 - INFO - This is log message number 8112
2025-04-26 00:39:15,880 - INFO - This is log message number 8113
2025-04-26 00:39:15,880 - INFO - This is log message number 8114
2025-04-26 00:39:15,880 - INFO - This is log message number 8115
2025-04-26 00:39:15,880 - INFO - This is log message number 8116
2025-04-26 00:39:15,880 - INFO - This is log message number 8117
2025-04-26 00:39:15,881 - INFO - This is log message number 8118
2025-04-26 00:39:15,881 - INFO - This is log message number 8119
2025-04-26 00:39:15,881 - INFO - This is log message number 8120
2025-04-26 00:39:15,881 - INFO - This is log message number 8121
2025-04-26 00:39:15,881 - INFO - This is log message number 8122
2025-04-26 00:39:15,882 - INFO - This is log message number 8123
2025-04-26 00:39:15,882 - INFO - This is log message number 8124
2025-04-26 00:39:15,882 - INFO - This is log message number 8125
2025-04-26 00:39:15,882 - INFO - This is log message number 8126
2025-04-26 00:39:15,882 - INFO - This is log message number 8127
2025-04-26 00:39:15,882 - INFO - This is log message number 8128
2025-04-26 00:39:15,883 - INFO - This is log message number 8129
2025-04-26 00:39:15,883 - INFO - This is log message number 8130
2025-04-26 00:39:15,883 - INFO - This is log message number 8131
2025-04-26 00:39:15,883 - INFO - This is log message number 8132
2025-04-26 00:39:15,884 - INFO - This is log message number 8133
2025-04-26 00:39:15,884 - INFO - This is log message number 8134
2025-04-26 00:39:15,884 - INFO - This is log message number 8135
2025-04-26 00:39:15,884 - INFO - This is log message number 8136
2025-04-26 00:39:15,884 - INFO - This is log message number 8137
2025-04-26 00:39:15,884 - INFO - This is log message number 8138
2025-04-26 00:39:15,884 - INFO - This is log message number 8139
2025-04-26 00:39:15,886 - INFO - This is log message number 8140
2025-04-26 00:39:15,886 - INFO - This is log message number 8141
2025-04-26 00:39:15,886 - INFO - This is log message number 8142
2025-04-26 00:39:15,887 - INFO - This is log message number 8143
2025-04-26 00:39:15,887 - INFO - This is log message number 8144
2025-04-26 00:39:15,887 - INFO - This is log message number 8145
2025-04-26 00:39:15,887 - INFO - This is log message number 8146
2025-04-26 00:39:15,888 - INFO - This is log message number 8147
2025-04-26 00:39:15,889 - INFO - This is log message number 8148
2025-04-26 00:39:15,889 - INFO - This is log message number 8149
2025-04-26 00:39:15,889 - INFO - This is log message number 8150
2025-04-26 00:39:15,890 - INFO - This is log message number 8151
2025-04-26 00:39:15,890 - INFO - This is log message number 8152
2025-04-26 00:39:15,890 - INFO - This is log message number 8153
2025-04-26 00:39:15,890 - INFO - This is log message number 8154
2025-04-26 00:39:15,891 - INFO - This is log message number 8155
2025-04-26 00:39:15,891 - INFO - This is log message number 8156
2025-04-26 00:39:15,891 - INFO - This is log message number 8157
2025-04-26 00:39:15,891 - INFO - This is log message number 8158
2025-04-26 00:39:15,891 - INFO - This is log message number 8159
2025-04-26 00:39:15,892 - INFO - This is log message number 8160
2025-04-26 00:39:15,892 - INFO - This is log message number 8161
2025-04-26 00:39:15,892 - INFO - This is log message number 8162
2025-04-26 00:39:15,892 - INFO - This is log message number 8163
2025-04-26 00:39:15,892 - INFO - This is log message number 8164
2025-04-26 00:39:15,893 - INFO - This is log message number 8165
2025-04-26 00:39:15,893 - INFO - This is log message number 8166
2025-04-26 00:39:15,893 - INFO - This is log message number 8167
2025-04-26 00:39:15,893 - INFO - This is log message number 8168
2025-04-26 00:39:15,893 - INFO - This is log message number 8169
2025-04-26 00:39:15,895 - INFO - This is log message number 8170
2025-04-26 00:39:15,895 - INFO - This is log message number 8171
2025-04-26 00:39:15,895 - INFO - This is log message number 8172
2025-04-26 00:39:15,895 - INFO - This is log message number 8173
2025-04-26 00:39:15,895 - INFO - This is log message number 8174
2025-04-26 00:39:15,895 - INFO - This is log message number 8175
2025-04-26 00:39:15,896 - INFO - This is log message number 8176
2025-04-26 00:39:15,896 - INFO - This is log message number 8177
2025-04-26 00:39:15,896 - INFO - This is log message number 8178
2025-04-26 00:39:15,896 - INFO - This is log message number 8179
2025-04-26 00:39:15,896 - INFO - This is log message number 8180
2025-04-26 00:39:15,897 - INFO - This is log message number 8181
2025-04-26 00:39:15,897 - INFO - This is log message number 8182
2025-04-26 00:39:15,897 - INFO - This is log message number 8183
2025-04-26 00:39:15,897 - INFO - This is log message number 8184
2025-04-26 00:39:15,897 - INFO - This is log message number 8185
2025-04-26 00:39:15,897 - INFO - This is log message number 8186
2025-04-26 00:39:15,898 - INFO - This is log message number 8187
2025-04-26 00:39:15,898 - INFO - This is log message number 8188
2025-04-26 00:39:15,898 - INFO - This is log message number 8189
2025-04-26 00:39:15,898 - INFO - This is log message number 8190
2025-04-26 00:39:15,898 - INFO - This is log message number 8191
2025-04-26 00:39:15,899 - INFO - This is log message number 8192
2025-04-26 00:39:15,899 - INFO - This is log message number 8193
2025-04-26 00:39:15,899 - INFO - This is log message number 8194
2025-04-26 00:39:15,899 - INFO - This is log message number 8195
2025-04-26 00:39:15,899 - INFO - This is log message number 8196
2025-04-26 00:39:15,900 - INFO - This is log message number 8197
2025-04-26 00:39:15,900 - INFO - This is log message number 8198
2025-04-26 00:39:15,900 - INFO - This is log message number 8199
2025-04-26 00:39:15,900 - INFO - This is log message number 8200
2025-04-26 00:39:15,900 - INFO - This is log message number 8201
2025-04-26 00:39:15,900 - INFO - This is log message number 8202
2025-04-26 00:39:15,900 - INFO - This is log message number 8203
2025-04-26 00:39:15,901 - INFO - This is log message number 8204
2025-04-26 00:39:15,901 - INFO - This is log message number 8205
2025-04-26 00:39:15,901 - INFO - This is log message number 8206
2025-04-26 00:39:15,901 - INFO - This is log message number 8207
2025-04-26 00:39:15,902 - INFO - This is log message number 8208
2025-04-26 00:39:15,902 - INFO - This is log message number 8209
2025-04-26 00:39:15,902 - INFO - This is log message number 8210
2025-04-26 00:39:15,902 - INFO - This is log message number 8211
2025-04-26 00:39:15,903 - INFO - This is log message number 8212
2025-04-26 00:39:15,903 - INFO - This is log message number 8213
2025-04-26 00:39:15,903 - INFO - This is log message number 8214
2025-04-26 00:39:15,903 - INFO - This is log message number 8215
2025-04-26 00:39:15,904 - INFO - This is log message number 8216
2025-04-26 00:39:15,904 - INFO - This is log message number 8217
2025-04-26 00:39:15,904 - INFO - This is log message number 8218
2025-04-26 00:39:15,904 - INFO - This is log message number 8219
2025-04-26 00:39:15,904 - INFO - This is log message number 8220
2025-04-26 00:39:15,905 - INFO - This is log message number 8221
2025-04-26 00:39:15,905 - INFO - This is log message number 8222
2025-04-26 00:39:15,905 - INFO - This is log message number 8223
2025-04-26 00:39:15,905 - INFO - This is log message number 8224
2025-04-26 00:39:15,905 - INFO - This is log message number 8225
2025-04-26 00:39:15,905 - INFO - This is log message number 8226
2025-04-26 00:39:15,905 - INFO - This is log message number 8227
2025-04-26 00:39:15,906 - INFO - This is log message number 8228
2025-04-26 00:39:15,906 - INFO - This is log message number 8229
2025-04-26 00:39:15,906 - INFO - This is log message number 8230
2025-04-26 00:39:15,906 - INFO - This is log message number 8231
2025-04-26 00:39:15,906 - INFO - This is log message number 8232
2025-04-26 00:39:15,906 - INFO - This is log message number 8233
2025-04-26 00:39:15,908 - INFO - This is log message number 8234
2025-04-26 00:39:15,908 - INFO - This is log message number 8235
2025-04-26 00:39:15,908 - INFO - This is log message number 8236
2025-04-26 00:39:15,908 - INFO - This is log message number 8237
2025-04-26 00:39:15,908 - INFO - This is log message number 8238
2025-04-26 00:39:15,909 - INFO - This is log message number 8239
2025-04-26 00:39:15,909 - INFO - This is log message number 8240
2025-04-26 00:39:15,909 - INFO - This is log message number 8241
2025-04-26 00:39:15,909 - INFO - This is log message number 8242
2025-04-26 00:39:15,909 - INFO - This is log message number 8243
2025-04-26 00:39:15,910 - INFO - This is log message number 8244
2025-04-26 00:39:15,910 - INFO - This is log message number 8245
2025-04-26 00:39:15,910 - INFO - This is log message number 8246
2025-04-26 00:39:15,910 - INFO - This is log message number 8247
2025-04-26 00:39:15,910 - INFO - This is log message number 8248
2025-04-26 00:39:15,910 - INFO - This is log message number 8249
2025-04-26 00:39:15,911 - INFO - This is log message number 8250
2025-04-26 00:39:15,911 - INFO - This is log message number 8251
2025-04-26 00:39:15,911 - INFO - This is log message number 8252
2025-04-26 00:39:15,911 - INFO - This is log message number 8253
2025-04-26 00:39:15,911 - INFO - This is log message number 8254
2025-04-26 00:39:15,911 - INFO - This is log message number 8255
2025-04-26 00:39:15,911 - INFO - This is log message number 8256
2025-04-26 00:39:15,912 - INFO - This is log message number 8257
2025-04-26 00:39:15,912 - INFO - This is log message number 8258
2025-04-26 00:39:15,912 - INFO - This is log message number 8259
2025-04-26 00:39:15,912 - INFO - This is log message number 8260
2025-04-26 00:39:15,912 - INFO - This is log message number 8261
2025-04-26 00:39:15,913 - INFO - This is log message number 8262
2025-04-26 00:39:15,913 - INFO - This is log message number 8263
2025-04-26 00:39:15,913 - INFO - This is log message number 8264
2025-04-26 00:39:15,913 - INFO - This is log message number 8265
2025-04-26 00:39:15,913 - INFO - This is log message number 8266
2025-04-26 00:39:15,914 - INFO - This is log message number 8267
2025-04-26 00:39:15,914 - INFO - This is log message number 8268
2025-04-26 00:39:15,914 - INFO - This is log message number 8269
2025-04-26 00:39:15,914 - INFO - This is log message number 8270
2025-04-26 00:39:15,914 - INFO - This is log message number 8271
2025-04-26 00:39:15,914 - INFO - This is log message number 8272
2025-04-26 00:39:15,915 - INFO - This is log message number 8273
2025-04-26 00:39:15,915 - INFO - This is log message number 8274
2025-04-26 00:39:15,915 - INFO - This is log message number 8275
2025-04-26 00:39:15,915 - INFO - This is log message number 8276
2025-04-26 00:39:15,915 - INFO - This is log message number 8277
2025-04-26 00:39:15,916 - INFO - This is log message number 8278
2025-04-26 00:39:15,916 - INFO - This is log message number 8279
2025-04-26 00:39:15,916 - INFO - This is log message number 8280
2025-04-26 00:39:15,916 - INFO - This is log message number 8281
2025-04-26 00:39:15,916 - INFO - This is log message number 8282
2025-04-26 00:39:15,917 - INFO - This is log message number 8283
2025-04-26 00:39:15,917 - INFO - This is log message number 8284
2025-04-26 00:39:15,917 - INFO - This is log message number 8285
2025-04-26 00:39:15,917 - INFO - This is log message number 8286
2025-04-26 00:39:15,917 - INFO - This is log message number 8287
2025-04-26 00:39:15,918 - INFO - This is log message number 8288
2025-04-26 00:39:15,918 - INFO - This is log message number 8289
2025-04-26 00:39:15,918 - INFO - This is log message number 8290
2025-04-26 00:39:15,918 - INFO - This is log message number 8291
2025-04-26 00:39:15,919 - INFO - This is log message number 8292
2025-04-26 00:39:15,919 - INFO - This is log message number 8293
2025-04-26 00:39:15,919 - INFO - This is log message number 8294
2025-04-26 00:39:15,919 - INFO - This is log message number 8295
2025-04-26 00:39:15,919 - INFO - This is log message number 8296
2025-04-26 00:39:15,919 - INFO - This is log message number 8297
2025-04-26 00:39:15,921 - INFO - This is log message number 8298
2025-04-26 00:39:15,921 - INFO - This is log message number 8299
2025-04-26 00:39:15,921 - INFO - This is log message number 8300
2025-04-26 00:39:15,921 - INFO - This is log message number 8301
2025-04-26 00:39:15,921 - INFO - This is log message number 8302
2025-04-26 00:39:15,921 - INFO - This is log message number 8303
2025-04-26 00:39:15,922 - INFO - This is log message number 8304
2025-04-26 00:39:15,922 - INFO - This is log message number 8305
2025-04-26 00:39:15,922 - INFO - This is log message number 8306
2025-04-26 00:39:15,922 - INFO - This is log message number 8307
2025-04-26 00:39:15,922 - INFO - This is log message number 8308
2025-04-26 00:39:15,922 - INFO - This is log message number 8309
2025-04-26 00:39:15,923 - INFO - This is log message number 8310
2025-04-26 00:39:15,923 - INFO - This is log message number 8311
2025-04-26 00:39:15,923 - INFO - This is log message number 8312
2025-04-26 00:39:15,923 - INFO - This is log message number 8313
2025-04-26 00:39:15,923 - INFO - This is log message number 8314
2025-04-26 00:39:15,923 - INFO - This is log message number 8315
2025-04-26 00:39:15,924 - INFO - This is log message number 8316
2025-04-26 00:39:15,924 - INFO - This is log message number 8317
2025-04-26 00:39:15,924 - INFO - This is log message number 8318
2025-04-26 00:39:15,924 - INFO - This is log message number 8319
2025-04-26 00:39:15,924 - INFO - This is log message number 8320
2025-04-26 00:39:15,925 - INFO - This is log message number 8321
2025-04-26 00:39:15,925 - INFO - This is log message number 8322
2025-04-26 00:39:15,925 - INFO - This is log message number 8323
2025-04-26 00:39:15,925 - INFO - This is log message number 8324
2025-04-26 00:39:15,925 - INFO - This is log message number 8325
2025-04-26 00:39:15,926 - INFO - This is log message number 8326
2025-04-26 00:39:15,926 - INFO - This is log message number 8327
2025-04-26 00:39:15,926 - INFO - This is log message number 8328
2025-04-26 00:39:15,926 - INFO - This is log message number 8329
2025-04-26 00:39:15,928 - INFO - This is log message number 8330
2025-04-26 00:39:15,928 - INFO - This is log message number 8331
2025-04-26 00:39:15,928 - INFO - This is log message number 8332
2025-04-26 00:39:15,928 - INFO - This is log message number 8333
2025-04-26 00:39:15,928 - INFO - This is log message number 8334
2025-04-26 00:39:15,928 - INFO - This is log message number 8335
2025-04-26 00:39:15,929 - INFO - This is log message number 8336
2025-04-26 00:39:15,929 - INFO - This is log message number 8337
2025-04-26 00:39:15,929 - INFO - This is log message number 8338
2025-04-26 00:39:15,929 - INFO - This is log message number 8339
2025-04-26 00:39:15,929 - INFO - This is log message number 8340
2025-04-26 00:39:15,930 - INFO - This is log message number 8341
2025-04-26 00:39:15,930 - INFO - This is log message number 8342
2025-04-26 00:39:15,930 - INFO - This is log message number 8343
2025-04-26 00:39:15,930 - INFO - This is log message number 8344
2025-04-26 00:39:15,930 - INFO - This is log message number 8345
2025-04-26 00:39:15,930 - INFO - This is log message number 8346
2025-04-26 00:39:15,931 - INFO - This is log message number 8347
2025-04-26 00:39:15,931 - INFO - This is log message number 8348
2025-04-26 00:39:15,931 - INFO - This is log message number 8349
2025-04-26 00:39:15,931 - INFO - This is log message number 8350
2025-04-26 00:39:15,931 - INFO - This is log message number 8351
2025-04-26 00:39:15,931 - INFO - This is log message number 8352
2025-04-26 00:39:15,932 - INFO - This is log message number 8353
2025-04-26 00:39:15,932 - INFO - This is log message number 8354
2025-04-26 00:39:15,932 - INFO - This is log message number 8355
2025-04-26 00:39:15,932 - INFO - This is log message number 8356
2025-04-26 00:39:15,932 - INFO - This is log message number 8357
2025-04-26 00:39:15,932 - INFO - This is log message number 8358
2025-04-26 00:39:15,933 - INFO - This is log message number 8359
2025-04-26 00:39:15,933 - INFO - This is log message number 8360
2025-04-26 00:39:15,933 - INFO - This is log message number 8361
2025-04-26 00:39:15,934 - INFO - This is log message number 8362
2025-04-26 00:39:15,934 - INFO - This is log message number 8363
2025-04-26 00:39:15,934 - INFO - This is log message number 8364
2025-04-26 00:39:15,934 - INFO - This is log message number 8365
2025-04-26 00:39:15,934 - INFO - This is log message number 8366
2025-04-26 00:39:15,935 - INFO - This is log message number 8367
2025-04-26 00:39:15,935 - INFO - This is log message number 8368
2025-04-26 00:39:15,935 - INFO - This is log message number 8369
2025-04-26 00:39:15,935 - INFO - This is log message number 8370
2025-04-26 00:39:15,935 - INFO - This is log message number 8371
2025-04-26 00:39:15,936 - INFO - This is log message number 8372
2025-04-26 00:39:15,936 - INFO - This is log message number 8373
2025-04-26 00:39:15,936 - INFO - This is log message number 8374
2025-04-26 00:39:15,937 - INFO - This is log message number 8375
2025-04-26 00:39:15,937 - INFO - This is log message number 8376
2025-04-26 00:39:15,937 - INFO - This is log message number 8377
2025-04-26 00:39:15,937 - INFO - This is log message number 8378
2025-04-26 00:39:15,938 - INFO - This is log message number 8379
2025-04-26 00:39:15,938 - INFO - This is log message number 8380
2025-04-26 00:39:15,938 - INFO - This is log message number 8381
2025-04-26 00:39:15,938 - INFO - This is log message number 8382
2025-04-26 00:39:15,939 - INFO - This is log message number 8383
2025-04-26 00:39:15,939 - INFO - This is log message number 8384
2025-04-26 00:39:15,939 - INFO - This is log message number 8385
2025-04-26 00:39:15,939 - INFO - This is log message number 8386
2025-04-26 00:39:15,939 - INFO - This is log message number 8387
2025-04-26 00:39:15,940 - INFO - This is log message number 8388
2025-04-26 00:39:15,940 - INFO - This is log message number 8389
2025-04-26 00:39:15,940 - INFO - This is log message number 8390
2025-04-26 00:39:15,940 - INFO - This is log message number 8391
2025-04-26 00:39:15,940 - INFO - This is log message number 8392
2025-04-26 00:39:15,941 - INFO - This is log message number 8393
2025-04-26 00:39:15,941 - INFO - This is log message number 8394
2025-04-26 00:39:15,941 - INFO - This is log message number 8395
2025-04-26 00:39:15,941 - INFO - This is log message number 8396
2025-04-26 00:39:15,942 - INFO - This is log message number 8397
2025-04-26 00:39:15,942 - INFO - This is log message number 8398
2025-04-26 00:39:15,942 - INFO - This is log message number 8399
2025-04-26 00:39:15,942 - INFO - This is log message number 8400
2025-04-26 00:39:15,942 - INFO - This is log message number 8401
2025-04-26 00:39:15,943 - INFO - This is log message number 8402
2025-04-26 00:39:15,943 - INFO - This is log message number 8403
2025-04-26 00:39:15,943 - INFO - This is log message number 8404
2025-04-26 00:39:15,943 - INFO - This is log message number 8405
2025-04-26 00:39:15,943 - INFO - This is log message number 8406
2025-04-26 00:39:15,943 - INFO - This is log message number 8407
2025-04-26 00:39:15,944 - INFO - This is log message number 8408
2025-04-26 00:39:15,944 - INFO - This is log message number 8409
2025-04-26 00:39:15,944 - INFO - This is log message number 8410
2025-04-26 00:39:15,944 - INFO - This is log message number 8411
2025-04-26 00:39:15,944 - INFO - This is log message number 8412
2025-04-26 00:39:15,944 - INFO - This is log message number 8413
2025-04-26 00:39:15,945 - INFO - This is log message number 8414
2025-04-26 00:39:15,945 - INFO - This is log message number 8415
2025-04-26 00:39:15,945 - INFO - This is log message number 8416
2025-04-26 00:39:15,945 - INFO - This is log message number 8417
2025-04-26 00:39:15,945 - INFO - This is log message number 8418
2025-04-26 00:39:15,945 - INFO - This is log message number 8419
2025-04-26 00:39:15,946 - INFO - This is log message number 8420
2025-04-26 00:39:15,946 - INFO - This is log message number 8421
2025-04-26 00:39:15,946 - INFO - This is log message number 8422
2025-04-26 00:39:15,946 - INFO - This is log message number 8423
2025-04-26 00:39:15,946 - INFO - This is log message number 8424
2025-04-26 00:39:15,946 - INFO - This is log message number 8425
2025-04-26 00:39:15,946 - INFO - This is log message number 8426
2025-04-26 00:39:15,947 - INFO - This is log message number 8427
2025-04-26 00:39:15,947 - INFO - This is log message number 8428
2025-04-26 00:39:15,947 - INFO - This is log message number 8429
2025-04-26 00:39:15,947 - INFO - This is log message number 8430
2025-04-26 00:39:15,947 - INFO - This is log message number 8431
2025-04-26 00:39:15,947 - INFO - This is log message number 8432
2025-04-26 00:39:15,947 - INFO - This is log message number 8433
2025-04-26 00:39:15,948 - INFO - This is log message number 8434
2025-04-26 00:39:15,948 - INFO - This is log message number 8435
2025-04-26 00:39:15,948 - INFO - This is log message number 8436
2025-04-26 00:39:15,948 - INFO - This is log message number 8437
2025-04-26 00:39:15,948 - INFO - This is log message number 8438
2025-04-26 00:39:15,948 - INFO - This is log message number 8439
2025-04-26 00:39:15,949 - INFO - This is log message number 8440
2025-04-26 00:39:15,949 - INFO - This is log message number 8441
2025-04-26 00:39:15,949 - INFO - This is log message number 8442
2025-04-26 00:39:15,949 - INFO - This is log message number 8443
2025-04-26 00:39:15,950 - INFO - This is log message number 8444
2025-04-26 00:39:15,950 - INFO - This is log message number 8445
2025-04-26 00:39:15,950 - INFO - This is log message number 8446
2025-04-26 00:39:15,950 - INFO - This is log message number 8447
2025-04-26 00:39:15,950 - INFO - This is log message number 8448
2025-04-26 00:39:15,950 - INFO - This is log message number 8449
2025-04-26 00:39:15,951 - INFO - This is log message number 8450
2025-04-26 00:39:15,951 - INFO - This is log message number 8451
2025-04-26 00:39:15,951 - INFO - This is log message number 8452
2025-04-26 00:39:15,951 - INFO - This is log message number 8453
2025-04-26 00:39:15,951 - INFO - This is log message number 8454
2025-04-26 00:39:15,952 - INFO - This is log message number 8455
2025-04-26 00:39:15,952 - INFO - This is log message number 8456
2025-04-26 00:39:15,952 - INFO - This is log message number 8457
2025-04-26 00:39:15,952 - INFO - This is log message number 8458
2025-04-26 00:39:15,953 - INFO - This is log message number 8459
2025-04-26 00:39:15,953 - INFO - This is log message number 8460
2025-04-26 00:39:15,953 - INFO - This is log message number 8461
2025-04-26 00:39:15,953 - INFO - This is log message number 8462
2025-04-26 00:39:15,953 - INFO - This is log message number 8463
2025-04-26 00:39:15,954 - INFO - This is log message number 8464
2025-04-26 00:39:15,954 - INFO - This is log message number 8465
2025-04-26 00:39:15,954 - INFO - This is log message number 8466
2025-04-26 00:39:15,954 - INFO - This is log message number 8467
2025-04-26 00:39:15,954 - INFO - This is log message number 8468
2025-04-26 00:39:15,954 - INFO - This is log message number 8469
2025-04-26 00:39:15,954 - INFO - This is log message number 8470
2025-04-26 00:39:15,956 - INFO - This is log message number 8471
2025-04-26 00:39:15,956 - INFO - This is log message number 8472
2025-04-26 00:39:15,956 - INFO - This is log message number 8473
2025-04-26 00:39:15,956 - INFO - This is log message number 8474
2025-04-26 00:39:15,956 - INFO - This is log message number 8475
2025-04-26 00:39:15,957 - INFO - This is log message number 8476
2025-04-26 00:39:15,957 - INFO - This is log message number 8477
2025-04-26 00:39:15,957 - INFO - This is log message number 8478
2025-04-26 00:39:15,957 - INFO - This is log message number 8479
2025-04-26 00:39:15,957 - INFO - This is log message number 8480
2025-04-26 00:39:15,958 - INFO - This is log message number 8481
2025-04-26 00:39:15,958 - INFO - This is log message number 8482
2025-04-26 00:39:15,958 - INFO - This is log message number 8483
2025-04-26 00:39:15,958 - INFO - This is log message number 8484
2025-04-26 00:39:15,959 - INFO - This is log message number 8485
2025-04-26 00:39:15,959 - INFO - This is log message number 8486
2025-04-26 00:39:15,959 - INFO - This is log message number 8487
2025-04-26 00:39:15,959 - INFO - This is log message number 8488
2025-04-26 00:39:15,959 - INFO - This is log message number 8489
2025-04-26 00:39:15,960 - INFO - This is log message number 8490
2025-04-26 00:39:15,960 - INFO - This is log message number 8491
2025-04-26 00:39:15,960 - INFO - This is log message number 8492
2025-04-26 00:39:15,960 - INFO - This is log message number 8493
2025-04-26 00:39:15,960 - INFO - This is log message number 8494
2025-04-26 00:39:15,960 - INFO - This is log message number 8495
2025-04-26 00:39:15,961 - INFO - This is log message number 8496
2025-04-26 00:39:15,961 - INFO - This is log message number 8497
2025-04-26 00:39:15,961 - INFO - This is log message number 8498
2025-04-26 00:39:15,961 - INFO - This is log message number 8499
2025-04-26 00:39:15,961 - INFO - This is log message number 8500
2025-04-26 00:39:15,961 - INFO - This is log message number 8501
2025-04-26 00:39:15,961 - INFO - This is log message number 8502
2025-04-26 00:39:15,962 - INFO - This is log message number 8503
2025-04-26 00:39:15,962 - INFO - This is log message number 8504
2025-04-26 00:39:15,962 - INFO - This is log message number 8505
2025-04-26 00:39:15,962 - INFO - This is log message number 8506
2025-04-26 00:39:15,962 - INFO - This is log message number 8507
2025-04-26 00:39:15,963 - INFO - This is log message number 8508
2025-04-26 00:39:15,963 - INFO - This is log message number 8509
2025-04-26 00:39:15,963 - INFO - This is log message number 8510
2025-04-26 00:39:15,963 - INFO - This is log message number 8511
2025-04-26 00:39:15,963 - INFO - This is log message number 8512
2025-04-26 00:39:15,963 - INFO - This is log message number 8513
2025-04-26 00:39:15,964 - INFO - This is log message number 8514
2025-04-26 00:39:15,964 - INFO - This is log message number 8515
2025-04-26 00:39:15,964 - INFO - This is log message number 8516
2025-04-26 00:39:15,964 - INFO - This is log message number 8517
2025-04-26 00:39:15,964 - INFO - This is log message number 8518
2025-04-26 00:39:15,965 - INFO - This is log message number 8519
2025-04-26 00:39:15,965 - INFO - This is log message number 8520
2025-04-26 00:39:15,965 - INFO - This is log message number 8521
2025-04-26 00:39:15,965 - INFO - This is log message number 8522
2025-04-26 00:39:15,965 - INFO - This is log message number 8523
2025-04-26 00:39:15,966 - INFO - This is log message number 8524
2025-04-26 00:39:15,966 - INFO - This is log message number 8525
2025-04-26 00:39:15,966 - INFO - This is log message number 8526
2025-04-26 00:39:15,966 - INFO - This is log message number 8527
2025-04-26 00:39:15,966 - INFO - This is log message number 8528
2025-04-26 00:39:15,966 - INFO - This is log message number 8529
2025-04-26 00:39:15,967 - INFO - This is log message number 8530
2025-04-26 00:39:15,967 - INFO - This is log message number 8531
2025-04-26 00:39:15,967 - INFO - This is log message number 8532
2025-04-26 00:39:15,967 - INFO - This is log message number 8533
2025-04-26 00:39:15,967 - INFO - This is log message number 8534
2025-04-26 00:39:15,968 - INFO - This is log message number 8535
2025-04-26 00:39:15,968 - INFO - This is log message number 8536
2025-04-26 00:39:15,968 - INFO - This is log message number 8537
2025-04-26 00:39:15,968 - INFO - This is log message number 8538
2025-04-26 00:39:15,968 - INFO - This is log message number 8539
2025-04-26 00:39:15,969 - INFO - This is log message number 8540
2025-04-26 00:39:15,969 - INFO - This is log message number 8541
2025-04-26 00:39:15,969 - INFO - This is log message number 8542
2025-04-26 00:39:15,969 - INFO - This is log message number 8543
2025-04-26 00:39:15,971 - INFO - This is log message number 8544
2025-04-26 00:39:15,971 - INFO - This is log message number 8545
2025-04-26 00:39:15,971 - INFO - This is log message number 8546
2025-04-26 00:39:15,971 - INFO - This is log message number 8547
2025-04-26 00:39:15,972 - INFO - This is log message number 8548
2025-04-26 00:39:15,972 - INFO - This is log message number 8549
2025-04-26 00:39:15,972 - INFO - This is log message number 8550
2025-04-26 00:39:15,972 - INFO - This is log message number 8551
2025-04-26 00:39:15,973 - INFO - This is log message number 8552
2025-04-26 00:39:15,973 - INFO - This is log message number 8553
2025-04-26 00:39:15,973 - INFO - This is log message number 8554
2025-04-26 00:39:15,973 - INFO - This is log message number 8555
2025-04-26 00:39:15,974 - INFO - This is log message number 8556
2025-04-26 00:39:15,974 - INFO - This is log message number 8557
2025-04-26 00:39:15,974 - INFO - This is log message number 8558
2025-04-26 00:39:15,974 - INFO - This is log message number 8559
2025-04-26 00:39:15,974 - INFO - This is log message number 8560
2025-04-26 00:39:15,974 - INFO - This is log message number 8561
2025-04-26 00:39:15,975 - INFO - This is log message number 8562
2025-04-26 00:39:15,975 - INFO - This is log message number 8563
2025-04-26 00:39:15,975 - INFO - This is log message number 8564
2025-04-26 00:39:15,975 - INFO - This is log message number 8565
2025-04-26 00:39:15,975 - INFO - This is log message number 8566
2025-04-26 00:39:15,976 - INFO - This is log message number 8567
2025-04-26 00:39:15,976 - INFO - This is log message number 8568
2025-04-26 00:39:15,976 - INFO - This is log message number 8569
2025-04-26 00:39:15,976 - INFO - This is log message number 8570
2025-04-26 00:39:15,976 - INFO - This is log message number 8571
2025-04-26 00:39:15,977 - INFO - This is log message number 8572
2025-04-26 00:39:15,977 - INFO - This is log message number 8573
2025-04-26 00:39:15,977 - INFO - This is log message number 8574
2025-04-26 00:39:15,977 - INFO - This is log message number 8575
2025-04-26 00:39:15,977 - INFO - This is log message number 8576
2025-04-26 00:39:15,977 - INFO - This is log message number 8577
2025-04-26 00:39:15,978 - INFO - This is log message number 8578
2025-04-26 00:39:15,978 - INFO - This is log message number 8579
2025-04-26 00:39:15,978 - INFO - This is log message number 8580
2025-04-26 00:39:15,978 - INFO - This is log message number 8581
2025-04-26 00:39:15,978 - INFO - This is log message number 8582
2025-04-26 00:39:15,978 - INFO - This is log message number 8583
2025-04-26 00:39:15,979 - INFO - This is log message number 8584
2025-04-26 00:39:15,979 - INFO - This is log message number 8585
2025-04-26 00:39:15,979 - INFO - This is log message number 8586
2025-04-26 00:39:15,979 - INFO - This is log message number 8587
2025-04-26 00:39:15,979 - INFO - This is log message number 8588
2025-04-26 00:39:15,979 - INFO - This is log message number 8589
2025-04-26 00:39:15,981 - INFO - This is log message number 8590
2025-04-26 00:39:15,981 - INFO - This is log message number 8591
2025-04-26 00:39:15,981 - INFO - This is log message number 8592
2025-04-26 00:39:15,981 - INFO - This is log message number 8593
2025-04-26 00:39:15,981 - INFO - This is log message number 8594
2025-04-26 00:39:15,981 - INFO - This is log message number 8595
2025-04-26 00:39:15,982 - INFO - This is log message number 8596
2025-04-26 00:39:15,982 - INFO - This is log message number 8597
2025-04-26 00:39:15,982 - INFO - This is log message number 8598
2025-04-26 00:39:15,982 - INFO - This is log message number 8599
2025-04-26 00:39:15,983 - INFO - This is log message number 8600
2025-04-26 00:39:15,983 - INFO - This is log message number 8601
2025-04-26 00:39:15,983 - INFO - This is log message number 8602
2025-04-26 00:39:15,983 - INFO - This is log message number 8603
2025-04-26 00:39:15,983 - INFO - This is log message number 8604
2025-04-26 00:39:15,984 - INFO - This is log message number 8605
2025-04-26 00:39:15,984 - INFO - This is log message number 8606
2025-04-26 00:39:15,984 - INFO - This is log message number 8607
2025-04-26 00:39:15,984 - INFO - This is log message number 8608
2025-04-26 00:39:15,984 - INFO - This is log message number 8609
2025-04-26 00:39:15,985 - INFO - This is log message number 8610
2025-04-26 00:39:15,985 - INFO - This is log message number 8611
2025-04-26 00:39:15,985 - INFO - This is log message number 8612
2025-04-26 00:39:15,985 - INFO - This is log message number 8613
2025-04-26 00:39:15,985 - INFO - This is log message number 8614
2025-04-26 00:39:15,985 - INFO - This is log message number 8615
2025-04-26 00:39:15,985 - INFO - This is log message number 8616
2025-04-26 00:39:15,985 - INFO - This is log message number 8617
2025-04-26 00:39:15,985 - INFO - This is log message number 8618
2025-04-26 00:39:15,986 - INFO - This is log message number 8619
2025-04-26 00:39:15,986 - INFO - This is log message number 8620
2025-04-26 00:39:15,987 - INFO - This is log message number 8621
2025-04-26 00:39:15,987 - INFO - This is log message number 8622
2025-04-26 00:39:15,987 - INFO - This is log message number 8623
2025-04-26 00:39:15,987 - INFO - This is log message number 8624
2025-04-26 00:39:15,987 - INFO - This is log message number 8625
2025-04-26 00:39:15,988 - INFO - This is log message number 8626
2025-04-26 00:39:15,988 - INFO - This is log message number 8627
2025-04-26 00:39:15,988 - INFO - This is log message number 8628
2025-04-26 00:39:15,988 - INFO - This is log message number 8629
2025-04-26 00:39:15,989 - INFO - This is log message number 8630
2025-04-26 00:39:15,989 - INFO - This is log message number 8631
2025-04-26 00:39:15,989 - INFO - This is log message number 8632
2025-04-26 00:39:15,989 - INFO - This is log message number 8633
2025-04-26 00:39:15,989 - INFO - This is log message number 8634
2025-04-26 00:39:15,990 - INFO - This is log message number 8635
2025-04-26 00:39:15,990 - INFO - This is log message number 8636
2025-04-26 00:39:15,990 - INFO - This is log message number 8637
2025-04-26 00:39:15,990 - INFO - This is log message number 8638
2025-04-26 00:39:15,990 - INFO - This is log message number 8639
2025-04-26 00:39:15,991 - INFO - This is log message number 8640
2025-04-26 00:39:15,991 - INFO - This is log message number 8641
2025-04-26 00:39:15,991 - INFO - This is log message number 8642
2025-04-26 00:39:15,991 - INFO - This is log message number 8643
2025-04-26 00:39:15,992 - INFO - This is log message number 8644
2025-04-26 00:39:15,992 - INFO - This is log message number 8645
2025-04-26 00:39:15,992 - INFO - This is log message number 8646
2025-04-26 00:39:15,992 - INFO - This is log message number 8647
2025-04-26 00:39:15,992 - INFO - This is log message number 8648
2025-04-26 00:39:15,993 - INFO - This is log message number 8649
2025-04-26 00:39:15,993 - INFO - This is log message number 8650
2025-04-26 00:39:15,993 - INFO - This is log message number 8651
2025-04-26 00:39:15,993 - INFO - This is log message number 8652
2025-04-26 00:39:15,995 - INFO - This is log message number 8653
2025-04-26 00:39:15,995 - INFO - This is log message number 8654
2025-04-26 00:39:15,995 - INFO - This is log message number 8655
2025-04-26 00:39:15,995 - INFO - This is log message number 8656
2025-04-26 00:39:15,995 - INFO - This is log message number 8657
2025-04-26 00:39:15,995 - INFO - This is log message number 8658
2025-04-26 00:39:15,996 - INFO - This is log message number 8659
2025-04-26 00:39:15,996 - INFO - This is log message number 8660
2025-04-26 00:39:15,996 - INFO - This is log message number 8661
2025-04-26 00:39:15,996 - INFO - This is log message number 8662
2025-04-26 00:39:15,996 - INFO - This is log message number 8663
2025-04-26 00:39:15,996 - INFO - This is log message number 8664
2025-04-26 00:39:15,996 - INFO - This is log message number 8665
2025-04-26 00:39:15,997 - INFO - This is log message number 8666
2025-04-26 00:39:15,997 - INFO - This is log message number 8667
2025-04-26 00:39:15,997 - INFO - This is log message number 8668
2025-04-26 00:39:15,997 - INFO - This is log message number 8669
2025-04-26 00:39:15,997 - INFO - This is log message number 8670
2025-04-26 00:39:15,997 - INFO - This is log message number 8671
2025-04-26 00:39:15,998 - INFO - This is log message number 8672
2025-04-26 00:39:15,998 - INFO - This is log message number 8673
2025-04-26 00:39:15,998 - INFO - This is log message number 8674
2025-04-26 00:39:15,998 - INFO - This is log message number 8675
2025-04-26 00:39:15,998 - INFO - This is log message number 8676
2025-04-26 00:39:15,999 - INFO - This is log message number 8677
2025-04-26 00:39:15,999 - INFO - This is log message number 8678
2025-04-26 00:39:15,999 - INFO - This is log message number 8679
2025-04-26 00:39:15,999 - INFO - This is log message number 8680
2025-04-26 00:39:15,999 - INFO - This is log message number 8681
2025-04-26 00:39:16,000 - INFO - This is log message number 8682
2025-04-26 00:39:16,000 - INFO - This is log message number 8683
2025-04-26 00:39:16,000 - INFO - This is log message number 8684
2025-04-26 00:39:16,000 - INFO - This is log message number 8685
2025-04-26 00:39:16,000 - INFO - This is log message number 8686
2025-04-26 00:39:16,000 - INFO - This is log message number 8687
2025-04-26 00:39:16,001 - INFO - This is log message number 8688
2025-04-26 00:39:16,001 - INFO - This is log message number 8689
2025-04-26 00:39:16,001 - INFO - This is log message number 8690
2025-04-26 00:39:16,001 - INFO - This is log message number 8691
2025-04-26 00:39:16,001 - INFO - This is log message number 8692
2025-04-26 00:39:16,002 - INFO - This is log message number 8693
2025-04-26 00:39:16,002 - INFO - This is log message number 8694
2025-04-26 00:39:16,002 - INFO - This is log message number 8695
2025-04-26 00:39:16,002 - INFO - This is log message number 8696
2025-04-26 00:39:16,002 - INFO - This is log message number 8697
2025-04-26 00:39:16,003 - INFO - This is log message number 8698
2025-04-26 00:39:16,003 - INFO - This is log message number 8699
2025-04-26 00:39:16,003 - INFO - This is log message number 8700
2025-04-26 00:39:16,004 - INFO - This is log message number 8701
2025-04-26 00:39:16,004 - INFO - This is log message number 8702
2025-04-26 00:39:16,004 - INFO - This is log message number 8703
2025-04-26 00:39:16,004 - INFO - This is log message number 8704
2025-04-26 00:39:16,004 - INFO - This is log message number 8705
2025-04-26 00:39:16,006 - INFO - This is log message number 8706
2025-04-26 00:39:16,006 - INFO - This is log message number 8707
2025-04-26 00:39:16,006 - INFO - This is log message number 8708
2025-04-26 00:39:16,006 - INFO - This is log message number 8709
2025-04-26 00:39:16,006 - INFO - This is log message number 8710
2025-04-26 00:39:16,007 - INFO - This is log message number 8711
2025-04-26 00:39:16,007 - INFO - This is log message number 8712
2025-04-26 00:39:16,007 - INFO - This is log message number 8713
2025-04-26 00:39:16,007 - INFO - This is log message number 8714
2025-04-26 00:39:16,008 - INFO - This is log message number 8715
2025-04-26 00:39:16,008 - INFO - This is log message number 8716
2025-04-26 00:39:16,008 - INFO - This is log message number 8717
2025-04-26 00:39:16,008 - INFO - This is log message number 8718
2025-04-26 00:39:16,009 - INFO - This is log message number 8719
2025-04-26 00:39:16,009 - INFO - This is log message number 8720
2025-04-26 00:39:16,009 - INFO - This is log message number 8721
2025-04-26 00:39:16,009 - INFO - This is log message number 8722
2025-04-26 00:39:16,009 - INFO - This is log message number 8723
2025-04-26 00:39:16,010 - INFO - This is log message number 8724
2025-04-26 00:39:16,010 - INFO - This is log message number 8725
2025-04-26 00:39:16,010 - INFO - This is log message number 8726
2025-04-26 00:39:16,010 - INFO - This is log message number 8727
2025-04-26 00:39:16,010 - INFO - This is log message number 8728
2025-04-26 00:39:16,010 - INFO - This is log message number 8729
2025-04-26 00:39:16,011 - INFO - This is log message number 8730
2025-04-26 00:39:16,011 - INFO - This is log message number 8731
2025-04-26 00:39:16,011 - INFO - This is log message number 8732
2025-04-26 00:39:16,011 - INFO - This is log message number 8733
2025-04-26 00:39:16,011 - INFO - This is log message number 8734
2025-04-26 00:39:16,011 - INFO - This is log message number 8735
2025-04-26 00:39:16,011 - INFO - This is log message number 8736
2025-04-26 00:39:16,011 - INFO - This is log message number 8737
2025-04-26 00:39:16,011 - INFO - This is log message number 8738
2025-04-26 00:39:16,012 - INFO - This is log message number 8739
2025-04-26 00:39:16,012 - INFO - This is log message number 8740
2025-04-26 00:39:16,012 - INFO - This is log message number 8741
2025-04-26 00:39:16,012 - INFO - This is log message number 8742
2025-04-26 00:39:16,012 - INFO - This is log message number 8743
2025-04-26 00:39:16,013 - INFO - This is log message number 8744
2025-04-26 00:39:16,013 - INFO - This is log message number 8745
2025-04-26 00:39:16,013 - INFO - This is log message number 8746
2025-04-26 00:39:16,013 - INFO - This is log message number 8747
2025-04-26 00:39:16,013 - INFO - This is log message number 8748
2025-04-26 00:39:16,014 - INFO - This is log message number 8749
2025-04-26 00:39:16,014 - INFO - This is log message number 8750
2025-04-26 00:39:16,014 - INFO - This is log message number 8751
2025-04-26 00:39:16,014 - INFO - This is log message number 8752
2025-04-26 00:39:16,014 - INFO - This is log message number 8753
2025-04-26 00:39:16,015 - INFO - This is log message number 8754
2025-04-26 00:39:16,015 - INFO - This is log message number 8755
2025-04-26 00:39:16,015 - INFO - This is log message number 8756
2025-04-26 00:39:16,015 - INFO - This is log message number 8757
2025-04-26 00:39:16,015 - INFO - This is log message number 8758
2025-04-26 00:39:16,015 - INFO - This is log message number 8759
2025-04-26 00:39:16,017 - INFO - This is log message number 8760
2025-04-26 00:39:16,017 - INFO - This is log message number 8761
2025-04-26 00:39:16,017 - INFO - This is log message number 8762
2025-04-26 00:39:16,017 - INFO - This is log message number 8763
2025-04-26 00:39:16,017 - INFO - This is log message number 8764
2025-04-26 00:39:16,017 - INFO - This is log message number 8765
2025-04-26 00:39:16,018 - INFO - This is log message number 8766
2025-04-26 00:39:16,018 - INFO - This is log message number 8767
2025-04-26 00:39:16,018 - INFO - This is log message number 8768
2025-04-26 00:39:16,018 - INFO - This is log message number 8769
2025-04-26 00:39:16,018 - INFO - This is log message number 8770
2025-04-26 00:39:16,018 - INFO - This is log message number 8771
2025-04-26 00:39:16,019 - INFO - This is log message number 8772
2025-04-26 00:39:16,019 - INFO - This is log message number 8773
2025-04-26 00:39:16,019 - INFO - This is log message number 8774
2025-04-26 00:39:16,019 - INFO - This is log message number 8775
2025-04-26 00:39:16,019 - INFO - This is log message number 8776
2025-04-26 00:39:16,020 - INFO - This is log message number 8777
2025-04-26 00:39:16,020 - INFO - This is log message number 8778
2025-04-26 00:39:16,020 - INFO - This is log message number 8779
2025-04-26 00:39:16,020 - INFO - This is log message number 8780
2025-04-26 00:39:16,020 - INFO - This is log message number 8781
2025-04-26 00:39:16,021 - INFO - This is log message number 8782
2025-04-26 00:39:16,021 - INFO - This is log message number 8783
2025-04-26 00:39:16,021 - INFO - This is log message number 8784
2025-04-26 00:39:16,021 - INFO - This is log message number 8785
2025-04-26 00:39:16,022 - INFO - This is log message number 8786
2025-04-26 00:39:16,022 - INFO - This is log message number 8787
2025-04-26 00:39:16,022 - INFO - This is log message number 8788
2025-04-26 00:39:16,022 - INFO - This is log message number 8789
2025-04-26 00:39:16,023 - INFO - This is log message number 8790
2025-04-26 00:39:16,023 - INFO - This is log message number 8791
2025-04-26 00:39:16,023 - INFO - This is log message number 8792
2025-04-26 00:39:16,023 - INFO - This is log message number 8793
2025-04-26 00:39:16,023 - INFO - This is log message number 8794
2025-04-26 00:39:16,024 - INFO - This is log message number 8795
2025-04-26 00:39:16,024 - INFO - This is log message number 8796
2025-04-26 00:39:16,024 - INFO - This is log message number 8797
2025-04-26 00:39:16,024 - INFO - This is log message number 8798
2025-04-26 00:39:16,025 - INFO - This is log message number 8799
2025-04-26 00:39:16,025 - INFO - This is log message number 8800
2025-04-26 00:39:16,025 - INFO - This is log message number 8801
2025-04-26 00:39:16,025 - INFO - This is log message number 8802
2025-04-26 00:39:16,025 - INFO - This is log message number 8803
2025-04-26 00:39:16,025 - INFO - This is log message number 8804
2025-04-26 00:39:16,025 - INFO - This is log message number 8805
2025-04-26 00:39:16,026 - INFO - This is log message number 8806
2025-04-26 00:39:16,026 - INFO - This is log message number 8807
2025-04-26 00:39:16,026 - INFO - This is log message number 8808
2025-04-26 00:39:16,026 - INFO - This is log message number 8809
2025-04-26 00:39:16,026 - INFO - This is log message number 8810
2025-04-26 00:39:16,027 - INFO - This is log message number 8811
2025-04-26 00:39:16,027 - INFO - This is log message number 8812
2025-04-26 00:39:16,027 - INFO - This is log message number 8813
2025-04-26 00:39:16,027 - INFO - This is log message number 8814
2025-04-26 00:39:16,027 - INFO - This is log message number 8815
2025-04-26 00:39:16,027 - INFO - This is log message number 8816
2025-04-26 00:39:16,028 - INFO - This is log message number 8817
2025-04-26 00:39:16,028 - INFO - This is log message number 8818
2025-04-26 00:39:16,028 - INFO - This is log message number 8819
2025-04-26 00:39:16,028 - INFO - This is log message number 8820
2025-04-26 00:39:16,028 - INFO - This is log message number 8821
2025-04-26 00:39:16,028 - INFO - This is log message number 8822
2025-04-26 00:39:16,028 - INFO - This is log message number 8823
2025-04-26 00:39:16,030 - INFO - This is log message number 8824
2025-04-26 00:39:16,030 - INFO - This is log message number 8825
2025-04-26 00:39:16,030 - INFO - This is log message number 8826
2025-04-26 00:39:16,030 - INFO - This is log message number 8827
2025-04-26 00:39:16,030 - INFO - This is log message number 8828
2025-04-26 00:39:16,030 - INFO - This is log message number 8829
2025-04-26 00:39:16,030 - INFO - This is log message number 8830
2025-04-26 00:39:16,031 - INFO - This is log message number 8831
2025-04-26 00:39:16,031 - INFO - This is log message number 8832
2025-04-26 00:39:16,031 - INFO - This is log message number 8833
2025-04-26 00:39:16,031 - INFO - This is log message number 8834
2025-04-26 00:39:16,031 - INFO - This is log message number 8835
2025-04-26 00:39:16,031 - INFO - This is log message number 8836
2025-04-26 00:39:16,032 - INFO - This is log message number 8837
2025-04-26 00:39:16,032 - INFO - This is log message number 8838
2025-04-26 00:39:16,032 - INFO - This is log message number 8839
2025-04-26 00:39:16,032 - INFO - This is log message number 8840
2025-04-26 00:39:16,032 - INFO - This is log message number 8841
2025-04-26 00:39:16,032 - INFO - This is log message number 8842
2025-04-26 00:39:16,032 - INFO - This is log message number 8843
2025-04-26 00:39:16,033 - INFO - This is log message number 8844
2025-04-26 00:39:16,033 - INFO - This is log message number 8845
2025-04-26 00:39:16,033 - INFO - This is log message number 8846
2025-04-26 00:39:16,033 - INFO - This is log message number 8847
2025-04-26 00:39:16,033 - INFO - This is log message number 8848
2025-04-26 00:39:16,033 - INFO - This is log message number 8849
2025-04-26 00:39:16,034 - INFO - This is log message number 8850
2025-04-26 00:39:16,034 - INFO - This is log message number 8851
2025-04-26 00:39:16,034 - INFO - This is log message number 8852
2025-04-26 00:39:16,034 - INFO - This is log message number 8853
2025-04-26 00:39:16,034 - INFO - This is log message number 8854
2025-04-26 00:39:16,034 - INFO - This is log message number 8855
2025-04-26 00:39:16,034 - INFO - This is log message number 8856
2025-04-26 00:39:16,035 - INFO - This is log message number 8857
2025-04-26 00:39:16,035 - INFO - This is log message number 8858
2025-04-26 00:39:16,035 - INFO - This is log message number 8859
2025-04-26 00:39:16,035 - INFO - This is log message number 8860
2025-04-26 00:39:16,036 - INFO - This is log message number 8861
2025-04-26 00:39:16,036 - INFO - This is log message number 8862
2025-04-26 00:39:16,036 - INFO - This is log message number 8863
2025-04-26 00:39:16,036 - INFO - This is log message number 8864
2025-04-26 00:39:16,036 - INFO - This is log message number 8865
2025-04-26 00:39:16,038 - INFO - This is log message number 8866
2025-04-26 00:39:16,038 - INFO - This is log message number 8867
2025-04-26 00:39:16,038 - INFO - This is log message number 8868
2025-04-26 00:39:16,038 - INFO - This is log message number 8869
2025-04-26 00:39:16,038 - INFO - This is log message number 8870
2025-04-26 00:39:16,039 - INFO - This is log message number 8871
2025-04-26 00:39:16,039 - INFO - This is log message number 8872
2025-04-26 00:39:16,039 - INFO - This is log message number 8873
2025-04-26 00:39:16,039 - INFO - This is log message number 8874
2025-04-26 00:39:16,039 - INFO - This is log message number 8875
2025-04-26 00:39:16,040 - INFO - This is log message number 8876
2025-04-26 00:39:16,040 - INFO - This is log message number 8877
2025-04-26 00:39:16,040 - INFO - This is log message number 8878
2025-04-26 00:39:16,040 - INFO - This is log message number 8879
2025-04-26 00:39:16,040 - INFO - This is log message number 8880
2025-04-26 00:39:16,040 - INFO - This is log message number 8881
2025-04-26 00:39:16,040 - INFO - This is log message number 8882
2025-04-26 00:39:16,041 - INFO - This is log message number 8883
2025-04-26 00:39:16,041 - INFO - This is log message number 8884
2025-04-26 00:39:16,041 - INFO - This is log message number 8885
2025-04-26 00:39:16,041 - INFO - This is log message number 8886
2025-04-26 00:39:16,041 - INFO - This is log message number 8887
2025-04-26 00:39:16,042 - INFO - This is log message number 8888
2025-04-26 00:39:16,042 - INFO - This is log message number 8889
2025-04-26 00:39:16,042 - INFO - This is log message number 8890
2025-04-26 00:39:16,042 - INFO - This is log message number 8891
2025-04-26 00:39:16,042 - INFO - This is log message number 8892
2025-04-26 00:39:16,042 - INFO - This is log message number 8893
2025-04-26 00:39:16,042 - INFO - This is log message number 8894
2025-04-26 00:39:16,043 - INFO - This is log message number 8895
2025-04-26 00:39:16,043 - INFO - This is log message number 8896
2025-04-26 00:39:16,043 - INFO - This is log message number 8897
2025-04-26 00:39:16,043 - INFO - This is log message number 8898
2025-04-26 00:39:16,043 - INFO - This is log message number 8899
2025-04-26 00:39:16,043 - INFO - This is log message number 8900
2025-04-26 00:39:16,043 - INFO - This is log message number 8901
2025-04-26 00:39:16,045 - INFO - This is log message number 8902
2025-04-26 00:39:16,045 - INFO - This is log message number 8903
2025-04-26 00:39:16,045 - INFO - This is log message number 8904
2025-04-26 00:39:16,045 - INFO - This is log message number 8905
2025-04-26 00:39:16,045 - INFO - This is log message number 8906
2025-04-26 00:39:16,046 - INFO - This is log message number 8907
2025-04-26 00:39:16,046 - INFO - This is log message number 8908
2025-04-26 00:39:16,046 - INFO - This is log message number 8909
2025-04-26 00:39:16,046 - INFO - This is log message number 8910
2025-04-26 00:39:16,046 - INFO - This is log message number 8911
2025-04-26 00:39:16,047 - INFO - This is log message number 8912
2025-04-26 00:39:16,047 - INFO - This is log message number 8913
2025-04-26 00:39:16,047 - INFO - This is log message number 8914
2025-04-26 00:39:16,047 - INFO - This is log message number 8915
2025-04-26 00:39:16,047 - INFO - This is log message number 8916
2025-04-26 00:39:16,048 - INFO - This is log message number 8917
2025-04-26 00:39:16,048 - INFO - This is log message number 8918
2025-04-26 00:39:16,048 - INFO - This is log message number 8919
2025-04-26 00:39:16,048 - INFO - This is log message number 8920
2025-04-26 00:39:16,048 - INFO - This is log message number 8921
2025-04-26 00:39:16,048 - INFO - This is log message number 8922
2025-04-26 00:39:16,049 - INFO - This is log message number 8923
2025-04-26 00:39:16,049 - INFO - This is log message number 8924
2025-04-26 00:39:16,049 - INFO - This is log message number 8925
2025-04-26 00:39:16,049 - INFO - This is log message number 8926
2025-04-26 00:39:16,049 - INFO - This is log message number 8927
2025-04-26 00:39:16,049 - INFO - This is log message number 8928
2025-04-26 00:39:16,049 - INFO - This is log message number 8929
2025-04-26 00:39:16,050 - INFO - This is log message number 8930
2025-04-26 00:39:16,050 - INFO - This is log message number 8931
2025-04-26 00:39:16,050 - INFO - This is log message number 8932
2025-04-26 00:39:16,050 - INFO - This is log message number 8933
2025-04-26 00:39:16,050 - INFO - This is log message number 8934
2025-04-26 00:39:16,051 - INFO - This is log message number 8935
2025-04-26 00:39:16,051 - INFO - This is log message number 8936
2025-04-26 00:39:16,051 - INFO - This is log message number 8937
2025-04-26 00:39:16,051 - INFO - This is log message number 8938
2025-04-26 00:39:16,051 - INFO - This is log message number 8939
2025-04-26 00:39:16,051 - INFO - This is log message number 8940
2025-04-26 00:39:16,052 - INFO - This is log message number 8941
2025-04-26 00:39:16,052 - INFO - This is log message number 8942
2025-04-26 00:39:16,052 - INFO - This is log message number 8943
2025-04-26 00:39:16,052 - INFO - This is log message number 8944
2025-04-26 00:39:16,052 - INFO - This is log message number 8945
2025-04-26 00:39:16,053 - INFO - This is log message number 8946
2025-04-26 00:39:16,053 - INFO - This is log message number 8947
2025-04-26 00:39:16,053 - INFO - This is log message number 8948
2025-04-26 00:39:16,053 - INFO - This is log message number 8949
2025-04-26 00:39:16,054 - INFO - This is log message number 8950
2025-04-26 00:39:16,054 - INFO - This is log message number 8951
2025-04-26 00:39:16,054 - INFO - This is log message number 8952
2025-04-26 00:39:16,054 - INFO - This is log message number 8953
2025-04-26 00:39:16,055 - INFO - This is log message number 8954
2025-04-26 00:39:16,055 - INFO - This is log message number 8955
2025-04-26 00:39:16,055 - INFO - This is log message number 8956
2025-04-26 00:39:16,055 - INFO - This is log message number 8957
2025-04-26 00:39:16,055 - INFO - This is log message number 8958
2025-04-26 00:39:16,055 - INFO - This is log message number 8959
2025-04-26 00:39:16,055 - INFO - This is log message number 8960
2025-04-26 00:39:16,057 - INFO - This is log message number 8961
2025-04-26 00:39:16,057 - INFO - This is log message number 8962
2025-04-26 00:39:16,057 - INFO - This is log message number 8963
2025-04-26 00:39:16,057 - INFO - This is log message number 8964
2025-04-26 00:39:16,057 - INFO - This is log message number 8965
2025-04-26 00:39:16,058 - INFO - This is log message number 8966
2025-04-26 00:39:16,058 - INFO - This is log message number 8967
2025-04-26 00:39:16,058 - INFO - This is log message number 8968
2025-04-26 00:39:16,058 - INFO - This is log message number 8969
2025-04-26 00:39:16,058 - INFO - This is log message number 8970
2025-04-26 00:39:16,059 - INFO - This is log message number 8971
2025-04-26 00:39:16,059 - INFO - This is log message number 8972
2025-04-26 00:39:16,059 - INFO - This is log message number 8973
2025-04-26 00:39:16,059 - INFO - This is log message number 8974
2025-04-26 00:39:16,059 - INFO - This is log message number 8975
2025-04-26 00:39:16,059 - INFO - This is log message number 8976
2025-04-26 00:39:16,059 - INFO - This is log message number 8977
2025-04-26 00:39:16,060 - INFO - This is log message number 8978
2025-04-26 00:39:16,060 - INFO - This is log message number 8979
2025-04-26 00:39:16,060 - INFO - This is log message number 8980
2025-04-26 00:39:16,060 - INFO - This is log message number 8981
2025-04-26 00:39:16,060 - INFO - This is log message number 8982
2025-04-26 00:39:16,061 - INFO - This is log message number 8983
2025-04-26 00:39:16,061 - INFO - This is log message number 8984
2025-04-26 00:39:16,061 - INFO - This is log message number 8985
2025-04-26 00:39:16,061 - INFO - This is log message number 8986
2025-04-26 00:39:16,061 - INFO - This is log message number 8987
2025-04-26 00:39:16,062 - INFO - This is log message number 8988
2025-04-26 00:39:16,062 - INFO - This is log message number 8989
2025-04-26 00:39:16,062 - INFO - This is log message number 8990
2025-04-26 00:39:16,062 - INFO - This is log message number 8991
2025-04-26 00:39:16,062 - INFO - This is log message number 8992
2025-04-26 00:39:16,062 - INFO - This is log message number 8993
2025-04-26 00:39:16,062 - INFO - This is log message number 8994
2025-04-26 00:39:16,063 - INFO - This is log message number 8995
2025-04-26 00:39:16,063 - INFO - This is log message number 8996
2025-04-26 00:39:16,063 - INFO - This is log message number 8997
2025-04-26 00:39:16,063 - INFO - This is log message number 8998
2025-04-26 00:39:16,063 - INFO - This is log message number 8999
2025-04-26 00:39:16,063 - INFO - This is log message number 9000
2025-04-26 00:39:16,065 - INFO - This is log message number 9001
2025-04-26 00:39:16,065 - INFO - This is log message number 9002
2025-04-26 00:39:16,065 - INFO - This is log message number 9003
2025-04-26 00:39:16,065 - INFO - This is log message number 9004
2025-04-26 00:39:16,065 - INFO - This is log message number 9005
2025-04-26 00:39:16,065 - INFO - This is log message number 9006
2025-04-26 00:39:16,066 - INFO - This is log message number 9007
2025-04-26 00:39:16,066 - INFO - This is log message number 9008
2025-04-26 00:39:16,066 - INFO - This is log message number 9009
2025-04-26 00:39:16,066 - INFO - This is log message number 9010
2025-04-26 00:39:16,066 - INFO - This is log message number 9011
2025-04-26 00:39:16,066 - INFO - This is log message number 9012
2025-04-26 00:39:16,066 - INFO - This is log message number 9013
2025-04-26 00:39:16,067 - INFO - This is log message number 9014
2025-04-26 00:39:16,067 - INFO - This is log message number 9015
2025-04-26 00:39:16,067 - INFO - This is log message number 9016
2025-04-26 00:39:16,067 - INFO - This is log message number 9017
2025-04-26 00:39:16,067 - INFO - This is log message number 9018
2025-04-26 00:39:16,067 - INFO - This is log message number 9019
2025-04-26 00:39:16,067 - INFO - This is log message number 9020
2025-04-26 00:39:16,068 - INFO - This is log message number 9021
2025-04-26 00:39:16,068 - INFO - This is log message number 9022
2025-04-26 00:39:16,068 - INFO - This is log message number 9023
2025-04-26 00:39:16,068 - INFO - This is log message number 9024
2025-04-26 00:39:16,068 - INFO - This is log message number 9025
2025-04-26 00:39:16,069 - INFO - This is log message number 9026
2025-04-26 00:39:16,069 - INFO - This is log message number 9027
2025-04-26 00:39:16,069 - INFO - This is log message number 9028
2025-04-26 00:39:16,070 - INFO - This is log message number 9029
2025-04-26 00:39:16,070 - INFO - This is log message number 9030
2025-04-26 00:39:16,070 - INFO - This is log message number 9031
2025-04-26 00:39:16,070 - INFO - This is log message number 9032
2025-04-26 00:39:16,070 - INFO - This is log message number 9033
2025-04-26 00:39:16,071 - INFO - This is log message number 9034
2025-04-26 00:39:16,071 - INFO - This is log message number 9035
2025-04-26 00:39:16,071 - INFO - This is log message number 9036
2025-04-26 00:39:16,071 - INFO - This is log message number 9037
2025-04-26 00:39:16,071 - INFO - This is log message number 9038
2025-04-26 00:39:16,071 - INFO - This is log message number 9039
2025-04-26 00:39:16,072 - INFO - This is log message number 9040
2025-04-26 00:39:16,072 - INFO - This is log message number 9041
2025-04-26 00:39:16,072 - INFO - This is log message number 9042
2025-04-26 00:39:16,072 - INFO - This is log message number 9043
2025-04-26 00:39:16,072 - INFO - This is log message number 9044
2025-04-26 00:39:16,074 - INFO - This is log message number 9045
2025-04-26 00:39:16,074 - INFO - This is log message number 9046
2025-04-26 00:39:16,074 - INFO - This is log message number 9047
2025-04-26 00:39:16,074 - INFO - This is log message number 9048
2025-04-26 00:39:16,074 - INFO - This is log message number 9049
2025-04-26 00:39:16,075 - INFO - This is log message number 9050
2025-04-26 00:39:16,075 - INFO - This is log message number 9051
2025-04-26 00:39:16,075 - INFO - This is log message number 9052
2025-04-26 00:39:16,075 - INFO - This is log message number 9053
2025-04-26 00:39:16,075 - INFO - This is log message number 9054
2025-04-26 00:39:16,075 - INFO - This is log message number 9055
2025-04-26 00:39:16,076 - INFO - This is log message number 9056
2025-04-26 00:39:16,076 - INFO - This is log message number 9057
2025-04-26 00:39:16,076 - INFO - This is log message number 9058
2025-04-26 00:39:16,076 - INFO - This is log message number 9059
2025-04-26 00:39:16,076 - INFO - This is log message number 9060
2025-04-26 00:39:16,076 - INFO - This is log message number 9061
2025-04-26 00:39:16,077 - INFO - This is log message number 9062
2025-04-26 00:39:16,077 - INFO - This is log message number 9063
2025-04-26 00:39:16,077 - INFO - This is log message number 9064
2025-04-26 00:39:16,077 - INFO - This is log message number 9065
2025-04-26 00:39:16,077 - INFO - This is log message number 9066
2025-04-26 00:39:16,077 - INFO - This is log message number 9067
2025-04-26 00:39:16,078 - INFO - This is log message number 9068
2025-04-26 00:39:16,078 - INFO - This is log message number 9069
2025-04-26 00:39:16,078 - INFO - This is log message number 9070
2025-04-26 00:39:16,078 - INFO - This is log message number 9071
2025-04-26 00:39:16,078 - INFO - This is log message number 9072
2025-04-26 00:39:16,079 - INFO - This is log message number 9073
2025-04-26 00:39:16,079 - INFO - This is log message number 9074
2025-04-26 00:39:16,079 - INFO - This is log message number 9075
2025-04-26 00:39:16,079 - INFO - This is log message number 9076
2025-04-26 00:39:16,079 - INFO - This is log message number 9077
2025-04-26 00:39:16,079 - INFO - This is log message number 9078
2025-04-26 00:39:16,079 - INFO - This is log message number 9079
2025-04-26 00:39:16,080 - INFO - This is log message number 9080
2025-04-26 00:39:16,080 - INFO - This is log message number 9081
2025-04-26 00:39:16,080 - INFO - This is log message number 9082
2025-04-26 00:39:16,080 - INFO - This is log message number 9083
2025-04-26 00:39:16,080 - INFO - This is log message number 9084
2025-04-26 00:39:16,081 - INFO - This is log message number 9085
2025-04-26 00:39:16,081 - INFO - This is log message number 9086
2025-04-26 00:39:16,081 - INFO - This is log message number 9087
2025-04-26 00:39:16,081 - INFO - This is log message number 9088
2025-04-26 00:39:16,081 - INFO - This is log message number 9089
2025-04-26 00:39:16,082 - INFO - This is log message number 9090
2025-04-26 00:39:16,082 - INFO - This is log message number 9091
2025-04-26 00:39:16,082 - INFO - This is log message number 9092
2025-04-26 00:39:16,082 - INFO - This is log message number 9093
2025-04-26 00:39:16,082 - INFO - This is log message number 9094
2025-04-26 00:39:16,082 - INFO - This is log message number 9095
2025-04-26 00:39:16,083 - INFO - This is log message number 9096
2025-04-26 00:39:16,083 - INFO - This is log message number 9097
2025-04-26 00:39:16,083 - INFO - This is log message number 9098
2025-04-26 00:39:16,083 - INFO - This is log message number 9099
2025-04-26 00:39:16,083 - INFO - This is log message number 9100
2025-04-26 00:39:16,084 - INFO - This is log message number 9101
2025-04-26 00:39:16,084 - INFO - This is log message number 9102
2025-04-26 00:39:16,084 - INFO - This is log message number 9103
2025-04-26 00:39:16,084 - INFO - This is log message number 9104
2025-04-26 00:39:16,084 - INFO - This is log message number 9105
2025-04-26 00:39:16,085 - INFO - This is log message number 9106
2025-04-26 00:39:16,085 - INFO - This is log message number 9107
2025-04-26 00:39:16,085 - INFO - This is log message number 9108
2025-04-26 00:39:16,085 - INFO - This is log message number 9109
2025-04-26 00:39:16,086 - INFO - This is log message number 9110
2025-04-26 00:39:16,086 - INFO - This is log message number 9111
2025-04-26 00:39:16,087 - INFO - This is log message number 9112
2025-04-26 00:39:16,087 - INFO - This is log message number 9113
2025-04-26 00:39:16,087 - INFO - This is log message number 9114
2025-04-26 00:39:16,087 - INFO - This is log message number 9115
2025-04-26 00:39:16,088 - INFO - This is log message number 9116
2025-04-26 00:39:16,088 - INFO - This is log message number 9117
2025-04-26 00:39:16,088 - INFO - This is log message number 9118
2025-04-26 00:39:16,089 - INFO - This is log message number 9119
2025-04-26 00:39:16,089 - INFO - This is log message number 9120
2025-04-26 00:39:16,089 - INFO - This is log message number 9121
2025-04-26 00:39:16,090 - INFO - This is log message number 9122
2025-04-26 00:39:16,090 - INFO - This is log message number 9123
2025-04-26 00:39:16,090 - INFO - This is log message number 9124
2025-04-26 00:39:16,090 - INFO - This is log message number 9125
2025-04-26 00:39:16,090 - INFO - This is log message number 9126
2025-04-26 00:39:16,091 - INFO - This is log message number 9127
2025-04-26 00:39:16,091 - INFO - This is log message number 9128
2025-04-26 00:39:16,091 - INFO - This is log message number 9129
2025-04-26 00:39:16,091 - INFO - This is log message number 9130
2025-04-26 00:39:16,092 - INFO - This is log message number 9131
2025-04-26 00:39:16,092 - INFO - This is log message number 9132
2025-04-26 00:39:16,092 - INFO - This is log message number 9133
2025-04-26 00:39:16,092 - INFO - This is log message number 9134
2025-04-26 00:39:16,092 - INFO - This is log message number 9135
2025-04-26 00:39:16,093 - INFO - This is log message number 9136
2025-04-26 00:39:16,093 - INFO - This is log message number 9137
2025-04-26 00:39:16,093 - INFO - This is log message number 9138
2025-04-26 00:39:16,093 - INFO - This is log message number 9139
2025-04-26 00:39:16,093 - INFO - This is log message number 9140
2025-04-26 00:39:16,094 - INFO - This is log message number 9141
2025-04-26 00:39:16,094 - INFO - This is log message number 9142
2025-04-26 00:39:16,094 - INFO - This is log message number 9143
2025-04-26 00:39:16,094 - INFO - This is log message number 9144
2025-04-26 00:39:16,094 - INFO - This is log message number 9145
2025-04-26 00:39:16,094 - INFO - This is log message number 9146
2025-04-26 00:39:16,094 - INFO - This is log message number 9147
2025-04-26 00:39:16,096 - INFO - This is log message number 9148
2025-04-26 00:39:16,096 - INFO - This is log message number 9149
2025-04-26 00:39:16,096 - INFO - This is log message number 9150
2025-04-26 00:39:16,096 - INFO - This is log message number 9151
2025-04-26 00:39:16,096 - INFO - This is log message number 9152
2025-04-26 00:39:16,096 - INFO - This is log message number 9153
2025-04-26 00:39:16,097 - INFO - This is log message number 9154
2025-04-26 00:39:16,097 - INFO - This is log message number 9155
2025-04-26 00:39:16,097 - INFO - This is log message number 9156
2025-04-26 00:39:16,097 - INFO - This is log message number 9157
2025-04-26 00:39:16,097 - INFO - This is log message number 9158
2025-04-26 00:39:16,097 - INFO - This is log message number 9159
2025-04-26 00:39:16,098 - INFO - This is log message number 9160
2025-04-26 00:39:16,098 - INFO - This is log message number 9161
2025-04-26 00:39:16,098 - INFO - This is log message number 9162
2025-04-26 00:39:16,098 - INFO - This is log message number 9163
2025-04-26 00:39:16,098 - INFO - This is log message number 9164
2025-04-26 00:39:16,098 - INFO - This is log message number 9165
2025-04-26 00:39:16,098 - INFO - This is log message number 9166
2025-04-26 00:39:16,099 - INFO - This is log message number 9167
2025-04-26 00:39:16,099 - INFO - This is log message number 9168
2025-04-26 00:39:16,099 - INFO - This is log message number 9169
2025-04-26 00:39:16,099 - INFO - This is log message number 9170
2025-04-26 00:39:16,099 - INFO - This is log message number 9171
2025-04-26 00:39:16,100 - INFO - This is log message number 9172
2025-04-26 00:39:16,100 - INFO - This is log message number 9173
2025-04-26 00:39:16,100 - INFO - This is log message number 9174
2025-04-26 00:39:16,100 - INFO - This is log message number 9175
2025-04-26 00:39:16,100 - INFO - This is log message number 9176
2025-04-26 00:39:16,101 - INFO - This is log message number 9177
2025-04-26 00:39:16,101 - INFO - This is log message number 9178
2025-04-26 00:39:16,101 - INFO - This is log message number 9179
2025-04-26 00:39:16,101 - INFO - This is log message number 9180
2025-04-26 00:39:16,101 - INFO - This is log message number 9181
2025-04-26 00:39:16,102 - INFO - This is log message number 9182
2025-04-26 00:39:16,102 - INFO - This is log message number 9183
2025-04-26 00:39:16,102 - INFO - This is log message number 9184
2025-04-26 00:39:16,102 - INFO - This is log message number 9185
2025-04-26 00:39:16,102 - INFO - This is log message number 9186
2025-04-26 00:39:16,103 - INFO - This is log message number 9187
2025-04-26 00:39:16,103 - INFO - This is log message number 9188
2025-04-26 00:39:16,103 - INFO - This is log message number 9189
2025-04-26 00:39:16,103 - INFO - This is log message number 9190
2025-04-26 00:39:16,104 - INFO - This is log message number 9191
2025-04-26 00:39:16,104 - INFO - This is log message number 9192
2025-04-26 00:39:16,104 - INFO - This is log message number 9193
2025-04-26 00:39:16,104 - INFO - This is log message number 9194
2025-04-26 00:39:16,105 - INFO - This is log message number 9195
2025-04-26 00:39:16,105 - INFO - This is log message number 9196
2025-04-26 00:39:16,105 - INFO - This is log message number 9197
2025-04-26 00:39:16,105 - INFO - This is log message number 9198
2025-04-26 00:39:16,105 - INFO - This is log message number 9199
2025-04-26 00:39:16,106 - INFO - This is log message number 9200
2025-04-26 00:39:16,106 - INFO - This is log message number 9201
2025-04-26 00:39:16,106 - INFO - This is log message number 9202
2025-04-26 00:39:16,106 - INFO - This is log message number 9203
2025-04-26 00:39:16,106 - INFO - This is log message number 9204
2025-04-26 00:39:16,108 - INFO - This is log message number 9205
2025-04-26 00:39:16,108 - INFO - This is log message number 9206
2025-04-26 00:39:16,108 - INFO - This is log message number 9207
2025-04-26 00:39:16,109 - INFO - This is log message number 9208
2025-04-26 00:39:16,109 - INFO - This is log message number 9209
2025-04-26 00:39:16,109 - INFO - This is log message number 9210
2025-04-26 00:39:16,109 - INFO - This is log message number 9211
2025-04-26 00:39:16,109 - INFO - This is log message number 9212
2025-04-26 00:39:16,109 - INFO - This is log message number 9213
2025-04-26 00:39:16,110 - INFO - This is log message number 9214
2025-04-26 00:39:16,110 - INFO - This is log message number 9215
2025-04-26 00:39:16,110 - INFO - This is log message number 9216
2025-04-26 00:39:16,110 - INFO - This is log message number 9217
2025-04-26 00:39:16,110 - INFO - This is log message number 9218
2025-04-26 00:39:16,110 - INFO - This is log message number 9219
2025-04-26 00:39:16,111 - INFO - This is log message number 9220
2025-04-26 00:39:16,111 - INFO - This is log message number 9221
2025-04-26 00:39:16,111 - INFO - This is log message number 9222
2025-04-26 00:39:16,111 - INFO - This is log message number 9223
2025-04-26 00:39:16,111 - INFO - This is log message number 9224
2025-04-26 00:39:16,111 - INFO - This is log message number 9225
2025-04-26 00:39:16,111 - INFO - This is log message number 9226
2025-04-26 00:39:16,112 - INFO - This is log message number 9227
2025-04-26 00:39:16,112 - INFO - This is log message number 9228
2025-04-26 00:39:16,112 - INFO - This is log message number 9229
2025-04-26 00:39:16,112 - INFO - This is log message number 9230
2025-04-26 00:39:16,112 - INFO - This is log message number 9231
2025-04-26 00:39:16,113 - INFO - This is log message number 9232
2025-04-26 00:39:16,113 - INFO - This is log message number 9233
2025-04-26 00:39:16,113 - INFO - This is log message number 9234
2025-04-26 00:39:16,113 - INFO - This is log message number 9235
2025-04-26 00:39:16,113 - INFO - This is log message number 9236
2025-04-26 00:39:16,114 - INFO - This is log message number 9237
2025-04-26 00:39:16,114 - INFO - This is log message number 9238
2025-04-26 00:39:16,114 - INFO - This is log message number 9239
2025-04-26 00:39:16,114 - INFO - This is log message number 9240
2025-04-26 00:39:16,114 - INFO - This is log message number 9241
2025-04-26 00:39:16,114 - INFO - This is log message number 9242
2025-04-26 00:39:16,115 - INFO - This is log message number 9243
2025-04-26 00:39:16,115 - INFO - This is log message number 9244
2025-04-26 00:39:16,115 - INFO - This is log message number 9245
2025-04-26 00:39:16,115 - INFO - This is log message number 9246
2025-04-26 00:39:16,115 - INFO - This is log message number 9247
2025-04-26 00:39:16,115 - INFO - This is log message number 9248
2025-04-26 00:39:16,116 - INFO - This is log message number 9249
2025-04-26 00:39:16,116 - INFO - This is log message number 9250
2025-04-26 00:39:16,116 - INFO - This is log message number 9251
2025-04-26 00:39:16,116 - INFO - This is log message number 9252
2025-04-26 00:39:16,116 - INFO - This is log message number 9253
2025-04-26 00:39:16,117 - INFO - This is log message number 9254
2025-04-26 00:39:16,117 - INFO - This is log message number 9255
2025-04-26 00:39:16,117 - INFO - This is log message number 9256
2025-04-26 00:39:16,117 - INFO - This is log message number 9257
2025-04-26 00:39:16,117 - INFO - This is log message number 9258
2025-04-26 00:39:16,117 - INFO - This is log message number 9259
2025-04-26 00:39:16,118 - INFO - This is log message number 9260
2025-04-26 00:39:16,118 - INFO - This is log message number 9261
2025-04-26 00:39:16,118 - INFO - This is log message number 9262
2025-04-26 00:39:16,118 - INFO - This is log message number 9263
2025-04-26 00:39:16,118 - INFO - This is log message number 9264
2025-04-26 00:39:16,118 - INFO - This is log message number 9265
2025-04-26 00:39:16,119 - INFO - This is log message number 9266
2025-04-26 00:39:16,119 - INFO - This is log message number 9267
2025-04-26 00:39:16,119 - INFO - This is log message number 9268
2025-04-26 00:39:16,120 - INFO - This is log message number 9269
2025-04-26 00:39:16,120 - INFO - This is log message number 9270
2025-04-26 00:39:16,120 - INFO - This is log message number 9271
2025-04-26 00:39:16,120 - INFO - This is log message number 9272
2025-04-26 00:39:16,121 - INFO - This is log message number 9273
2025-04-26 00:39:16,121 - INFO - This is log message number 9274
2025-04-26 00:39:16,121 - INFO - This is log message number 9275
2025-04-26 00:39:16,121 - INFO - This is log message number 9276
2025-04-26 00:39:16,122 - INFO - This is log message number 9277
2025-04-26 00:39:16,122 - INFO - This is log message number 9278
2025-04-26 00:39:16,122 - INFO - This is log message number 9279
2025-04-26 00:39:16,122 - INFO - This is log message number 9280
2025-04-26 00:39:16,122 - INFO - This is log message number 9281
2025-04-26 00:39:16,122 - INFO - This is log message number 9282
2025-04-26 00:39:16,122 - INFO - This is log message number 9283
2025-04-26 00:39:16,124 - INFO - This is log message number 9284
2025-04-26 00:39:16,124 - INFO - This is log message number 9285
2025-04-26 00:39:16,124 - INFO - This is log message number 9286
2025-04-26 00:39:16,124 - INFO - This is log message number 9287
2025-04-26 00:39:16,124 - INFO - This is log message number 9288
2025-04-26 00:39:16,124 - INFO - This is log message number 9289
2025-04-26 00:39:16,125 - INFO - This is log message number 9290
2025-04-26 00:39:16,125 - INFO - This is log message number 9291
2025-04-26 00:39:16,125 - INFO - This is log message number 9292
2025-04-26 00:39:16,125 - INFO - This is log message number 9293
2025-04-26 00:39:16,125 - INFO - This is log message number 9294
2025-04-26 00:39:16,125 - INFO - This is log message number 9295
2025-04-26 00:39:16,126 - INFO - This is log message number 9296
2025-04-26 00:39:16,126 - INFO - This is log message number 9297
2025-04-26 00:39:16,126 - INFO - This is log message number 9298
2025-04-26 00:39:16,126 - INFO - This is log message number 9299
2025-04-26 00:39:16,126 - INFO - This is log message number 9300
2025-04-26 00:39:16,126 - INFO - This is log message number 9301
2025-04-26 00:39:16,126 - INFO - This is log message number 9302
2025-04-26 00:39:16,127 - INFO - This is log message number 9303
2025-04-26 00:39:16,127 - INFO - This is log message number 9304
2025-04-26 00:39:16,127 - INFO - This is log message number 9305
2025-04-26 00:39:16,127 - INFO - This is log message number 9306
2025-04-26 00:39:16,127 - INFO - This is log message number 9307
2025-04-26 00:39:16,127 - INFO - This is log message number 9308
2025-04-26 00:39:16,127 - INFO - This is log message number 9309
2025-04-26 00:39:16,128 - INFO - This is log message number 9310
2025-04-26 00:39:16,128 - INFO - This is log message number 9311
2025-04-26 00:39:16,128 - INFO - This is log message number 9312
2025-04-26 00:39:16,128 - INFO - This is log message number 9313
2025-04-26 00:39:16,128 - INFO - This is log message number 9314
2025-04-26 00:39:16,129 - INFO - This is log message number 9315
2025-04-26 00:39:16,129 - INFO - This is log message number 9316
2025-04-26 00:39:16,129 - INFO - This is log message number 9317
2025-04-26 00:39:16,129 - INFO - This is log message number 9318
2025-04-26 00:39:16,129 - INFO - This is log message number 9319
2025-04-26 00:39:16,130 - INFO - This is log message number 9320
2025-04-26 00:39:16,130 - INFO - This is log message number 9321
2025-04-26 00:39:16,130 - INFO - This is log message number 9322
2025-04-26 00:39:16,130 - INFO - This is log message number 9323
2025-04-26 00:39:16,130 - INFO - This is log message number 9324
2025-04-26 00:39:16,131 - INFO - This is log message number 9325
2025-04-26 00:39:16,131 - INFO - This is log message number 9326
2025-04-26 00:39:16,131 - INFO - This is log message number 9327
2025-04-26 00:39:16,131 - INFO - This is log message number 9328
2025-04-26 00:39:16,131 - INFO - This is log message number 9329
2025-04-26 00:39:16,131 - INFO - This is log message number 9330
2025-04-26 00:39:16,132 - INFO - This is log message number 9331
2025-04-26 00:39:16,132 - INFO - This is log message number 9332
2025-04-26 00:39:16,132 - INFO - This is log message number 9333
2025-04-26 00:39:16,132 - INFO - This is log message number 9334
2025-04-26 00:39:16,132 - INFO - This is log message number 9335
2025-04-26 00:39:16,133 - INFO - This is log message number 9336
2025-04-26 00:39:16,133 - INFO - This is log message number 9337
2025-04-26 00:39:16,133 - INFO - This is log message number 9338
2025-04-26 00:39:16,133 - INFO - This is log message number 9339
2025-04-26 00:39:16,133 - INFO - This is log message number 9340
2025-04-26 00:39:16,134 - INFO - This is log message number 9341
2025-04-26 00:39:16,134 - INFO - This is log message number 9342
2025-04-26 00:39:16,134 - INFO - This is log message number 9343
2025-04-26 00:39:16,134 - INFO - This is log message number 9344
2025-04-26 00:39:16,134 - INFO - This is log message number 9345
2025-04-26 00:39:16,134 - INFO - This is log message number 9346
2025-04-26 00:39:16,136 - INFO - This is log message number 9347
2025-04-26 00:39:16,136 - INFO - This is log message number 9348
2025-04-26 00:39:16,136 - INFO - This is log message number 9349
2025-04-26 00:39:16,137 - INFO - This is log message number 9350
2025-04-26 00:39:16,137 - INFO - This is log message number 9351
2025-04-26 00:39:16,137 - INFO - This is log message number 9352
2025-04-26 00:39:16,137 - INFO - This is log message number 9353
2025-04-26 00:39:16,138 - INFO - This is log message number 9354
2025-04-26 00:39:16,138 - INFO - This is log message number 9355
2025-04-26 00:39:16,138 - INFO - This is log message number 9356
2025-04-26 00:39:16,138 - INFO - This is log message number 9357
2025-04-26 00:39:16,138 - INFO - This is log message number 9358
2025-04-26 00:39:16,138 - INFO - This is log message number 9359
2025-04-26 00:39:16,139 - INFO - This is log message number 9360
2025-04-26 00:39:16,139 - INFO - This is log message number 9361
2025-04-26 00:39:16,139 - INFO - This is log message number 9362
2025-04-26 00:39:16,139 - INFO - This is log message number 9363
2025-04-26 00:39:16,139 - INFO - This is log message number 9364
2025-04-26 00:39:16,140 - INFO - This is log message number 9365
2025-04-26 00:39:16,140 - INFO - This is log message number 9366
2025-04-26 00:39:16,140 - INFO - This is log message number 9367
2025-04-26 00:39:16,140 - INFO - This is log message number 9368
2025-04-26 00:39:16,141 - INFO - This is log message number 9369
2025-04-26 00:39:16,141 - INFO - This is log message number 9370
2025-04-26 00:39:16,141 - INFO - This is log message number 9371
2025-04-26 00:39:16,141 - INFO - This is log message number 9372
2025-04-26 00:39:16,141 - INFO - This is log message number 9373
2025-04-26 00:39:16,142 - INFO - This is log message number 9374
2025-04-26 00:39:16,142 - INFO - This is log message number 9375
2025-04-26 00:39:16,142 - INFO - This is log message number 9376
2025-04-26 00:39:16,142 - INFO - This is log message number 9377
2025-04-26 00:39:16,142 - INFO - This is log message number 9378
2025-04-26 00:39:16,142 - INFO - This is log message number 9379
2025-04-26 00:39:16,143 - INFO - This is log message number 9380
2025-04-26 00:39:16,143 - INFO - This is log message number 9381
2025-04-26 00:39:16,143 - INFO - This is log message number 9382
2025-04-26 00:39:16,143 - INFO - This is log message number 9383
2025-04-26 00:39:16,143 - INFO - This is log message number 9384
2025-04-26 00:39:16,143 - INFO - This is log message number 9385
2025-04-26 00:39:16,143 - INFO - This is log message number 9386
2025-04-26 00:39:16,144 - INFO - This is log message number 9387
2025-04-26 00:39:16,144 - INFO - This is log message number 9388
2025-04-26 00:39:16,144 - INFO - This is log message number 9389
2025-04-26 00:39:16,144 - INFO - This is log message number 9390
2025-04-26 00:39:16,144 - INFO - This is log message number 9391
2025-04-26 00:39:16,144 - INFO - This is log message number 9392
2025-04-26 00:39:16,144 - INFO - This is log message number 9393
2025-04-26 00:39:16,145 - INFO - This is log message number 9394
2025-04-26 00:39:16,145 - INFO - This is log message number 9395
2025-04-26 00:39:16,145 - INFO - This is log message number 9396
2025-04-26 00:39:16,145 - INFO - This is log message number 9397
2025-04-26 00:39:16,145 - INFO - This is log message number 9398
2025-04-26 00:39:16,145 - INFO - This is log message number 9399
2025-04-26 00:39:16,145 - INFO - This is log message number 9400
2025-04-26 00:39:16,146 - INFO - This is log message number 9401
2025-04-26 00:39:16,146 - INFO - This is log message number 9402
2025-04-26 00:39:16,146 - INFO - This is log message number 9403
2025-04-26 00:39:16,146 - INFO - This is log message number 9404
2025-04-26 00:39:16,146 - INFO - This is log message number 9405
2025-04-26 00:39:16,146 - INFO - This is log message number 9406
2025-04-26 00:39:16,146 - INFO - This is log message number 9407
2025-04-26 00:39:16,147 - INFO - This is log message number 9408
2025-04-26 00:39:16,147 - INFO - This is log message number 9409
2025-04-26 00:39:16,147 - INFO - This is log message number 9410
2025-04-26 00:39:16,147 - INFO - This is log message number 9411
2025-04-26 00:39:16,147 - INFO - This is log message number 9412
2025-04-26 00:39:16,147 - INFO - This is log message number 9413
2025-04-26 00:39:16,147 - INFO - This is log message number 9414
2025-04-26 00:39:16,149 - INFO - This is log message number 9415
2025-04-26 00:39:16,149 - INFO - This is log message number 9416
2025-04-26 00:39:16,149 - INFO - This is log message number 9417
2025-04-26 00:39:16,149 - INFO - This is log message number 9418
2025-04-26 00:39:16,149 - INFO - This is log message number 9419
2025-04-26 00:39:16,149 - INFO - This is log message number 9420
2025-04-26 00:39:16,150 - INFO - This is log message number 9421
2025-04-26 00:39:16,150 - INFO - This is log message number 9422
2025-04-26 00:39:16,150 - INFO - This is log message number 9423
2025-04-26 00:39:16,150 - INFO - This is log message number 9424
2025-04-26 00:39:16,150 - INFO - This is log message number 9425
2025-04-26 00:39:16,150 - INFO - This is log message number 9426
2025-04-26 00:39:16,150 - INFO - This is log message number 9427
2025-04-26 00:39:16,151 - INFO - This is log message number 9428
2025-04-26 00:39:16,151 - INFO - This is log message number 9429
2025-04-26 00:39:16,151 - INFO - This is log message number 9430
2025-04-26 00:39:16,151 - INFO - This is log message number 9431
2025-04-26 00:39:16,151 - INFO - This is log message number 9432
2025-04-26 00:39:16,152 - INFO - This is log message number 9433
2025-04-26 00:39:16,152 - INFO - This is log message number 9434
2025-04-26 00:39:16,152 - INFO - This is log message number 9435
2025-04-26 00:39:16,152 - INFO - This is log message number 9436
2025-04-26 00:39:16,152 - INFO - This is log message number 9437
2025-04-26 00:39:16,152 - INFO - This is log message number 9438
2025-04-26 00:39:16,153 - INFO - This is log message number 9439
2025-04-26 00:39:16,153 - INFO - This is log message number 9440
2025-04-26 00:39:16,153 - INFO - This is log message number 9441
2025-04-26 00:39:16,153 - INFO - This is log message number 9442
2025-04-26 00:39:16,154 - INFO - This is log message number 9443
2025-04-26 00:39:16,154 - INFO - This is log message number 9444
2025-04-26 00:39:16,154 - INFO - This is log message number 9445
2025-04-26 00:39:16,154 - INFO - This is log message number 9446
2025-04-26 00:39:16,155 - INFO - This is log message number 9447
2025-04-26 00:39:16,155 - INFO - This is log message number 9448
2025-04-26 00:39:16,155 - INFO - This is log message number 9449
2025-04-26 00:39:16,155 - INFO - This is log message number 9450
2025-04-26 00:39:16,155 - INFO - This is log message number 9451
2025-04-26 00:39:16,156 - INFO - This is log message number 9452
2025-04-26 00:39:16,156 - INFO - This is log message number 9453
2025-04-26 00:39:16,156 - INFO - This is log message number 9454
2025-04-26 00:39:16,156 - INFO - This is log message number 9455
2025-04-26 00:39:16,156 - INFO - This is log message number 9456
2025-04-26 00:39:16,156 - INFO - This is log message number 9457
2025-04-26 00:39:16,157 - INFO - This is log message number 9458
2025-04-26 00:39:16,157 - INFO - This is log message number 9459
2025-04-26 00:39:16,157 - INFO - This is log message number 9460
2025-04-26 00:39:16,157 - INFO - This is log message number 9461
2025-04-26 00:39:16,157 - INFO - This is log message number 9462
2025-04-26 00:39:16,158 - INFO - This is log message number 9463
2025-04-26 00:39:16,158 - INFO - This is log message number 9464
2025-04-26 00:39:16,158 - INFO - This is log message number 9465
2025-04-26 00:39:16,158 - INFO - This is log message number 9466
2025-04-26 00:39:16,158 - INFO - This is log message number 9467
2025-04-26 00:39:16,158 - INFO - This is log message number 9468
2025-04-26 00:39:16,158 - INFO - This is log message number 9469
2025-04-26 00:39:16,159 - INFO - This is log message number 9470
2025-04-26 00:39:16,159 - INFO - This is log message number 9471
2025-04-26 00:39:16,159 - INFO - This is log message number 9472
2025-04-26 00:39:16,159 - INFO - This is log message number 9473
2025-04-26 00:39:16,159 - INFO - This is log message number 9474
2025-04-26 00:39:16,160 - INFO - This is log message number 9475
2025-04-26 00:39:16,160 - INFO - This is log message number 9476
2025-04-26 00:39:16,160 - INFO - This is log message number 9477
2025-04-26 00:39:16,160 - INFO - This is log message number 9478
2025-04-26 00:39:16,160 - INFO - This is log message number 9479
2025-04-26 00:39:16,160 - INFO - This is log message number 9480
2025-04-26 00:39:16,161 - INFO - This is log message number 9481
2025-04-26 00:39:16,161 - INFO - This is log message number 9482
2025-04-26 00:39:16,161 - INFO - This is log message number 9483
2025-04-26 00:39:16,161 - INFO - This is log message number 9484
2025-04-26 00:39:16,161 - INFO - This is log message number 9485
2025-04-26 00:39:16,161 - INFO - This is log message number 9486
2025-04-26 00:39:16,161 - INFO - This is log message number 9487
2025-04-26 00:39:16,162 - INFO - This is log message number 9488
2025-04-26 00:39:16,162 - INFO - This is log message number 9489
2025-04-26 00:39:16,162 - INFO - This is log message number 9490
2025-04-26 00:39:16,162 - INFO - This is log message number 9491
2025-04-26 00:39:16,162 - INFO - This is log message number 9492
2025-04-26 00:39:16,162 - INFO - This is log message number 9493
2025-04-26 00:39:16,162 - INFO - This is log message number 9494
2025-04-26 00:39:16,164 - INFO - This is log message number 9495
2025-04-26 00:39:16,164 - INFO - This is log message number 9496
2025-04-26 00:39:16,164 - INFO - This is log message number 9497
2025-04-26 00:39:16,164 - INFO - This is log message number 9498
2025-04-26 00:39:16,164 - INFO - This is log message number 9499
2025-04-26 00:39:16,164 - INFO - This is log message number 9500
2025-04-26 00:39:16,165 - INFO - This is log message number 9501
2025-04-26 00:39:16,165 - INFO - This is log message number 9502
2025-04-26 00:39:16,165 - INFO - This is log message number 9503
2025-04-26 00:39:16,165 - INFO - This is log message number 9504
2025-04-26 00:39:16,165 - INFO - This is log message number 9505
2025-04-26 00:39:16,165 - INFO - This is log message number 9506
2025-04-26 00:39:16,166 - INFO - This is log message number 9507
2025-04-26 00:39:16,166 - INFO - This is log message number 9508
2025-04-26 00:39:16,166 - INFO - This is log message number 9509
2025-04-26 00:39:16,166 - INFO - This is log message number 9510
2025-04-26 00:39:16,166 - INFO - This is log message number 9511
2025-04-26 00:39:16,166 - INFO - This is log message number 9512
2025-04-26 00:39:16,167 - INFO - This is log message number 9513
2025-04-26 00:39:16,167 - INFO - This is log message number 9514
2025-04-26 00:39:16,167 - INFO - This is log message number 9515
2025-04-26 00:39:16,167 - INFO - This is log message number 9516
2025-04-26 00:39:16,167 - INFO - This is log message number 9517
2025-04-26 00:39:16,168 - INFO - This is log message number 9518
2025-04-26 00:39:16,168 - INFO - This is log message number 9519
2025-04-26 00:39:16,168 - INFO - This is log message number 9520
2025-04-26 00:39:16,168 - INFO - This is log message number 9521
2025-04-26 00:39:16,168 - INFO - This is log message number 9522
2025-04-26 00:39:16,168 - INFO - This is log message number 9523
2025-04-26 00:39:16,169 - INFO - This is log message number 9524
2025-04-26 00:39:16,169 - INFO - This is log message number 9525
2025-04-26 00:39:16,169 - INFO - This is log message number 9526
2025-04-26 00:39:16,169 - INFO - This is log message number 9527
2025-04-26 00:39:16,170 - INFO - This is log message number 9528
2025-04-26 00:39:16,170 - INFO - This is log message number 9529
2025-04-26 00:39:16,170 - INFO - This is log message number 9530
2025-04-26 00:39:16,170 - INFO - This is log message number 9531
2025-04-26 00:39:16,170 - INFO - This is log message number 9532
2025-04-26 00:39:16,171 - INFO - This is log message number 9533
2025-04-26 00:39:16,171 - INFO - This is log message number 9534
2025-04-26 00:39:16,171 - INFO - This is log message number 9535
2025-04-26 00:39:16,171 - INFO - This is log message number 9536
2025-04-26 00:39:16,171 - INFO - This is log message number 9537
2025-04-26 00:39:16,171 - INFO - This is log message number 9538
2025-04-26 00:39:16,171 - INFO - This is log message number 9539
2025-04-26 00:39:16,173 - INFO - This is log message number 9540
2025-04-26 00:39:16,173 - INFO - This is log message number 9541
2025-04-26 00:39:16,173 - INFO - This is log message number 9542
2025-04-26 00:39:16,173 - INFO - This is log message number 9543
2025-04-26 00:39:16,173 - INFO - This is log message number 9544
2025-04-26 00:39:16,173 - INFO - This is log message number 9545
2025-04-26 00:39:16,174 - INFO - This is log message number 9546
2025-04-26 00:39:16,174 - INFO - This is log message number 9547
2025-04-26 00:39:16,174 - INFO - This is log message number 9548
2025-04-26 00:39:16,174 - INFO - This is log message number 9549
2025-04-26 00:39:16,174 - INFO - This is log message number 9550
2025-04-26 00:39:16,174 - INFO - This is log message number 9551
2025-04-26 00:39:16,175 - INFO - This is log message number 9552
2025-04-26 00:39:16,175 - INFO - This is log message number 9553
2025-04-26 00:39:16,175 - INFO - This is log message number 9554
2025-04-26 00:39:16,175 - INFO - This is log message number 9555
2025-04-26 00:39:16,175 - INFO - This is log message number 9556
2025-04-26 00:39:16,175 - INFO - This is log message number 9557
2025-04-26 00:39:16,176 - INFO - This is log message number 9558
2025-04-26 00:39:16,176 - INFO - This is log message number 9559
2025-04-26 00:39:16,176 - INFO - This is log message number 9560
2025-04-26 00:39:16,176 - INFO - This is log message number 9561
2025-04-26 00:39:16,176 - INFO - This is log message number 9562
2025-04-26 00:39:16,177 - INFO - This is log message number 9563
2025-04-26 00:39:16,177 - INFO - This is log message number 9564
2025-04-26 00:39:16,177 - INFO - This is log message number 9565
2025-04-26 00:39:16,177 - INFO - This is log message number 9566
2025-04-26 00:39:16,177 - INFO - This is log message number 9567
2025-04-26 00:39:16,178 - INFO - This is log message number 9568
2025-04-26 00:39:16,178 - INFO - This is log message number 9569
2025-04-26 00:39:16,178 - INFO - This is log message number 9570
2025-04-26 00:39:16,178 - INFO - This is log message number 9571
2025-04-26 00:39:16,178 - INFO - This is log message number 9572
2025-04-26 00:39:16,179 - INFO - This is log message number 9573
2025-04-26 00:39:16,179 - INFO - This is log message number 9574
2025-04-26 00:39:16,179 - INFO - This is log message number 9575
2025-04-26 00:39:16,179 - INFO - This is log message number 9576
2025-04-26 00:39:16,179 - INFO - This is log message number 9577
2025-04-26 00:39:16,179 - INFO - This is log message number 9578
2025-04-26 00:39:16,179 - INFO - This is log message number 9579
2025-04-26 00:39:16,180 - INFO - This is log message number 9580
2025-04-26 00:39:16,180 - INFO - This is log message number 9581
2025-04-26 00:39:16,180 - INFO - This is log message number 9582
2025-04-26 00:39:16,180 - INFO - This is log message number 9583
2025-04-26 00:39:16,180 - INFO - This is log message number 9584
2025-04-26 00:39:16,181 - INFO - This is log message number 9585
2025-04-26 00:39:16,181 - INFO - This is log message number 9586
2025-04-26 00:39:16,181 - INFO - This is log message number 9587
2025-04-26 00:39:16,181 - INFO - This is log message number 9588
2025-04-26 00:39:16,181 - INFO - This is log message number 9589
2025-04-26 00:39:16,182 - INFO - This is log message number 9590
2025-04-26 00:39:16,182 - INFO - This is log message number 9591
2025-04-26 00:39:16,182 - INFO - This is log message number 9592
2025-04-26 00:39:16,182 - INFO - This is log message number 9593
2025-04-26 00:39:16,182 - INFO - This is log message number 9594
2025-04-26 00:39:16,182 - INFO - This is log message number 9595
2025-04-26 00:39:16,183 - INFO - This is log message number 9596
2025-04-26 00:39:16,183 - INFO - This is log message number 9597
2025-04-26 00:39:16,183 - INFO - This is log message number 9598
2025-04-26 00:39:16,183 - INFO - This is log message number 9599
2025-04-26 00:39:16,183 - INFO - This is log message number 9600
2025-04-26 00:39:16,183 - INFO - This is log message number 9601
2025-04-26 00:39:16,184 - INFO - This is log message number 9602
2025-04-26 00:39:16,184 - INFO - This is log message number 9603
2025-04-26 00:39:16,184 - INFO - This is log message number 9604
2025-04-26 00:39:16,184 - INFO - This is log message number 9605
2025-04-26 00:39:16,184 - INFO - This is log message number 9606
2025-04-26 00:39:16,184 - INFO - This is log message number 9607
2025-04-26 00:39:16,185 - INFO - This is log message number 9608
2025-04-26 00:39:16,185 - INFO - This is log message number 9609
2025-04-26 00:39:16,185 - INFO - This is log message number 9610
2025-04-26 00:39:16,185 - INFO - This is log message number 9611
2025-04-26 00:39:16,185 - INFO - This is log message number 9612
2025-04-26 00:39:16,185 - INFO - This is log message number 9613
2025-04-26 00:39:16,185 - INFO - This is log message number 9614
2025-04-26 00:39:16,187 - INFO - This is log message number 9615
2025-04-26 00:39:16,187 - INFO - This is log message number 9616
2025-04-26 00:39:16,187 - INFO - This is log message number 9617
2025-04-26 00:39:16,187 - INFO - This is log message number 9618
2025-04-26 00:39:16,188 - INFO - This is log message number 9619
2025-04-26 00:39:16,188 - INFO - This is log message number 9620
2025-04-26 00:39:16,188 - INFO - This is log message number 9621
2025-04-26 00:39:16,188 - INFO - This is log message number 9622
2025-04-26 00:39:16,188 - INFO - This is log message number 9623
2025-04-26 00:39:16,188 - INFO - This is log message number 9624
2025-04-26 00:39:16,188 - INFO - This is log message number 9625
2025-04-26 00:39:16,189 - INFO - This is log message number 9626
2025-04-26 00:39:16,189 - INFO - This is log message number 9627
2025-04-26 00:39:16,189 - INFO - This is log message number 9628
2025-04-26 00:39:16,189 - INFO - This is log message number 9629
2025-04-26 00:39:16,189 - INFO - This is log message number 9630
2025-04-26 00:39:16,189 - INFO - This is log message number 9631
2025-04-26 00:39:16,190 - INFO - This is log message number 9632
2025-04-26 00:39:16,190 - INFO - This is log message number 9633
2025-04-26 00:39:16,190 - INFO - This is log message number 9634
2025-04-26 00:39:16,190 - INFO - This is log message number 9635
2025-04-26 00:39:16,190 - INFO - This is log message number 9636
2025-04-26 00:39:16,190 - INFO - This is log message number 9637
2025-04-26 00:39:16,190 - INFO - This is log message number 9638
2025-04-26 00:39:16,191 - INFO - This is log message number 9639
2025-04-26 00:39:16,191 - INFO - This is log message number 9640
2025-04-26 00:39:16,191 - INFO - This is log message number 9641
2025-04-26 00:39:16,191 - INFO - This is log message number 9642
2025-04-26 00:39:16,191 - INFO - This is log message number 9643
2025-04-26 00:39:16,192 - INFO - This is log message number 9644
2025-04-26 00:39:16,192 - INFO - This is log message number 9645
2025-04-26 00:39:16,192 - INFO - This is log message number 9646
2025-04-26 00:39:16,192 - INFO - This is log message number 9647
2025-04-26 00:39:16,192 - INFO - This is log message number 9648
2025-04-26 00:39:16,192 - INFO - This is log message number 9649
2025-04-26 00:39:16,193 - INFO - This is log message number 9650
2025-04-26 00:39:16,193 - INFO - This is log message number 9651
2025-04-26 00:39:16,193 - INFO - This is log message number 9652
2025-04-26 00:39:16,193 - INFO - This is log message number 9653
2025-04-26 00:39:16,193 - INFO - This is log message number 9654
2025-04-26 00:39:16,193 - INFO - This is log message number 9655
2025-04-26 00:39:16,193 - INFO - This is log message number 9656
2025-04-26 00:39:16,194 - INFO - This is log message number 9657
2025-04-26 00:39:16,194 - INFO - This is log message number 9658
2025-04-26 00:39:16,194 - INFO - This is log message number 9659
2025-04-26 00:39:16,194 - INFO - This is log message number 9660
2025-04-26 00:39:16,194 - INFO - This is log message number 9661
2025-04-26 00:39:16,194 - INFO - This is log message number 9662
2025-04-26 00:39:16,195 - INFO - This is log message number 9663
2025-04-26 00:39:16,195 - INFO - This is log message number 9664
2025-04-26 00:39:16,195 - INFO - This is log message number 9665
2025-04-26 00:39:16,195 - INFO - This is log message number 9666
2025-04-26 00:39:16,195 - INFO - This is log message number 9667
2025-04-26 00:39:16,196 - INFO - This is log message number 9668
2025-04-26 00:39:16,196 - INFO - This is log message number 9669
2025-04-26 00:39:16,196 - INFO - This is log message number 9670
2025-04-26 00:39:16,196 - INFO - This is log message number 9671
2025-04-26 00:39:16,196 - INFO - This is log message number 9672
2025-04-26 00:39:16,196 - INFO - This is log message number 9673
2025-04-26 00:39:16,197 - INFO - This is log message number 9674
2025-04-26 00:39:16,197 - INFO - This is log message number 9675
2025-04-26 00:39:16,197 - INFO - This is log message number 9676
2025-04-26 00:39:16,197 - INFO - This is log message number 9677
2025-04-26 00:39:16,197 - INFO - This is log message number 9678
2025-04-26 00:39:16,197 - INFO - This is log message number 9679
2025-04-26 00:39:16,197 - INFO - This is log message number 9680
2025-04-26 00:39:16,199 - INFO - This is log message number 9681
2025-04-26 00:39:16,199 - INFO - This is log message number 9682
2025-04-26 00:39:16,199 - INFO - This is log message number 9683
2025-04-26 00:39:16,199 - INFO - This is log message number 9684
2025-04-26 00:39:16,199 - INFO - This is log message number 9685
2025-04-26 00:39:16,200 - INFO - This is log message number 9686
2025-04-26 00:39:16,200 - INFO - This is log message number 9687
2025-04-26 00:39:16,200 - INFO - This is log message number 9688
2025-04-26 00:39:16,200 - INFO - This is log message number 9689
2025-04-26 00:39:16,200 - INFO - This is log message number 9690
2025-04-26 00:39:16,201 - INFO - This is log message number 9691
2025-04-26 00:39:16,201 - INFO - This is log message number 9692
2025-04-26 00:39:16,201 - INFO - This is log message number 9693
2025-04-26 00:39:16,201 - INFO - This is log message number 9694
2025-04-26 00:39:16,201 - INFO - This is log message number 9695
2025-04-26 00:39:16,201 - INFO - This is log message number 9696
2025-04-26 00:39:16,201 - INFO - This is log message number 9697
2025-04-26 00:39:16,202 - INFO - This is log message number 9698
2025-04-26 00:39:16,202 - INFO - This is log message number 9699
2025-04-26 00:39:16,202 - INFO - This is log message number 9700
2025-04-26 00:39:16,202 - INFO - This is log message number 9701
2025-04-26 00:39:16,202 - INFO - This is log message number 9702
2025-04-26 00:39:16,203 - INFO - This is log message number 9703
2025-04-26 00:39:16,203 - INFO - This is log message number 9704
2025-04-26 00:39:16,203 - INFO - This is log message number 9705
2025-04-26 00:39:16,203 - INFO - This is log message number 9706
2025-04-26 00:39:16,204 - INFO - This is log message number 9707
2025-04-26 00:39:16,204 - INFO - This is log message number 9708
2025-04-26 00:39:16,204 - INFO - This is log message number 9709
2025-04-26 00:39:16,204 - INFO - This is log message number 9710
2025-04-26 00:39:16,204 - INFO - This is log message number 9711
2025-04-26 00:39:16,205 - INFO - This is log message number 9712
2025-04-26 00:39:16,205 - INFO - This is log message number 9713
2025-04-26 00:39:16,205 - INFO - This is log message number 9714
2025-04-26 00:39:16,205 - INFO - This is log message number 9715
2025-04-26 00:39:16,205 - INFO - This is log message number 9716
2025-04-26 00:39:16,205 - INFO - This is log message number 9717
2025-04-26 00:39:16,206 - INFO - This is log message number 9718
2025-04-26 00:39:16,206 - INFO - This is log message number 9719
2025-04-26 00:39:16,206 - INFO - This is log message number 9720
2025-04-26 00:39:16,206 - INFO - This is log message number 9721
2025-04-26 00:39:16,207 - INFO - This is log message number 9722
2025-04-26 00:39:16,207 - INFO - This is log message number 9723
2025-04-26 00:39:16,207 - INFO - This is log message number 9724
2025-04-26 00:39:16,207 - INFO - This is log message number 9725
2025-04-26 00:39:16,208 - INFO - This is log message number 9726
2025-04-26 00:39:16,208 - INFO - This is log message number 9727
2025-04-26 00:39:16,208 - INFO - This is log message number 9728
2025-04-26 00:39:16,208 - INFO - This is log message number 9729
2025-04-26 00:39:16,208 - INFO - This is log message number 9730
2025-04-26 00:39:16,209 - INFO - This is log message number 9731
2025-04-26 00:39:16,209 - INFO - This is log message number 9732
2025-04-26 00:39:16,209 - INFO - This is log message number 9733
2025-04-26 00:39:16,209 - INFO - This is log message number 9734
2025-04-26 00:39:16,209 - INFO - This is log message number 9735
2025-04-26 00:39:16,210 - INFO - This is log message number 9736
2025-04-26 00:39:16,210 - INFO - This is log message number 9737
2025-04-26 00:39:16,210 - INFO - This is log message number 9738
2025-04-26 00:39:16,210 - INFO - This is log message number 9739
2025-04-26 00:39:16,210 - INFO - This is log message number 9740
2025-04-26 00:39:16,211 - INFO - This is log message number 9741
2025-04-26 00:39:16,211 - INFO - This is log message number 9742
2025-04-26 00:39:16,211 - INFO - This is log message number 9743
2025-04-26 00:39:16,211 - INFO - This is log message number 9744
2025-04-26 00:39:16,211 - INFO - This is log message number 9745
2025-04-26 00:39:16,211 - INFO - This is log message number 9746
2025-04-26 00:39:16,212 - INFO - This is log message number 9747
2025-04-26 00:39:16,212 - INFO - This is log message number 9748
2025-04-26 00:39:16,212 - INFO - This is log message number 9749
2025-04-26 00:39:16,212 - INFO - This is log message number 9750
2025-04-26 00:39:16,212 - INFO - This is log message number 9751
2025-04-26 00:39:16,212 - INFO - This is log message number 9752
2025-04-26 00:39:16,213 - INFO - This is log message number 9753
2025-04-26 00:39:16,213 - INFO - This is log message number 9754
2025-04-26 00:39:16,213 - INFO - This is log message number 9755
2025-04-26 00:39:16,213 - INFO - This is log message number 9756
2025-04-26 00:39:16,213 - INFO - This is log message number 9757
2025-04-26 00:39:16,215 - INFO - This is log message number 9758
2025-04-26 00:39:16,215 - INFO - This is log message number 9759
2025-04-26 00:39:16,215 - INFO - This is log message number 9760
2025-04-26 00:39:16,215 - INFO - This is log message number 9761
2025-04-26 00:39:16,215 - INFO - This is log message number 9762
2025-04-26 00:39:16,216 - INFO - This is log message number 9763
2025-04-26 00:39:16,216 - INFO - This is log message number 9764
2025-04-26 00:39:16,216 - INFO - This is log message number 9765
2025-04-26 00:39:16,216 - INFO - This is log message number 9766
2025-04-26 00:39:16,216 - INFO - This is log message number 9767
2025-04-26 00:39:16,217 - INFO - This is log message number 9768
2025-04-26 00:39:16,217 - INFO - This is log message number 9769
2025-04-26 00:39:16,217 - INFO - This is log message number 9770
2025-04-26 00:39:16,217 - INFO - This is log message number 9771
2025-04-26 00:39:16,217 - INFO - This is log message number 9772
2025-04-26 00:39:16,217 - INFO - This is log message number 9773
2025-04-26 00:39:16,218 - INFO - This is log message number 9774
2025-04-26 00:39:16,218 - INFO - This is log message number 9775
2025-04-26 00:39:16,218 - INFO - This is log message number 9776
2025-04-26 00:39:16,218 - INFO - This is log message number 9777
2025-04-26 00:39:16,218 - INFO - This is log message number 9778
2025-04-26 00:39:16,219 - INFO - This is log message number 9779
2025-04-26 00:39:16,219 - INFO - This is log message number 9780
2025-04-26 00:39:16,219 - INFO - This is log message number 9781
2025-04-26 00:39:16,219 - INFO - This is log message number 9782
2025-04-26 00:39:16,220 - INFO - This is log message number 9783
2025-04-26 00:39:16,220 - INFO - This is log message number 9784
2025-04-26 00:39:16,220 - INFO - This is log message number 9785
2025-04-26 00:39:16,220 - INFO - This is log message number 9786
2025-04-26 00:39:16,221 - INFO - This is log message number 9787
2025-04-26 00:39:16,221 - INFO - This is log message number 9788
2025-04-26 00:39:16,221 - INFO - This is log message number 9789
2025-04-26 00:39:16,221 - INFO - This is log message number 9790
2025-04-26 00:39:16,222 - INFO - This is log message number 9791
2025-04-26 00:39:16,222 - INFO - This is log message number 9792
2025-04-26 00:39:16,222 - INFO - This is log message number 9793
2025-04-26 00:39:16,222 - INFO - This is log message number 9794
2025-04-26 00:39:16,222 - INFO - This is log message number 9795
2025-04-26 00:39:16,222 - INFO - This is log message number 9796
2025-04-26 00:39:16,223 - INFO - This is log message number 9797
2025-04-26 00:39:16,223 - INFO - This is log message number 9798
2025-04-26 00:39:16,223 - INFO - This is log message number 9799
2025-04-26 00:39:16,223 - INFO - This is log message number 9800
2025-04-26 00:39:16,223 - INFO - This is log message number 9801
2025-04-26 00:39:16,223 - INFO - This is log message number 9802
2025-04-26 00:39:16,223 - INFO - This is log message number 9803
2025-04-26 00:39:16,224 - INFO - This is log message number 9804
2025-04-26 00:39:16,224 - INFO - This is log message number 9805
2025-04-26 00:39:16,224 - INFO - This is log message number 9806
2025-04-26 00:39:16,224 - INFO - This is log message number 9807
2025-04-26 00:39:16,224 - INFO - This is log message number 9808
2025-04-26 00:39:16,224 - INFO - This is log message number 9809
2025-04-26 00:39:16,225 - INFO - This is log message number 9810
2025-04-26 00:39:16,225 - INFO - This is log message number 9811
2025-04-26 00:39:16,225 - INFO - This is log message number 9812
2025-04-26 00:39:16,225 - INFO - This is log message number 9813
2025-04-26 00:39:16,225 - INFO - This is log message number 9814
2025-04-26 00:39:16,226 - INFO - This is log message number 9815
2025-04-26 00:39:16,226 - INFO - This is log message number 9816
2025-04-26 00:39:16,226 - INFO - This is log message number 9817
2025-04-26 00:39:16,226 - INFO - This is log message number 9818
2025-04-26 00:39:16,226 - INFO - This is log message number 9819
2025-04-26 00:39:16,226 - INFO - This is log message number 9820
2025-04-26 00:39:16,227 - INFO - This is log message number 9821
2025-04-26 00:39:16,227 - INFO - This is log message number 9822
2025-04-26 00:39:16,227 - INFO - This is log message number 9823
2025-04-26 00:39:16,227 - INFO - This is log message number 9824
2025-04-26 00:39:16,227 - INFO - This is log message number 9825
2025-04-26 00:39:16,227 - INFO - This is log message number 9826
2025-04-26 00:39:16,228 - INFO - This is log message number 9827
2025-04-26 00:39:16,228 - INFO - This is log message number 9828
2025-04-26 00:39:16,228 - INFO - This is log message number 9829
2025-04-26 00:39:16,228 - INFO - This is log message number 9830
2025-04-26 00:39:16,228 - INFO - This is log message number 9831
2025-04-26 00:39:16,229 - INFO - This is log message number 9832
2025-04-26 00:39:16,229 - INFO - This is log message number 9833
2025-04-26 00:39:16,229 - INFO - This is log message number 9834
2025-04-26 00:39:16,229 - INFO - This is log message number 9835
2025-04-26 00:39:16,229 - INFO - This is log message number 9836
2025-04-26 00:39:16,229 - INFO - This is log message number 9837
2025-04-26 00:39:16,230 - INFO - This is log message number 9838
2025-04-26 00:39:16,230 - INFO - This is log message number 9839
2025-04-26 00:39:16,230 - INFO - This is log message number 9840
2025-04-26 00:39:16,230 - INFO - This is log message number 9841
2025-04-26 00:39:16,230 - INFO - This is log message number 9842
2025-04-26 00:39:16,230 - INFO - This is log message number 9843
2025-04-26 00:39:16,231 - INFO - This is log message number 9844
2025-04-26 00:39:16,231 - INFO - This is log message number 9845
2025-04-26 00:39:16,231 - INFO - This is log message number 9846
2025-04-26 00:39:16,231 - INFO - This is log message number 9847
2025-04-26 00:39:16,231 - INFO - This is log message number 9848
2025-04-26 00:39:16,231 - INFO - This is log message number 9849
2025-04-26 00:39:16,231 - INFO - This is log message number 9850
2025-04-26 00:39:16,232 - INFO - This is log message number 9851
2025-04-26 00:39:16,232 - INFO - This is log message number 9852
2025-04-26 00:39:16,232 - INFO - This is log message number 9853
2025-04-26 00:39:16,232 - INFO - This is log message number 9854
2025-04-26 00:39:16,232 - INFO - This is log message number 9855
2025-04-26 00:39:16,233 - INFO - This is log message number 9856
2025-04-26 00:39:16,233 - INFO - This is log message number 9857
2025-04-26 00:39:16,233 - INFO - This is log message number 9858
2025-04-26 00:39:16,233 - INFO - This is log message number 9859
2025-04-26 00:39:16,233 - INFO - This is log message number 9860
2025-04-26 00:39:16,233 - INFO - This is log message number 9861
2025-04-26 00:39:16,234 - INFO - This is log message number 9862
2025-04-26 00:39:16,234 - INFO - This is log message number 9863
2025-04-26 00:39:16,234 - INFO - This is log message number 9864
2025-04-26 00:39:16,234 - INFO - This is log message number 9865
2025-04-26 00:39:16,234 - INFO - This is log message number 9866
2025-04-26 00:39:16,234 - INFO - This is log message number 9867
2025-04-26 00:39:16,234 - INFO - This is log message number 9868
2025-04-26 00:39:16,234 - INFO - This is log message number 9869
2025-04-26 00:39:16,236 - INFO - This is log message number 9870
2025-04-26 00:39:16,236 - INFO - This is log message number 9871
2025-04-26 00:39:16,236 - INFO - This is log message number 9872
2025-04-26 00:39:16,236 - INFO - This is log message number 9873
2025-04-26 00:39:16,237 - INFO - This is log message number 9874
2025-04-26 00:39:16,237 - INFO - This is log message number 9875
2025-04-26 00:39:16,237 - INFO - This is log message number 9876
2025-04-26 00:39:16,237 - INFO - This is log message number 9877
2025-04-26 00:39:16,237 - INFO - This is log message number 9878
2025-04-26 00:39:16,238 - INFO - This is log message number 9879
2025-04-26 00:39:16,238 - INFO - This is log message number 9880
2025-04-26 00:39:16,238 - INFO - This is log message number 9881
2025-04-26 00:39:16,238 - INFO - This is log message number 9882
2025-04-26 00:39:16,238 - INFO - This is log message number 9883
2025-04-26 00:39:16,238 - INFO - This is log message number 9884
2025-04-26 00:39:16,238 - INFO - This is log message number 9885
2025-04-26 00:39:16,239 - INFO - This is log message number 9886
2025-04-26 00:39:16,239 - INFO - This is log message number 9887
2025-04-26 00:39:16,239 - INFO - This is log message number 9888
2025-04-26 00:39:16,239 - INFO - This is log message number 9889
2025-04-26 00:39:16,239 - INFO - This is log message number 9890
2025-04-26 00:39:16,239 - INFO - This is log message number 9891
2025-04-26 00:39:16,240 - INFO - This is log message number 9892
2025-04-26 00:39:16,240 - INFO - This is log message number 9893
2025-04-26 00:39:16,240 - INFO - This is log message number 9894
2025-04-26 00:39:16,240 - INFO - This is log message number 9895
2025-04-26 00:39:16,240 - INFO - This is log message number 9896
2025-04-26 00:39:16,241 - INFO - This is log message number 9897
2025-04-26 00:39:16,241 - INFO - This is log message number 9898
2025-04-26 00:39:16,241 - INFO - This is log message number 9899
2025-04-26 00:39:16,241 - INFO - This is log message number 9900
2025-04-26 00:39:16,241 - INFO - This is log message number 9901
2025-04-26 00:39:16,242 - INFO - This is log message number 9902
2025-04-26 00:39:16,242 - INFO - This is log message number 9903
2025-04-26 00:39:16,242 - INFO - This is log message number 9904
2025-04-26 00:39:16,242 - INFO - This is log message number 9905
2025-04-26 00:39:16,242 - INFO - This is log message number 9906
2025-04-26 00:39:16,242 - INFO - This is log message number 9907
2025-04-26 00:39:16,243 - INFO - This is log message number 9908
2025-04-26 00:39:16,243 - INFO - This is log message number 9909
2025-04-26 00:39:16,243 - INFO - This is log message number 9910
2025-04-26 00:39:16,243 - INFO - This is log message number 9911
2025-04-26 00:39:16,243 - INFO - This is log message number 9912
2025-04-26 00:39:16,243 - INFO - This is log message number 9913
2025-04-26 00:39:16,243 - INFO - This is log message number 9914
2025-04-26 00:39:16,244 - INFO - This is log message number 9915
2025-04-26 00:39:16,244 - INFO - This is log message number 9916
2025-04-26 00:39:16,244 - INFO - This is log message number 9917
2025-04-26 00:39:16,244 - INFO - This is log message number 9918
2025-04-26 00:39:16,244 - INFO - This is log message number 9919
2025-04-26 00:39:16,244 - INFO - This is log message number 9920
2025-04-26 00:39:16,246 - INFO - This is log message number 9921
2025-04-26 00:39:16,246 - INFO - This is log message number 9922
2025-04-26 00:39:16,246 - INFO - This is log message number 9923
2025-04-26 00:39:16,246 - INFO - This is log message number 9924
2025-04-26 00:39:16,246 - INFO - This is log message number 9925
2025-04-26 00:39:16,246 - INFO - This is log message number 9926
2025-04-26 00:39:16,247 - INFO - This is log message number 9927
2025-04-26 00:39:16,247 - INFO - This is log message number 9928
2025-04-26 00:39:16,247 - INFO - This is log message number 9929
2025-04-26 00:39:16,247 - INFO - This is log message number 9930
2025-04-26 00:39:16,247 - INFO - This is log message number 9931
2025-04-26 00:39:16,248 - INFO - This is log message number 9932
2025-04-26 00:39:16,248 - INFO - This is log message number 9933
2025-04-26 00:39:16,248 - INFO - This is log message number 9934
2025-04-26 00:39:16,248 - INFO - This is log message number 9935
2025-04-26 00:39:16,248 - INFO - This is log message number 9936
2025-04-26 00:39:16,248 - INFO - This is log message number 9937
2025-04-26 00:39:16,249 - INFO - This is log message number 9938
2025-04-26 00:39:16,249 - INFO - This is log message number 9939
2025-04-26 00:39:16,249 - INFO - This is log message number 9940
2025-04-26 00:39:16,249 - INFO - This is log message number 9941
2025-04-26 00:39:16,249 - INFO - This is log message number 9942
2025-04-26 00:39:16,250 - INFO - This is log message number 9943
2025-04-26 00:39:16,250 - INFO - This is log message number 9944
2025-04-26 00:39:16,250 - INFO - This is log message number 9945
2025-04-26 00:39:16,250 - INFO - This is log message number 9946
2025-04-26 00:39:16,250 - INFO - This is log message number 9947
2025-04-26 00:39:16,251 - INFO - This is log message number 9948
2025-04-26 00:39:16,251 - INFO - This is log message number 9949
2025-04-26 00:39:16,251 - INFO - This is log message number 9950
2025-04-26 00:39:16,251 - INFO - This is log message number 9951
2025-04-26 00:39:16,251 - INFO - This is log message number 9952
2025-04-26 00:39:16,252 - INFO - This is log message number 9953
2025-04-26 00:39:16,252 - INFO - This is log message number 9954
2025-04-26 00:39:16,252 - INFO - This is log message number 9955
2025-04-26 00:39:16,252 - INFO - This is log message number 9956
2025-04-26 00:39:16,252 - INFO - This is log message number 9957
2025-04-26 00:39:16,252 - INFO - This is log message number 9958
2025-04-26 00:39:16,253 - INFO - This is log message number 9959
2025-04-26 00:39:16,253 - INFO - This is log message number 9960
2025-04-26 00:39:16,253 - INFO - This is log message number 9961
2025-04-26 00:39:16,254 - INFO - This is log message number 9962
2025-04-26 00:39:16,254 - INFO - This is log message number 9963
2025-04-26 00:39:16,254 - INFO - This is log message number 9964
2025-04-26 00:39:16,254 - INFO - This is log message number 9965
2025-04-26 00:39:16,255 - INFO - This is log message number 9966
2025-04-26 00:39:16,255 - INFO - This is log message number 9967
2025-04-26 00:39:16,255 - INFO - This is log message number 9968
2025-04-26 00:39:16,255 - INFO - This is log message number 9969
2025-04-26 00:39:16,256 - INFO - This is log message number 9970
2025-04-26 00:39:16,256 - INFO - This is log message number 9971
2025-04-26 00:39:16,256 - INFO - This is log message number 9972
2025-04-26 00:39:16,256 - INFO - This is log message number 9973
2025-04-26 00:39:16,256 - INFO - This is log message number 9974
2025-04-26 00:39:16,256 - INFO - This is log message number 9975
2025-04-26 00:39:16,257 - INFO - This is log message number 9976
2025-04-26 00:39:16,257 - INFO - This is log message number 9977
2025-04-26 00:39:16,257 - INFO - This is log message number 9978
2025-04-26 00:39:16,257 - INFO - This is log message number 9979
2025-04-26 00:39:16,257 - INFO - This is log message number 9980
2025-04-26 00:39:16,257 - INFO - This is log message number 9981
2025-04-26 00:39:16,258 - INFO - This is log message number 9982
2025-04-26 00:39:16,258 - INFO - This is log message number 9983
2025-04-26 00:39:16,258 - INFO - This is log message number 9984
2025-04-26 00:39:16,258 - INFO - This is log message number 9985
2025-04-26 00:39:16,258 - INFO - This is log message number 9986
2025-04-26 00:39:16,258 - INFO - This is log message number 9987
2025-04-26 00:39:16,259 - INFO - This is log message number 9988
2025-04-26 00:39:16,259 - INFO - This is log message number 9989
2025-04-26 00:39:16,259 - INFO - This is log message number 9990
2025-04-26 00:39:16,259 - INFO - This is log message number 9991
2025-04-26 00:39:16,259 - INFO - This is log message number 9992
2025-04-26 00:39:16,259 - INFO - This is log message number 9993
2025-04-26 00:39:16,260 - INFO - This is log message number 9994
2025-04-26 00:39:16,260 - INFO - This is log message number 9995
2025-04-26 00:39:16,260 - INFO - This is log message number 9996
2025-04-26 00:39:16,260 - INFO - This is log message number 9997
2025-04-26 00:39:16,260 - INFO - This is log message number 9998
2025-04-26 00:39:16,261 - INFO - This is log message number 9999
